submitted_at,lat,lng,item,price_inr,unit,distance_km,note
2026-06-29T19:10:00+05:30,12.968103,79.131459,auto_ride,70.0,per_ride,2.0,street quote
2026-08-06T18:40:00+05:30,12.901156,79.141884,egg_table,6.21,per_piece,,local shop
2026-06-13T18:40:00+05:30,12.933938,79.155674,egg_table,7.06,per_piece,,local shop
2026-06-01T19:10:00+05:30,12.933261,79.154833,auto_ride,49.0,per_ride,3.1,street quote
2026-06-25T18:40:00+05:30,12.93489,79.156151,egg_table,8.41,per_piece,,local shop
2026-07-08T17:20:00+05:30,12.9504,79.3305,egg_table,9.7,per_piece,,single-source zone
2026-07-08T19:10:00+05:30,12.968892,79.132692,auto_ride,80.0,per_ride,4.0,street quote
2026-07-07T19:10:00+05:30,12.906308,79.093492,auto_ride,48.0,per_ride,3.0,street quote
2026-06-07T19:10:00+05:30,12.969392,79.132326,auto_ride,80.0,per_ride,5.8,street quote
2026-07-20T18:40:00+05:30,12.899825,79.14325,egg_table,7.92,per_piece,,local shop
2026-05-26T19:10:00+05:30,12.969776,79.131364,auto_ride,74.0,per_ride,5.1,street quote
2026-05-28T12:00:00+05:30,,,tomato,31.0,per_kg,,no geotag
2026-07-19T18:40:00+05:30,12.934197,79.156712,egg_table,7.92,per_piece,,local shop
2026-06-18T18:40:00+05:30,12.900161,79.141509,egg_table,7.57,per_piece,,local shop
2026-06-01T19:10:00+05:30,12.906202,79.093572,auto_ride,62.0,per_ride,4.1,street quote
2026-06-17T18:40:00+05:30,12.90652,79.094101,egg_table,7.17,per_piece,,local shop
2026-05-22T19:10:00+05:30,12.934388,79.156683,auto_ride,53.0,per_ride,3.5,street quote
2026-05-07T19:10:00+05:30,12.970123,79.130916,auto_ride,83.0,per_ride,5.7,street quote
2026-06-13T19:10:00+05:30,12.968994,79.133272,auto_ride,100.0,per_ride,4.1,street quote
2026-08-09T19:10:00+05:30,12.905451,79.092554,auto_ride,48.0,per_ride,3.1,street quote
2026-07-05T18:40:00+05:30,12.934739,79.155472,egg_table,7.53,per_piece,,local shop
2026-06-10T19:10:00+05:30,12.934205,79.156167,auto_ride,36.0,per_ride,2.2,street quote
2026-06-08T19:10:00+05:30,12.900958,79.143287,auto_ride,30.0,per_ride,1.6,street quote
2026-06-26T19:10:00+05:30,12.935398,79.155535,auto_ride,31.0,per_ride,1.5,street quote
2026-06-08T18:40:00+05:30,12.969236,79.133173,egg_table,9.42,per_piece,,local shop
2026-05-21T18:40:00+05:30,12.933403,79.155149,egg_table,7.2,per_piece,,local shop
2026-06-08T18:40:00+05:30,12.934596,79.156129,egg_table,6.42,per_piece,,local shop
2026-08-04T17:20:00+05:30,12.9504,79.3305,egg_table,8.04,per_piece,,single-source zone
2026-06-14T19:10:00+05:30,12.932638,79.156764,auto_ride,56.0,per_ride,3.7,street quote
2026-07-14T19:10:00+05:30,12.90662,79.092552,auto_ride,84.0,per_ride,5.8,street quote
2026-06-19T19:10:00+05:30,12.968757,79.133643,auto_ride,90.0,per_ride,5.6,street quote
2026-05-29T19:10:00+05:30,12.900587,79.141943,auto_ride,81.0,per_ride,5.4,street quote
2026-06-25T19:10:00+05:30,12.933239,79.156129,auto_ride,56.0,per_ride,3.5,street quote
2026-07-23T18:40:00+05:30,12.900209,79.143187,egg_table,7.82,per_piece,,local shop
2026-06-07T18:40:00+05:30,12.907083,79.093301,egg_table,7.06,per_piece,,local shop
2026-08-10T19:10:00+05:30,12.934043,79.155353,auto_ride,54.0,per_ride,3.5,street quote
2026-06-23T19:10:00+05:30,12.967705,79.131755,auto_ride,90.0,per_ride,5.2,street quote
2026-05-26T18:40:00+05:30,12.971294,79.131875,egg_table,7.27,per_piece,,local shop
2026-06-30T19:10:00+05:30,12.900328,79.140405,auto_ride,85.0,per_ride,5.9,street quote
2026-05-13T19:10:00+05:30,12.970333,79.134021,auto_ride,46.0,per_ride,2.8,street quote
2026-06-30T19:10:00+05:30,12.906177,79.092686,auto_ride,72.0,per_ride,4.5,street quote
2026-05-08T19:10:00+05:30,12.968991,79.132423,auto_ride,81.0,per_ride,5.5,street quote
2026-07-30T17:20:00+05:30,12.95,79.33,egg_table,8.94,per_piece,,single-source zone
,12.9165,79.1325,egg_table,8.4,per_piece,,no timestamp
2026-07-18T18:40:00+05:30,12.901039,79.14068,egg_table,8.47,per_piece,,local shop
2026-05-10T18:40:00+05:30,12.901129,79.140047,egg_table,6.11,per_piece,,local shop
2026-08-01T19:10:00+05:30,12.935685,79.156098,auto_ride,46.0,per_ride,3.0,street quote
2026-07-06T19:10:00+05:30,12.907122,79.093534,auto_ride,70.0,per_ride,4.6,street quote
2026-06-26T19:10:00+05:30,12.933398,79.15476,auto_ride,30.0,per_ride,1.6,street quote
2026-06-07T18:40:00+05:30,12.907394,79.092854,egg_table,6.43,per_piece,,local shop
2026-05-25T18:40:00+05:30,12.906181,79.093065,egg_table,6.94,per_piece,,local shop
2026-06-20T18:40:00+05:30,12.935319,79.155866,egg_table,7.9,per_piece,,local shop
2026-06-04T19:10:00+05:30,12.933072,79.157506,auto_ride,48.0,per_ride,3.2,street quote
2026-05-13T18:40:00+05:30,12.901236,79.142916,egg_table,6.04,per_piece,,local shop
2026-08-07T19:10:00+05:30,12.900313,79.142274,auto_ride,87.0,per_ride,5.5,street quote
2026-06-28T19:10:00+05:30,12.969827,79.133587,auto_ride,80.0,per_ride,4.4,street quote
2026-05-26T18:40:00+05:30,12.935081,79.156725,egg_table,6.89,per_piece,,local shop
2026-07-18T19:10:00+05:30,12.971864,79.133432,auto_ride,80.0,per_ride,2.3,street quote
2026-05-16T18:40:00+05:30,12.933768,79.156935,egg_table,6.68,per_piece,,local shop
,12.9165,79.1325,egg_table,8.4,per_piece,,no timestamp
2026-05-06T19:10:00+05:30,12.932875,79.155453,auto_ride,60.0,per_ride,3.7,street quote
2026-05-06T18:40:00+05:30,12.969399,79.13255,egg_table,6.88,per_piece,,local shop
2026-07-11T17:20:00+05:30,12.95,79.33,egg_table,9.66,per_piece,,single-source zone
2026-06-08T19:10:00+05:30,12.969595,79.132599,auto_ride,80.0,per_ride,2.4,street quote
2026-07-29T19:10:00+05:30,12.932361,79.15469,auto_ride,53.0,per_ride,3.5,street quote
2026-05-23T18:40:00+05:30,12.902296,79.141666,egg_table,6.51,per_piece,,local shop
2026-05-31T19:10:00+05:30,12.901053,79.142387,auto_ride,42.0,per_ride,2.6,street quote
2026-07-19T17:20:00+05:30,12.9504,79.3305,egg_table,9.98,per_piece,,single-source zone
2026-06-20T19:10:00+05:30,12.932825,79.156171,auto_ride,40.0,per_ride,2.6,street quote
2026-07-04T18:40:00+05:30,12.971725,79.132195,egg_table,9.77,per_piece,,local shop
2026-08-02T19:10:00+05:30,12.901211,79.142598,auto_ride,36.0,per_ride,2.3,street quote
2026-07-13T18:40:00+05:30,12.905654,79.094621,egg_table,8.08,per_piece,,local shop
2026-07-20T18:40:00+05:30,12.898676,79.141857,egg_table,8.7,per_piece,,local shop
2026-07-14T17:20:00+05:30,12.9504,79.3305,egg_table,9.94,per_piece,,single-source zone
2026-06-09T18:40:00+05:30,12.969852,79.132037,egg_table,9.54,per_piece,,local shop
2026-05-21T19:10:00+05:30,12.906164,79.093185,auto_ride,58.0,per_ride,3.6,street quote
2026-06-11T18:40:00+05:30,12.970194,79.132901,egg_table,9.33,per_piece,,local shop
2026-06-10T19:10:00+05:30,12.902832,79.143162,auto_ride,68.0,per_ride,4.5,street quote
2026-05-31T18:40:00+05:30,12.968969,79.133125,egg_table,7.0,per_piece,,local shop
2026-06-11T18:40:00+05:30,12.969936,79.133318,egg_table,9.33,per_piece,,local shop
2026-07-05T19:10:00+05:30,12.934493,79.155964,auto_ride,47.0,per_ride,3.1,street quote
2026-07-05T19:10:00+05:30,12.969223,79.132977,auto_ride,80.0,per_ride,3.4,street quote
2026-07-12T18:40:00+05:30,12.932569,79.15762,egg_table,8.52,per_piece,,local shop
2026-06-28T19:10:00+05:30,12.901713,79.142049,auto_ride,68.0,per_ride,4.5,street quote
2026-06-05T18:40:00+05:30,12.968921,79.132398,egg_table,9.54,per_piece,,local shop
2026-06-29T19:10:00+05:30,12.933557,79.157867,auto_ride,69.0,per_ride,4.6,street quote
2026-07-22T19:10:00+05:30,12.970263,79.132656,auto_ride,80.0,per_ride,5.5,street quote
2026-06-10T18:40:00+05:30,12.907735,79.091958,egg_table,6.71,per_piece,,local shop
2026-06-01T18:40:00+05:30,12.934374,79.156147,egg_table,7.47,per_piece,,local shop
2026-07-25T12:00:00+05:30,,,tomato,31.0,per_kg,,no geotag
2026-08-10T18:40:00+05:30,12.967972,79.131784,egg_table,9.81,per_piece,,local shop
2026-07-01T19:10:00+05:30,12.968948,79.132714,auto_ride,80.0,per_ride,2.2,street quote
2026-06-08T18:40:00+05:30,12.934765,79.156912,egg_table,6.73,per_piece,,local shop
2026-07-04T18:40:00+05:30,12.969993,79.133388,egg_table,9.75,per_piece,,local shop
2026-07-21T18:40:00+05:30,12.970261,79.132952,egg_table,9.64,per_piece,,local shop
2026-06-21T19:10:00+05:30,12.934002,79.157709,auto_ride,86.0,per_ride,5.8,street quote
2026-07-03T19:10:00+05:30,12.906627,79.09134,auto_ride,37.0,per_ride,2.2,street quote
2026-06-21T18:40:00+05:30,12.900683,79.14113,egg_table,8.49,per_piece,,local shop
2026-06-30T19:10:00+05:30,12.934302,79.156578,auto_ride,83.0,per_ride,5.6,street quote
2026-05-27T18:40:00+05:30,12.901056,79.142895,egg_table,6.36,per_piece,,local shop
2026-07-11T18:40:00+05:30,12.969385,79.132782,egg_table,9.79,per_piece,,local shop
2026-05-12T19:10:00+05:30,12.900906,79.142123,auto_ride,48.0,per_ride,3.2,street quote
2026-07-22T18:40:00+05:30,12.89948,79.14275,egg_table,7.63,per_piece,,local shop
2026-07-27T18:40:00+05:30,12.968695,79.13227,egg_table,9.72,per_piece,,local shop
2026-06-26T19:10:00+05:30,12.904275,79.093364,auto_ride,64.0,per_ride,4.2,street quote
2026-07-06T19:10:00+05:30,12.905696,79.091832,auto_ride,91.0,per_ride,5.8,street quote
2026-06-27T19:10:00+05:30,12.969219,79.131382,auto_ride,80.0,per_ride,2.8,street quote
2026-05-25T19:10:00+05:30,12.907539,79.091984,auto_ride,79.0,per_ride,5.0,street quote
2026-06-26T18:40:00+05:30,12.968372,79.131405,egg_table,9.64,per_piece,,local shop
2026-07-17T19:10:00+05:30,12.907124,79.094192,auto_ride,84.0,per_ride,5.4,street quote
2026-05-06T12:00:00+05:30,,,tomato,31.0,per_kg,,no geotag
2026-08-10T18:40:00+05:30,12.90297,79.142216,egg_table,6.16,per_piece,,local shop
2026-07-21T18:40:00+05:30,12.906357,79.092959,egg_table,8.65,per_piece,,local shop
2026-05-20T19:10:00+05:30,12.905489,79.092334,auto_ride,91.0,per_ride,5.8,street quote
2026-05-16T19:10:00+05:30,12.934399,79.15709,auto_ride,91.0,per_ride,5.8,street quote
2026-05-08T19:10:00+05:30,12.90098,79.14192,auto_ride,78.0,per_ride,4.9,street quote
2026-07-15T18:40:00+05:30,12.969941,79.13332,egg_table,9.79,per_piece,,local shop
2026-08-05T19:10:00+05:30,12.934564,79.156645,auto_ride,33.0,per_ride,2.1,street quote
2026-06-08T18:40:00+05:30,12.907481,79.094491,egg_table,7.58,per_piece,,local shop
2026-08-10T17:20:00+05:30,12.95,79.33,egg_table,8.06,per_piece,,single-source zone
2026-06-26T18:40:00+05:30,12.900706,79.140883,egg_table,7.62,per_piece,,local shop
2026-05-07T19:10:00+05:30,12.935049,79.154359,auto_ride,83.0,per_ride,5.4,street quote
2026-07-26T18:40:00+05:30,12.905969,79.093448,egg_table,7.53,per_piece,,local shop
2026-06-12T19:10:00+05:30,12.969682,79.131686,auto_ride,90.0,per_ride,3.4,street quote
2026-05-03T18:40:00+05:30,12.933832,79.155514,egg_table,5.99,per_piece,,local shop
2026-06-24T19:10:00+05:30,12.97088,79.131721,auto_ride,80.0,per_ride,2.7,street quote
2026-07-27T19:10:00+05:30,12.905773,79.093767,auto_ride,33.0,per_ride,1.9,street quote
2026-05-15T18:40:00+05:30,12.971424,79.130444,egg_table,6.47,per_piece,,local shop
2026-07-29T17:20:00+05:30,12.95,79.33,egg_table,8.88,per_piece,,single-source zone
2026-06-07T19:10:00+05:30,12.93341,79.155741,auto_ride,30.0,per_ride,1.6,street quote
2026-07-26T19:10:00+05:30,12.906992,79.092724,auto_ride,71.0,per_ride,4.7,street quote
2026-06-02T19:10:00+05:30,12.901469,79.141935,auto_ride,63.0,per_ride,4.0,street quote
2026-07-30T18:40:00+05:30,12.906319,79.092759,egg_table,7.21,per_piece,,local shop
2026-05-15T19:10:00+05:30,12.934027,79.156505,auto_ride,41.0,per_ride,2.6,street quote
2026-08-02T18:40:00+05:30,12.933774,79.15851,egg_table,6.76,per_piece,,local shop
2026-05-06T19:10:00+05:30,12.934382,79.155971,auto_ride,60.0,per_ride,3.7,street quote
2026-07-27T19:10:00+05:30,12.904221,79.093469,auto_ride,71.0,per_ride,4.5,street quote
2026-07-07T18:40:00+05:30,12.899909,79.142184,egg_table,8.21,per_piece,,local shop
2026-07-27T18:40:00+05:30,12.900099,79.141943,egg_table,7.43,per_piece,,local shop
2026-05-11T19:10:00+05:30,12.969526,79.131496,auto_ride,47.0,per_ride,3.0,street quote
2026-08-08T19:10:00+05:30,12.905807,79.091486,auto_ride,39.0,per_ride,2.5,street quote
2026-05-07T18:40:00+05:30,12.900021,79.142903,egg_table,6.1,per_piece,,local shop
,12.9165,79.1325,egg_table,8.4,per_piece,,no timestamp
2026-06-25T18:40:00+05:30,12.901568,79.142062,egg_table,7.88,per_piece,,local shop
2026-06-03T18:40:00+05:30,12.970497,79.132147,egg_table,9.53,per_piece,,local shop
2026-07-09T18:40:00+05:30,12.906239,79.092791,egg_table,7.9,per_piece,,local shop
2026-07-09T18:40:00+05:30,12.968489,79.132477,egg_table,9.83,per_piece,,local shop
2026-07-19T18:40:00+05:30,12.905666,79.094003,egg_table,8.62,per_piece,,local shop
2026-05-27T19:10:00+05:30,12.933109,79.155951,auto_ride,61.0,per_ride,3.9,street quote
2026-07-31T18:40:00+05:30,12.904834,79.094006,egg_table,6.82,per_piece,,local shop
2026-06-18T19:10:00+05:30,12.905621,79.094177,auto_ride,31.0,per_ride,1.6,street quote
2026-07-03T19:10:00+05:30,12.969474,79.13324,auto_ride,80.0,per_ride,1.6,street quote
2026-05-19T19:10:00+05:30,12.971543,79.132663,auto_ride,43.0,per_ride,2.8,street quote
2026-08-01T17:20:00+05:30,12.95,79.33,egg_table,8.37,per_piece,,single-source zone
2026-07-11T18:40:00+05:30,12.906248,79.090556,egg_table,7.38,per_piece,,local shop
2026-05-19T18:40:00+05:30,12.968821,79.133258,egg_table,7.06,per_piece,,local shop
2026-06-22T19:10:00+05:30,12.905798,79.09405,auto_ride,53.0,per_ride,3.3,street quote
2026-07-17T18:40:00+05:30,12.971009,79.133515,egg_table,9.77,per_piece,,local shop
2026-05-16T19:10:00+05:30,12.901796,79.141371,auto_ride,84.0,per_ride,5.6,street quote
2026-07-20T19:10:00+05:30,12.906343,79.092133,auto_ride,49.0,per_ride,3.1,street quote
2026-07-01T19:10:00+05:30,12.9702,79.131464,auto_ride,80.0,per_ride,2.7,street quote
2026-07-10T19:10:00+05:30,12.904274,79.093963,auto_ride,76.0,per_ride,4.8,street quote
2026-06-29T18:40:00+05:30,12.899806,79.142401,egg_table,7.51,per_piece,,local shop
2026-07-07T18:40:00+05:30,12.907062,79.092977,egg_table,8.02,per_piece,,local shop
2026-06-28T19:10:00+05:30,12.934171,79.155065,auto_ride,46.0,per_ride,2.8,street quote
2026-05-17T19:10:00+05:30,12.933639,79.155378,auto_ride,55.0,per_ride,3.6,street quote
2026-05-17T19:10:00+05:30,12.905654,79.092657,auto_ride,37.0,per_ride,2.4,street quote
2026-06-03T18:40:00+05:30,12.933602,79.157586,egg_table,6.84,per_piece,,local shop
2026-07-24T18:40:00+05:30,12.900944,79.140855,egg_table,8.64,per_piece,,local shop
2026-06-23T19:10:00+05:30,12.904782,79.093225,auto_ride,30.0,per_ride,1.8,street quote
2026-07-04T18:40:00+05:30,12.906076,79.092769,egg_table,7.88,per_piece,,local shop
2026-08-01T19:10:00+05:30,12.901163,79.142952,auto_ride,51.0,per_ride,3.4,street quote
2026-05-25T18:40:00+05:30,12.906137,79.093188,egg_table,6.21,per_piece,,local shop
2026-05-13T19:10:00+05:30,12.901387,79.141829,auto_ride,79.0,per_ride,5.1,street quote
2026-06-15T18:40:00+05:30,12.901571,79.13889,egg_table,7.6,per_piece,,local shop
2026-06-23T19:10:00+05:30,12.905126,79.094746,auto_ride,32.0,per_ride,2.0,street quote
2026-06-03T19:10:00+05:30,12.96878,79.132861,auto_ride,90.0,per_ride,2.9,street quote
2026-05-03T19:10:00+05:30,12.901636,79.140898,auto_ride,70.0,per_ride,4.8,street quote
2026-05-20T18:40:00+05:30,12.968716,79.132555,egg_table,6.26,per_piece,,local shop
2026-07-27T19:10:00+05:30,12.932703,79.156497,auto_ride,78.0,per_ride,5.4,street quote
2026-08-01T18:40:00+05:30,12.969507,79.132716,egg_table,9.8,per_piece,,local shop
2026-06-19T19:10:00+05:30,12.932748,79.156471,auto_ride,34.0,per_ride,2.2,street quote
2026-07-06T18:40:00+05:30,12.905198,79.092936,egg_table,7.29,per_piece,,local shop
2026-06-29T19:10:00+05:30,12.901522,79.143633,auto_ride,80.0,per_ride,5.3,street quote
2026-05-19T19:10:00+05:30,12.97087,79.132541,auto_ride,30.0,per_ride,1.7,street quote
2026-07-16T18:40:00+05:30,12.970431,79.13185,egg_table,9.78,per_piece,,local shop
2026-05-17T19:10:00+05:30,12.969195,79.133075,auto_ride,54.0,per_ride,3.5,street quote
2026-07-28T17:20:00+05:30,12.9504,79.3305,egg_table,9.3,per_piece,,single-source zone
2026-05-17T18:40:00+05:30,12.934656,79.155344,egg_table,6.78,per_piece,,local shop
2026-07-29T19:10:00+05:30,12.968534,79.132892,auto_ride,90.0,per_ride,3.9,street quote
2026-05-01T18:40:00+05:30,12.934925,79.154599,egg_table,6.57,per_piece,,local shop
2026-05-27T18:40:00+05:30,12.935291,79.155027,egg_table,7.02,per_piece,,local shop
2026-05-11T18:40:00+05:30,12.933002,79.155387,egg_table,6.91,per_piece,,local shop
2026-07-20T19:10:00+05:30,12.934366,79.155498,auto_ride,81.0,per_ride,5.3,street quote
2026-05-23T19:10:00+05:30,12.906445,79.093142,auto_ride,59.0,per_ride,3.7,street quote
2026-06-26T19:10:00+05:30,12.934074,79.157221,auto_ride,45.0,per_ride,2.8,street quote
2026-07-04T18:40:00+05:30,12.900694,79.139914,egg_table,8.3,per_piece,,local shop
2026-05-16T19:10:00+05:30,12.933226,79.155767,auto_ride,60.0,per_ride,3.8,street quote
2026-06-17T12:00:00+05:30,,,tomato,31.0,per_kg,,no geotag
2026-06-15T18:40:00+05:30,12.906555,79.092744,egg_table,7.79,per_piece,,local shop
2026-08-10T18:40:00+05:30,12.900779,79.143849,egg_table,6.41,per_piece,,local shop
2026-07-23T19:10:00+05:30,12.970073,79.132846,auto_ride,80.0,per_ride,4.5,street quote
2026-07-26T17:20:00+05:30,12.9504,79.3305,egg_table,9.69,per_piece,,single-source zone
2026-05-03T18:40:00+05:30,12.905675,79.094375,egg_table,6.61,per_piece,,local shop
2026-06-04T18:40:00+05:30,12.906087,79.093368,egg_table,7.24,per_piece,,local shop
2026-06-06T18:40:00+05:30,12.933062,79.156074,egg_table,7.32,per_piece,,local shop
2026-07-06T17:20:00+05:30,12.9504,79.3305,egg_table,9.7,per_piece,,single-source zone
2026-05-20T19:10:00+05:30,12.907183,79.092833,auto_ride,30.0,per_ride,1.5,street quote
2026-05-24T18:40:00+05:30,12.901361,79.140168,egg_table,7.43,per_piece,,local shop
2026-05-19T19:10:00+05:30,12.905384,79.093707,auto_ride,37.0,per_ride,2.2,street quote
2026-08-06T17:20:00+05:30,12.9504,79.3305,egg_table,7.94,per_piece,,single-source zone
2026-07-29T19:10:00+05:30,12.901548,79.141485,auto_ride,42.0,per_ride,2.8,street quote
2026-05-12T19:10:00+05:30,12.90001,79.143295,auto_ride,82.0,per_ride,5.3,street quote
2026-06-19T19:10:00+05:30,12.901965,79.141647,auto_ride,40.0,per_ride,2.4,street quote
2026-07-20T18:40:00+05:30,12.901208,79.142402,egg_table,8.63,per_piece,,local shop
2026-08-04T18:40:00+05:30,12.933756,79.155161,egg_table,6.96,per_piece,,local shop
2026-07-19T18:40:00+05:30,12.904326,79.094062,egg_table,8.38,per_piece,,local shop
2026-05-27T19:10:00+05:30,12.967568,79.132731,auto_ride,51.0,per_ride,3.2,street quote
2026-06-03T19:10:00+05:30,12.934795,79.156287,auto_ride,67.0,per_ride,4.2,street quote
2026-06-06T18:40:00+05:30,12.934053,79.155224,egg_table,7.23,per_piece,,local shop
2026-07-23T18:40:00+05:30,12.906343,79.092691,egg_table,8.65,per_piece,,local shop
2026-07-18T18:40:00+05:30,12.934084,79.156342,egg_table,8.56,per_piece,,local shop
2026-05-05T18:40:00+05:30,12.968624,79.13318,egg_table,6.1,per_piece,,local shop
2026-07-30T19:10:00+05:30,12.906169,79.09472,auto_ride,58.0,per_ride,3.6,street quote
2026-05-15T19:10:00+05:30,12.906144,79.092078,auto_ride,46.0,per_ride,3.0,street quote
2026-07-12T18:40:00+05:30,12.971765,79.132527,egg_table,9.79,per_piece,,local shop
2026-06-30T19:10:00+05:30,12.900108,79.142105,auto_ride,76.0,per_ride,4.9,street quote
2026-07-01T19:10:00+05:30,12.900592,79.143212,auto_ride,88.0,per_ride,5.9,street quote
2026-06-02T18:40:00+05:30,12.906768,79.092193,egg_table,7.21,per_piece,,local shop
2026-06-10T19:10:00+05:30,12.934453,79.156166,auto_ride,54.0,per_ride,3.3,street quote
2026-08-07T19:10:00+05:30,12.934611,79.155279,auto_ride,77.0,per_ride,4.8,street quote
2026-07-08T18:40:00+05:30,12.905469,79.093157,egg_table,7.82,per_piece,,local shop
2026-06-18T19:10:00+05:30,12.934798,79.15521,auto_ride,35.0,per_ride,2.1,street quote
2026-06-19T19:10:00+05:30,12.934411,79.156987,auto_ride,47.0,per_ride,3.0,street quote
2026-07-15T18:40:00+05:30,12.901795,79.143019,egg_table,7.67,per_piece,,local shop
2026-05-24T19:10:00+05:30,12.969183,79.131194,auto_ride,41.0,per_ride,2.5,street quote
2026-07-30T18:40:00+05:30,12.934813,79.153535,egg_table,7.09,per_piece,,local shop
2026-07-22T18:40:00+05:30,12.934121,79.154843,egg_table,8.61,per_piece,,local shop
2026-08-02T18:40:00+05:30,12.906871,79.09308,egg_table,7.05,per_piece,,local shop
2026-05-28T19:10:00+05:30,12.968292,79.132317,auto_ride,75.0,per_ride,4.8,street quote
2026-07-14T17:20:00+05:30,12.95,79.33,egg_table,9.87,per_piece,,single-source zone
2026-06-30T19:10:00+05:30,12.968705,79.132125,auto_ride,70.0,per_ride,4.8,street quote
2026-05-08T19:10:00+05:30,12.969363,79.131175,auto_ride,67.0,per_ride,4.3,street quote
2026-07-10T17:20:00+05:30,12.95,79.33,egg_table,9.53,per_piece,,single-source zone
2026-05-17T18:40:00+05:30,12.906925,79.093627,egg_table,6.66,per_piece,,local shop
2026-06-24T18:40:00+05:30,12.900627,79.142899,egg_table,7.54,per_piece,,local shop
2026-07-30T18:40:00+05:30,12.969954,79.134035,egg_table,9.82,per_piece,,local shop
2026-05-25T18:40:00+05:30,12.934334,79.155774,egg_table,6.36,per_piece,,local shop
2026-07-01T18:40:00+05:30,12.901626,79.141157,egg_table,7.07,per_piece,,local shop
2026-06-20T19:10:00+05:30,12.933637,79.155748,auto_ride,89.0,per_ride,5.7,street quote
2026-06-01T18:40:00+05:30,12.902561,79.143616,egg_table,7.29,per_piece,,local shop
2026-05-27T18:40:00+05:30,12.905385,79.092962,egg_table,6.92,per_piece,,local shop
2026-08-04T12:00:00+05:30,,,tomato,31.0,per_kg,,no geotag
2026-08-08T18:40:00+05:30,12.906495,79.093023,egg_table,6.41,per_piece,,local shop
2026-07-24T18:40:00+05:30,12.935978,79.155961,egg_table,7.71,per_piece,,local shop
2026-06-29T19:10:00+05:30,12.971893,79.131954,auto_ride,80.0,per_ride,5.0,street quote
2026-06-20T18:40:00+05:30,12.901948,79.141429,egg_table,8.33,per_piece,,local shop
2026-05-14T18:40:00+05:30,12.90155,79.141235,egg_table,6.96,per_piece,,local shop
2026-06-10T18:40:00+05:30,12.933544,79.155105,egg_table,7.02,per_piece,,local shop
2026-05-05T19:10:00+05:30,12.933114,79.156701,auto_ride,82.0,per_ride,5.7,street quote
2026-06-03T19:10:00+05:30,12.969401,79.132085,auto_ride,70.0,per_ride,2.1,street quote
2026-07-23T18:40:00+05:30,12.97075,79.132937,egg_table,9.66,per_piece,,local shop
2026-06-09T19:10:00+05:30,12.905167,79.091912,auto_ride,83.0,per_ride,5.6,street quote
2026-07-21T17:20:00+05:30,12.9504,79.3305,egg_table,9.94,per_piece,,single-source zone
2026-07-25T19:10:00+05:30,12.902092,79.143972,auto_ride,30.0,per_ride,1.7,street quote
2026-05-16T19:10:00+05:30,12.900117,79.140988,auto_ride,52.0,per_ride,3.5,street quote
2026-05-05T19:10:00+05:30,12.968049,79.132452,auto_ride,30.0,per_ride,1.8,street quote
2026-06-29T17:20:00+05:30,12.9504,79.3305,egg_table,9.63,per_piece,,single-source zone
2026-05-12T18:40:00+05:30,12.969879,79.132063,egg_table,6.41,per_piece,,local shop
2026-07-20T19:10:00+05:30,12.901506,79.140785,auto_ride,41.0,per_ride,2.5,street quote
2026-05-12T19:10:00+05:30,12.969641,79.133466,auto_ride,47.0,per_ride,2.9,street quote
2026-07-20T18:40:00+05:30,12.904796,79.091562,egg_table,8.8,per_piece,,local shop
2026-05-31T18:40:00+05:30,12.934034,79.154633,egg_table,7.25,per_piece,,local shop
2026-06-19T19:10:00+05:30,12.933616,79.155537,auto_ride,57.0,per_ride,3.7,street quote
2026-05-25T18:40:00+05:30,12.90598,79.090413,egg_table,7.1,per_piece,,local shop
2026-07-07T18:40:00+05:30,12.907091,79.093774,egg_table,8.06,per_piece,,local shop
2026-07-16T17:20:00+05:30,12.9504,79.3305,egg_table,9.91,per_piece,,single-source zone
2026-06-01T18:40:00+05:30,12.968476,79.134479,egg_table,9.7,per_piece,,local shop
2026-06-24T19:10:00+05:30,12.902231,79.140343,auto_ride,38.0,per_ride,2.3,street quote
2026-06-08T18:40:00+05:30,12.934404,79.157293,egg_table,6.98,per_piece,,local shop
2026-05-03T19:10:00+05:30,12.933344,79.157458,auto_ride,80.0,per_ride,5.4,street quote
2026-05-28T18:40:00+05:30,12.901051,79.143086,egg_table,7.04,per_piece,,local shop
2026-05-10T19:10:00+05:30,12.905502,79.093115,auto_ride,71.0,per_ride,4.9,street quote
2026-07-01T18:40:00+05:30,12.905442,79.092605,egg_table,8.46,per_piece,,local shop
2026-07-27T18:40:00+05:30,12.933802,79.155025,egg_table,7.7,per_piece,,local shop
2026-07-31T17:20:00+05:30,12.9504,79.3305,egg_table,8.82,per_piece,,single-source zone
2026-05-19T12:00:00+05:30,,,tomato,31.0,per_kg,,no geotag
2026-05-14T19:10:00+05:30,12.968861,79.132396,auto_ride,57.0,per_ride,3.9,street quote
2026-05-17T18:40:00+05:30,12.901495,79.14193,egg_table,6.97,per_piece,,local shop
2026-05-11T19:10:00+05:30,12.906575,79.092664,auto_ride,42.0,per_ride,2.8,street quote
2026-06-25T18:40:00+05:30,12.901845,79.141901,egg_table,8.18,per_piece,,local shop
2026-07-09T18:40:00+05:30,12.905491,79.092866,egg_table,8.29,per_piece,,local shop
2026-08-04T19:10:00+05:30,12.933819,79.15625,auto_ride,30.0,per_ride,1.6,street quote
2026-05-20T19:10:00+05:30,12.905984,79.094002,auto_ride,84.0,per_ride,5.6,street quote
2026-05-09T18:40:00+05:30,12.906553,79.092542,egg_table,6.16,per_piece,,local shop
2026-07-12T19:10:00+05:30,12.906025,79.093449,auto_ride,35.0,per_ride,2.2,street quote
2026-05-25T19:10:00+05:30,12.900855,79.141515,auto_ride,40.0,per_ride,2.5,street quote
2026-07-24T19:10:00+05:30,12.934358,79.15545,auto_ride,39.0,per_ride,2.4,street quote
2026-05-18T18:40:00+05:30,12.969693,79.131132,egg_table,6.97,per_piece,,local shop
2026-07-07T19:10:00+05:30,12.901455,79.141111,auto_ride,41.0,per_ride,2.6,street quote
2026-05-05T18:40:00+05:30,12.899114,79.142329,egg_table,6.23,per_piece,,local shop
2026-05-15T19:10:00+05:30,12.901031,79.142136,auto_ride,59.0,per_ride,3.9,street quote
2026-06-28T18:40:00+05:30,12.905161,79.092995,egg_table,7.66,per_piece,,local shop
2026-06-19T19:10:00+05:30,12.970182,79.131007,auto_ride,80.0,per_ride,1.8,street quote
2026-05-22T19:10:00+05:30,12.900749,79.143095,auto_ride,59.0,per_ride,3.9,street quote
2026-07-01T18:40:00+05:30,12.904526,79.094327,egg_table,8.15,per_piece,,local shop
2026-07-23T19:10:00+05:30,12.970542,79.131409,auto_ride,90.0,per_ride,3.8,street quote
2026-05-24T19:10:00+05:30,12.90483,79.095041,auto_ride,45.0,per_ride,2.8,street quote
2026-07-01T19:10:00+05:30,12.905589,79.092762,auto_ride,63.0,per_ride,4.3,street quote
2026-07-20T17:20:00+05:30,12.95,79.33,egg_table,10.08,per_piece,,single-source zone
2026-07-14T18:40:00+05:30,12.901027,79.142034,egg_table,8.03,per_piece,,local shop
2026-07-01T19:10:00+05:30,12.900344,79.139955,auto_ride,89.0,per_ride,5.6,street quote
2026-07-28T18:40:00+05:30,12.934574,79.156049,egg_table,7.08,per_piece,,local shop
2026-08-07T19:10:00+05:30,12.96935,79.13272,auto_ride,90.0,per_ride,3.0,street quote
2026-05-16T19:10:00+05:30,12.900063,79.141639,auto_ride,74.0,per_ride,4.9,street quote
2026-06-18T18:40:00+05:30,12.901046,79.142902,egg_table,7.99,per_piece,,local shop
2026-05-26T19:10:00+05:30,12.901471,79.142654,auto_ride,78.0,per_ride,4.9,street quote
2026-07-06T18:40:00+05:30,12.900075,79.142979,egg_table,8.24,per_piece,,local shop
2026-06-27T19:10:00+05:30,12.907562,79.092692,auto_ride,39.0,per_ride,2.5,street quote
2026-06-17T19:10:00+05:30,12.969129,79.130915,auto_ride,70.0,per_ride,1.7,street quote
2026-06-19T18:40:00+05:30,12.905997,79.092627,egg_table,7.76,per_piece,,local shop
2026-06-04T18:40:00+05:30,12.934526,79.156283,egg_table,7.06,per_piece,,local shop
2026-06-09T19:10:00+05:30,12.905611,79.092712,auto_ride,73.0,per_ride,4.9,street quote
2026-08-04T19:10:00+05:30,12.900057,79.141566,auto_ride,71.0,per_ride,4.5,street quote
2026-08-06T17:20:00+05:30,12.95,79.33,egg_table,8.02,per_piece,,single-source zone
2026-08-05T19:10:00+05:30,12.902366,79.141341,auto_ride,77.0,per_ride,5.0,street quote
2026-06-29T18:40:00+05:30,12.902464,79.141782,egg_table,8.12,per_piece,,local shop
2026-08-06T18:40:00+05:30,12.934389,79.155362,egg_table,6.18,per_piece,,local shop
2026-07-04T18:40:00+05:30,12.901392,79.142935,egg_table,7.41,per_piece,,local shop
2026-07-08T17:20:00+05:30,12.95,79.33,egg_table,9.62,per_piece,,single-source zone
2026-06-28T18:40:00+05:30,12.901182,79.142038,egg_table,7.35,per_piece,,local shop
2026-07-09T19:10:00+05:30,12.900729,79.141135,auto_ride,31.0,per_ride,1.8,street quote
2026-06-10T18:40:00+05:30,12.900079,79.142265,egg_table,7.0,per_piece,,local shop
2026-06-10T18:40:00+05:30,12.970271,79.131455,egg_table,9.43,per_piece,,local shop
2026-08-05T18:40:00+05:30,12.901518,79.142913,egg_table,6.87,per_piece,,local shop
2026-08-09T19:10:00+05:30,12.904512,79.093461,auto_ride,84.0,per_ride,5.3,street quote
2026-06-19T18:40:00+05:30,12.969449,79.132335,egg_table,9.56,per_piece,,local shop
2026-05-14T18:40:00+05:30,12.968326,79.133591,egg_table,6.41,per_piece,,local shop
2026-05-06T19:10:00+05:30,12.969303,79.134031,auto_ride,42.0,per_ride,2.5,street quote
2026-07-23T18:40:00+05:30,12.971169,79.131618,egg_table,9.65,per_piece,,local shop
2026-06-24T18:40:00+05:30,12.971315,79.132387,egg_table,9.78,per_piece,,local shop
2026-08-04T18:40:00+05:30,12.934994,79.15518,egg_table,6.38,per_piece,,local shop
2026-08-07T18:40:00+05:30,12.900272,79.143509,egg_table,7.09,per_piece,,local shop
2026-08-03T18:40:00+05:30,12.901679,79.143049,egg_table,6.11,per_piece,,local shop
2026-07-26T19:10:00+05:30,12.934852,79.156996,auto_ride,81.0,per_ride,5.4,street quote
2026-06-28T18:40:00+05:30,12.936525,79.155572,egg_table,7.21,per_piece,,local shop
2026-07-19T18:40:00+05:30,12.968795,79.130641,egg_table,9.72,per_piece,,local shop
2026-05-12T18:40:00+05:30,12.907383,79.093615,egg_table,6.71,per_piece,,local shop
2026-06-05T18:40:00+05:30,12.906426,79.092721,egg_table,7.01,per_piece,,local shop
2026-05-25T18:40:00+05:30,12.969957,79.1338,egg_table,6.77,per_piece,,local shop
2026-07-06T19:10:00+05:30,12.970688,79.132124,auto_ride,100.0,per_ride,4.4,street quote
2026-07-20T18:40:00+05:30,12.934801,79.156441,egg_table,8.51,per_piece,,local shop
2026-06-11T18:40:00+05:30,12.967779,79.13397,egg_table,9.33,per_piece,,local shop
2026-08-05T18:40:00+05:30,12.969541,79.132255,egg_table,9.79,per_piece,,local shop
2026-06-20T18:40:00+05:30,12.93426,79.155252,egg_table,7.1,per_piece,,local shop
2026-07-13T19:10:00+05:30,12.905565,79.093682,auto_ride,61.0,per_ride,4.1,street quote
2026-06-20T18:40:00+05:30,12.905703,79.094404,egg_table,7.96,per_piece,,local shop
2026-05-06T18:40:00+05:30,12.90251,79.142492,egg_table,6.63,per_piece,,local shop
2026-06-03T18:40:00+05:30,12.968608,79.133521,egg_table,9.54,per_piece,,local shop
2026-07-27T18:40:00+05:30,12.970474,79.13137,egg_table,9.73,per_piece,,local shop
2026-06-22T19:10:00+05:30,12.970429,79.131562,auto_ride,80.0,per_ride,2.1,street quote
2026-06-19T18:40:00+05:30,12.907306,79.089867,egg_table,8.27,per_piece,,local shop
2026-05-26T19:10:00+05:30,12.93345,79.156525,auto_ride,71.0,per_ride,4.5,street quote
2026-05-08T18:40:00+05:30,12.901425,79.142234,egg_table,5.91,per_piece,,local shop
2026-06-21T18:40:00+05:30,12.969241,79.131636,egg_table,9.67,per_piece,,local shop
2026-06-16T19:10:00+05:30,12.93455,79.155141,auto_ride,87.0,per_ride,5.6,street quote
2026-08-05T18:40:00+05:30,12.906915,79.093504,egg_table,6.38,per_piece,,local shop
2026-06-12T18:40:00+05:30,12.969425,79.131047,egg_table,9.26,per_piece,,local shop
2026-07-07T18:40:00+05:30,12.969962,79.132756,egg_table,9.8,per_piece,,local shop
2026-08-05T19:10:00+05:30,12.93382,79.156061,auto_ride,30.0,per_ride,1.8,street quote
2026-07-05T19:10:00+05:30,12.906884,79.092999,auto_ride,58.0,per_ride,3.7,street quote
2026-05-31T18:40:00+05:30,12.907703,79.092988,egg_table,6.79,per_piece,,local shop
2026-07-26T19:10:00+05:30,12.970073,79.131105,auto_ride,90.0,per_ride,4.2,street quote
2026-05-09T18:40:00+05:30,12.970075,79.132335,egg_table,5.99,per_piece,,local shop
2026-05-09T19:10:00+05:30,12.902111,79.141503,auto_ride,64.0,per_ride,4.1,street quote
2026-07-29T18:40:00+05:30,12.905075,79.091383,egg_table,7.19,per_piece,,local shop
2026-07-22T17:20:00+05:30,12.95,79.33,egg_table,10.04,per_piece,,single-source zone
2026-07-04T18:40:00+05:30,12.971121,79.133201,egg_table,9.78,per_piece,,local shop
2026-05-07T19:10:00+05:30,12.933425,79.156684,auto_ride,74.0,per_ride,4.7,street quote
2026-05-24T18:40:00+05:30,12.902304,79.142748,egg_table,6.58,per_piece,,local shop
2026-06-21T18:40:00+05:30,12.970272,79.132552,egg_table,9.69,per_piece,,local shop
2026-07-22T19:10:00+05:30,12.932863,79.157851,auto_ride,71.0,per_ride,4.5,street quote
2026-08-04T19:10:00+05:30,12.968241,79.133797,auto_ride,80.0,per_ride,3.9,street quote
2026-05-29T18:40:00+05:30,12.968845,79.130722,egg_table,6.41,per_piece,,local shop
2026-07-20T19:10:00+05:30,12.97022,79.133561,auto_ride,90.0,per_ride,5.8,street quote
2026-06-27T19:10:00+05:30,12.968301,79.133597,auto_ride,80.0,per_ride,2.3,street quote
2026-08-01T19:10:00+05:30,12.904968,79.090677,auto_ride,42.0,per_ride,2.7,street quote
2026-07-13T18:40:00+05:30,12.906165,79.093639,egg_table,7.62,per_piece,,local shop
2026-07-19T18:40:00+05:30,12.933539,79.154551,egg_table,7.86,per_piece,,local shop
2026-07-18T18:40:00+05:30,12.969493,79.132518,egg_table,9.75,per_piece,,local shop
2026-08-09T18:40:00+05:30,12.969426,79.132826,egg_table,9.81,per_piece,,local shop
2026-07-28T17:20:00+05:30,12.95,79.33,egg_table,9.34,per_piece,,single-source zone
2026-08-02T19:10:00+05:30,12.905628,79.093563,auto_ride,74.0,per_ride,5.1,street quote
2026-05-30T18:40:00+05:30,12.969757,79.132534,egg_table,6.88,per_piece,,local shop
2026-07-01T19:10:00+05:30,12.933721,79.155584,auto_ride,72.0,per_ride,4.6,street quote
2026-06-15T18:40:00+05:30,12.933459,79.155345,egg_table,8.13,per_piece,,local shop
2026-06-29T12:00:00+05:30,,,tomato,31.0,per_kg,,no geotag
2026-06-18T18:40:00+05:30,12.933879,79.1572,egg_table,7.74,per_piece,,local shop
2026-06-30T19:10:00+05:30,12.934267,79.156409,auto_ride,41.0,per_ride,2.6,street quote
2026-07-11T18:40:00+05:30,12.900644,79.141473,egg_table,7.52,per_piece,,local shop
2026-06-28T19:10:00+05:30,12.968978,79.132237,auto_ride,80.0,per_ride,4.6,street quote
2026-07-15T19:10:00+05:30,12.933652,79.157423,auto_ride,29.0,per_ride,1.6,street quote
2026-06-25T19:10:00+05:30,12.90709,79.093088,auto_ride,74.0,per_ride,4.9,street quote
2026-06-25T19:10:00+05:30,12.933656,79.156893,auto_ride,70.0,per_ride,4.5,street quote
2026-05-12T18:40:00+05:30,12.96926,79.133071,egg_table,6.52,per_piece,,local shop
2026-06-28T19:10:00+05:30,12.905272,79.092856,auto_ride,76.0,per_ride,5.1,street quote
2026-05-31T19:10:00+05:30,12.9693,79.131428,auto_ride,33.0,per_ride,2.1,street quote
2026-07-12T19:10:00+05:30,12.969809,79.132164,auto_ride,80.0,per_ride,3.4,street quote
2026-05-13T19:10:00+05:30,12.899925,79.141634,auto_ride,37.0,per_ride,2.2,street quote
2026-05-17T18:40:00+05:30,12.968598,79.131686,egg_table,6.55,per_piece,,local shop
2026-07-16T19:10:00+05:30,12.905317,79.092962,auto_ride,33.0,per_ride,2.1,street quote
2026-06-18T19:10:00+05:30,12.900929,79.142647,auto_ride,82.0,per_ride,5.6,street quote
2026-06-24T19:10:00+05:30,12.933983,79.155732,auto_ride,51.0,per_ride,3.1,street quote
2026-07-24T19:10:00+05:30,12.934463,79.156253,auto_ride,52.0,per_ride,3.5,street quote
2026-06-30T18:40:00+05:30,12.933145,79.155953,egg_table,7.45,per_piece,,local shop
2026-07-15T18:40:00+05:30,12.899646,79.143019,egg_table,7.6,per_piece,,local shop
2026-07-12T19:10:00+05:30,12.900308,79.141547,auto_ride,57.0,per_ride,3.8,street quote
2026-07-03T17:20:00+05:30,12.9504,79.3305,egg_table,9.67,per_piece,,single-source zone
2026-05-30T19:10:00+05:30,12.932839,79.158147,auto_ride,33.0,per_ride,1.9,street quote
2026-05-03T18:40:00+05:30,12.934658,79.157906,egg_table,6.54,per_piece,,local shop
2026-06-15T18:40:00+05:30,12.900488,79.142116,egg_table,7.17,per_piece,,local shop
2026-05-23T18:40:00+05:30,12.934804,79.156677,egg_table,6.11,per_piece,,local shop
2026-06-28T19:10:00+05:30,12.906691,79.09255,auto_ride,35.0,per_ride,2.2,street quote
2026-07-19T18:40:00+05:30,12.901593,79.142433,egg_table,7.89,per_piece,,local shop
2026-07-14T19:10:00+05:30,12.899265,79.142541,auto_ride,52.0,per_ride,3.2,street quote
2026-07-02T17:20:00+05:30,12.95,79.33,egg_table,9.56,per_piece,,single-source zone
2026-06-22T19:10:00+05:30,12.970145,79.130617,auto_ride,80.0,per_ride,2.1,street quote
2026-05-20T18:40:00+05:30,12.934015,79.156038,egg_table,6.99,per_piece,,local shop
2026-05-02T18:40:00+05:30,12.900897,79.143362,egg_table,7.11,per_piece,,local shop
2026-07-25T18:40:00+05:30,12.900229,79.142479,egg_table,7.46,per_piece,,local shop
2026-06-09T19:10:00+05:30,12.934611,79.156967,auto_ride,35.0,per_ride,2.2,street quote
2026-07-28T19:10:00+05:30,12.901897,79.141048,auto_ride,72.0,per_ride,4.5,street quote
2026-06-07T18:40:00+05:30,12.933171,79.155385,egg_table,7.07,per_piece,,local shop
2026-05-12T18:40:00+05:30,12.901869,79.140708,egg_table,6.45,per_piece,,local shop
2026-05-03T18:40:00+05:30,12.969175,79.132116,egg_table,6.08,per_piece,,local shop
2026-06-11T19:10:00+05:30,12.906842,79.093588,auto_ride,31.0,per_ride,1.9,street quote
2026-06-25T19:10:00+05:30,12.900726,79.14155,auto_ride,31.0,per_ride,2.0,street quote
2026-08-05T18:40:00+05:30,12.906014,79.094122,egg_table,6.38,per_piece,,local shop
2026-05-18T18:40:00+05:30,12.932941,79.1569,egg_table,6.64,per_piece,,local shop
2026-07-31T19:10:00+05:30,12.934778,79.156332,auto_ride,45.0,per_ride,2.9,street quote
2026-07-03T19:10:00+05:30,12.900592,79.141483,auto_ride,84.0,per_ride,5.7,street quote
2026-05-16T19:10:00+05:30,12.906744,79.094844,auto_ride,71.0,per_ride,4.6,street quote
2026-05-05T18:40:00+05:30,12.969703,79.131911,egg_table,6.92,per_piece,,local shop
2026-07-02T18:40:00+05:30,12.901915,79.140754,egg_table,7.74,per_piece,,local shop
2026-07-16T18:40:00+05:30,12.905854,79.09259,egg_table,8.62,per_piece,,local shop
2026-06-18T19:10:00+05:30,12.90606,79.092134,auto_ride,49.0,per_ride,3.2,street quote
2026-05-09T18:40:00+05:30,12.899002,79.140772,egg_table,6.41,per_piece,,local shop
2026-05-05T19:10:00+05:30,12.934327,79.157134,auto_ride,51.0,per_ride,3.2,street quote
2026-07-17T19:10:00+05:30,12.932907,79.15692,auto_ride,84.0,per_ride,5.4,street quote
2026-05-19T18:40:00+05:30,12.969589,79.132416,egg_table,6.77,per_piece,,local shop
2026-06-27T19:10:00+05:30,12.898424,79.141294,auto_ride,73.0,per_ride,4.9,street quote
2026-06-27T18:40:00+05:30,12.905721,79.093126,egg_table,7.2,per_piece,,local shop
2026-05-02T18:40:00+05:30,12.967337,79.131421,egg_table,6.94,per_piece,,local shop
2026-06-29T19:10:00+05:30,12.936056,79.156571,auto_ride,51.0,per_ride,3.1,street quote
2026-05-30T19:10:00+05:30,12.968908,79.132573,auto_ride,58.0,per_ride,3.9,street quote
2026-05-11T19:10:00+05:30,12.933547,79.156407,auto_ride,30.0,per_ride,1.5,street quote
2026-07-24T19:10:00+05:30,12.906404,79.091347,auto_ride,78.0,per_ride,5.3,street quote
2026-06-29T19:10:00+05:30,12.968718,79.132084,auto_ride,90.0,per_ride,4.2,street quote
2026-05-14T19:10:00+05:30,12.933667,79.155233,auto_ride,68.0,per_ride,4.4,street quote
2026-07-12T18:40:00+05:30,12.900048,79.142686,egg_table,8.02,per_piece,,local shop
2026-06-03T19:10:00+05:30,12.901612,79.140876,auto_ride,45.0,per_ride,2.7,street quote
2026-06-16T19:10:00+05:30,12.906844,79.093839,auto_ride,71.0,per_ride,4.7,street quote
2026-05-18T19:10:00+05:30,12.901355,79.140805,auto_ride,54.0,per_ride,3.3,street quote
2026-07-31T19:10:00+05:30,12.901506,79.141989,auto_ride,46.0,per_ride,3.0,street quote
2026-06-09T19:10:00+05:30,12.969887,79.132734,auto_ride,90.0,per_ride,4.7,street quote
2026-05-11T18:40:00+05:30,12.933757,79.156458,egg_table,6.61,per_piece,,local shop
2026-07-11T19:10:00+05:30,12.934887,79.156865,auto_ride,31.0,per_ride,1.9,street quote
2026-08-03T18:40:00+05:30,12.968939,79.133022,egg_table,9.78,per_piece,,local shop
2026-07-18T19:10:00+05:30,12.970449,79.131564,auto_ride,90.0,per_ride,3.2,street quote
2026-07-09T18:40:00+05:30,12.969871,79.131828,egg_table,9.82,per_piece,,local shop
2026-06-14T18:40:00+05:30,12.900771,79.143196,egg_table,7.67,per_piece,,local shop
2026-05-02T19:10:00+05:30,12.969435,79.134306,auto_ride,52.0,per_ride,3.4,street quote
2026-05-08T18:40:00+05:30,12.934685,79.155387,egg_table,6.09,per_piece,,local shop
2026-07-02T19:10:00+05:30,12.901499,79.14143,auto_ride,57.0,per_ride,3.8,street quote
2026-07-08T19:10:00+05:30,12.904659,79.092047,auto_ride,66.0,per_ride,4.2,street quote
2026-05-28T19:10:00+05:30,12.899399,79.1405,auto_ride,30.0,per_ride,1.7,street quote
2026-07-29T19:10:00+05:30,12.904608,79.094115,auto_ride,52.0,per_ride,3.5,street quote
2026-07-30T19:10:00+05:30,12.901031,79.141741,auto_ride,80.0,per_ride,5.1,street quote
2026-05-15T18:40:00+05:30,12.898743,79.14045,egg_table,6.16,per_piece,,local shop
2026-08-03T19:10:00+05:30,12.935027,79.154843,auto_ride,42.0,per_ride,2.7,street quote
2026-08-02T19:10:00+05:30,12.9351,79.158136,auto_ride,32.0,per_ride,2.0,street quote
2026-07-23T18:40:00+05:30,12.905142,79.093942,egg_table,7.89,per_piece,,local shop
2026-05-20T19:10:00+05:30,12.933698,79.154805,auto_ride,79.0,per_ride,5.0,street quote
2026-07-13T18:40:00+05:30,12.934357,79.155687,egg_table,7.68,per_piece,,local shop
2026-07-19T19:10:00+05:30,12.900848,79.141905,auto_ride,69.0,per_ride,4.5,street quote
2026-08-06T19:10:00+05:30,12.933277,79.154617,auto_ride,38.0,per_ride,2.4,street quote
2026-08-07T18:40:00+05:30,12.969669,79.133257,egg_table,9.82,per_piece,,local shop
2026-07-24T18:40:00+05:30,12.9696,79.131849,egg_table,9.57,per_piece,,local shop
2026-06-04T19:10:00+05:30,12.900525,79.142039,auto_ride,81.0,per_ride,5.3,street quote
2026-06-06T19:10:00+05:30,12.902518,79.141467,auto_ride,65.0,per_ride,4.4,street quote
2026-05-24T18:40:00+05:30,12.9706,79.13161,egg_table,6.56,per_piece,,local shop
2026-06-08T19:10:00+05:30,12.934411,79.156838,auto_ride,71.0,per_ride,4.6,street quote
2026-08-10T19:10:00+05:30,12.934109,79.155048,auto_ride,53.0,per_ride,3.2,street quote
2026-06-19T19:10:00+05:30,12.972162,79.132922,auto_ride,90.0,per_ride,4.0,street quote
2026-05-10T18:40:00+05:30,12.970263,79.133649,egg_table,6.7,per_piece,,local shop
2026-05-14T19:10:00+05:30,12.933871,79.156695,auto_ride,45.0,per_ride,2.8,street quote
2026-05-12T19:10:00+05:30,12.935288,79.154491,auto_ride,43.0,per_ride,2.8,street quote
2026-08-02T18:40:00+05:30,12.904442,79.091884,egg_table,7.2,per_piece,,local shop
2026-08-08T19:10:00+05:30,12.968734,79.133171,auto_ride,80.0,per_ride,3.4,street quote
2026-05-13T18:40:00+05:30,12.905819,79.09339,egg_table,6.05,per_piece,,local shop
2026-05-07T19:10:00+05:30,12.904234,79.092734,auto_ride,87.0,per_ride,5.6,street quote
2026-06-13T18:40:00+05:30,12.901058,79.141836,egg_table,6.65,per_piece,,local shop
2026-07-22T18:40:00+05:30,12.905729,79.093566,egg_table,8.65,per_piece,,local shop
2026-05-17T18:40:00+05:30,12.899334,79.141984,egg_table,6.42,per_piece,,local shop
2026-05-29T18:40:00+05:30,12.900019,79.142217,egg_table,6.44,per_piece,,local shop
2026-07-02T19:10:00+05:30,12.933201,79.156586,auto_ride,62.0,per_ride,4.2,street quote
2026-07-07T18:40:00+05:30,12.90745,79.09158,egg_table,7.22,per_piece,,local shop
2026-07-20T19:10:00+05:30,12.901917,79.142416,auto_ride,65.0,per_ride,4.2,street quote
2026-05-18T18:40:00+05:30,12.969575,79.131437,egg_table,6.67,per_piece,,local shop
2026-08-01T17:20:00+05:30,12.9504,79.3305,egg_table,8.41,per_piece,,single-source zone
2026-06-06T19:10:00+05:30,12.934341,79.154836,auto_ride,53.0,per_ride,3.3,street quote
2026-07-26T19:10:00+05:30,12.933609,79.156513,auto_ride,53.0,per_ride,3.4,street quote
2026-08-08T19:10:00+05:30,12.933474,79.156023,auto_ride,43.0,per_ride,2.7,street quote
2026-07-31T19:10:00+05:30,12.902202,79.141371,auto_ride,35.0,per_ride,2.2,street quote
2026-07-12T19:10:00+05:30,12.933501,79.157328,auto_ride,52.0,per_ride,3.5,street quote
2026-05-06T18:40:00+05:30,12.933168,79.158258,egg_table,6.08,per_piece,,local shop
2026-06-20T19:10:00+05:30,12.901531,79.140648,auto_ride,55.0,per_ride,3.6,street quote
2026-06-24T18:40:00+05:30,12.90672,79.09312,egg_table,7.03,per_piece,,local shop
2026-07-05T19:10:00+05:30,12.901122,79.142,auto_ride,55.0,per_ride,3.6,street quote
2026-06-04T18:40:00+05:30,12.906854,79.093313,egg_table,6.71,per_piece,,local shop
2026-05-28T19:10:00+05:30,12.904358,79.093013,auto_ride,71.0,per_ride,4.7,street quote
2026-05-16T18:40:00+05:30,12.970389,79.13173,egg_table,6.89,per_piece,,local shop
2026-06-09T19:10:00+05:30,12.901598,79.141873,auto_ride,77.0,per_ride,5.0,street quote
2026-06-15T19:10:00+05:30,12.901065,79.142014,auto_ride,29.0,per_ride,1.8,street quote
2026-06-13T18:40:00+05:30,12.907363,79.093254,egg_table,6.81,per_piece,,local shop
2026-06-21T19:10:00+05:30,12.969864,79.131947,auto_ride,80.0,per_ride,4.4,street quote
2026-05-13T19:10:00+05:30,12.901482,79.141888,auto_ride,82.0,per_ride,5.4,street quote
2026-06-22T19:10:00+05:30,12.934083,79.155228,auto_ride,48.0,per_ride,3.1,street quote
2026-07-11T18:40:00+05:30,12.901607,79.141098,egg_table,7.91,per_piece,,local shop
2026-05-23T19:10:00+05:30,12.902709,79.141655,auto_ride,58.0,per_ride,3.8,street quote
2026-06-23T19:10:00+05:30,12.970607,79.132269,auto_ride,80.0,per_ride,3.1,street quote
2026-07-20T17:20:00+05:30,12.9504,79.3305,egg_table,10.05,per_piece,,single-source zone
2026-08-09T19:10:00+05:30,12.90051,79.143587,auto_ride,37.0,per_ride,2.3,street quote
2026-05-29T19:10:00+05:30,12.906633,79.092734,auto_ride,65.0,per_ride,4.1,street quote
2026-06-11T19:10:00+05:30,12.969439,79.131597,auto_ride,80.0,per_ride,2.2,street quote
2026-06-03T18:40:00+05:30,12.933335,79.15499,egg_table,6.45,per_piece,,local shop
2026-05-10T19:10:00+05:30,12.905484,79.092005,auto_ride,73.0,per_ride,4.7,street quote
2026-05-25T18:40:00+05:30,12.969485,79.134501,egg_table,6.59,per_piece,,local shop
2026-06-03T19:10:00+05:30,12.907202,79.09366,auto_ride,45.0,per_ride,2.9,street quote
2026-05-23T18:40:00+05:30,12.90124,79.14046,egg_table,6.73,per_piece,,local shop
2026-06-22T18:40:00+05:30,12.900283,79.141649,egg_table,8.12,per_piece,,local shop
2026-05-22T18:40:00+05:30,12.968875,79.132176,egg_table,7.12,per_piece,,local shop
2026-07-15T19:10:00+05:30,12.900789,79.141674,auto_ride,64.0,per_ride,4.2,street quote
2026-06-25T19:10:00+05:30,12.968871,79.131232,auto_ride,80.0,per_ride,5.2,street quote
2026-05-25T19:10:00+05:30,12.900734,79.142364,auto_ride,42.0,per_ride,2.5,street quote
2026-07-18T18:40:00+05:30,12.97003,79.133558,egg_table,9.74,per_piece,,local shop
2026-08-10T19:10:00+05:30,12.901359,79.140922,auto_ride,66.0,per_ride,4.4,street quote
2026-05-20T19:10:00+05:30,12.899057,79.141665,auto_ride,80.0,per_ride,5.5,street quote
2026-05-02T18:40:00+05:30,12.932629,79.156907,egg_table,6.32,per_piece,,local shop
2026-07-08T18:40:00+05:30,12.933698,79.156454,egg_table,7.28,per_piece,,local shop
2026-08-05T19:10:00+05:30,12.970741,79.131848,auto_ride,70.0,per_ride,2.2,street quote
2026-07-29T19:10:00+05:30,12.904536,79.09353,auto_ride,38.0,per_ride,2.3,street quote
2026-07-14T19:10:00+05:30,12.970917,79.132931,auto_ride,70.0,per_ride,2.5,street quote
2026-08-07T18:40:00+05:30,12.970235,79.131424,egg_table,9.82,per_piece,,local shop
2026-08-04T18:40:00+05:30,12.902578,79.142006,egg_table,6.2,per_piece,,local shop
2026-07-01T17:20:00+05:30,12.95,79.33,egg_table,9.69,per_piece,,single-source zone
2026-05-21T18:40:00+05:30,12.934264,79.154977,egg_table,7.1,per_piece,,local shop
2026-06-11T19:10:00+05:30,12.900647,79.141635,auto_ride,32.0,per_ride,1.9,street quote
2026-08-08T18:40:00+05:30,12.899934,79.141811,egg_table,5.88,per_piece,,local shop
2026-06-17T19:10:00+05:30,12.969589,79.132472,auto_ride,70.0,per_ride,2.8,street quote
2026-06-10T19:10:00+05:30,12.899759,79.14156,auto_ride,66.0,per_ride,4.3,street quote
2026-06-06T19:10:00+05:30,12.899077,79.142388,auto_ride,29.0,per_ride,1.7,street quote
2026-05-10T19:10:00+05:30,12.901617,79.141418,auto_ride,40.0,per_ride,2.4,street quote
2026-08-09T18:40:00+05:30,12.93317,79.156686,egg_table,6.83,per_piece,,local shop
2026-05-22T18:40:00+05:30,12.968454,79.133085,egg_table,7.41,per_piece,,local shop
2026-07-06T18:40:00+05:30,12.969649,79.130801,egg_table,9.79,per_piece,,local shop
2026-06-17T18:40:00+05:30,12.933927,79.15471,egg_table,7.26,per_piece,,local shop
2026-06-12T19:10:00+05:30,12.970838,79.131697,auto_ride,90.0,per_ride,4.1,street quote
2026-05-15T19:10:00+05:30,12.905636,79.094449,auto_ride,49.0,per_ride,3.2,street quote
2026-05-15T18:40:00+05:30,12.901735,79.140333,egg_table,6.26,per_piece,,local shop
2026-07-28T19:10:00+05:30,12.971947,79.133227,auto_ride,90.0,per_ride,4.4,street quote
2026-07-07T18:40:00+05:30,12.933827,79.155991,egg_table,7.47,per_piece,,local shop
2026-05-14T12:00:00+05:30,,,tomato,31.0,per_kg,,no geotag
2026-06-04T19:10:00+05:30,12.905573,79.092998,auto_ride,50.0,per_ride,3.2,street quote
2026-06-23T19:10:00+05:30,12.969778,79.134744,auto_ride,90.0,per_ride,3.6,street quote
2026-05-22T18:40:00+05:30,12.90646,79.093208,egg_table,7.01,per_piece,,local shop
2026-08-09T19:10:00+05:30,12.968638,79.131737,auto_ride,70.0,per_ride,2.2,street quote
2026-07-01T18:40:00+05:30,12.901842,79.143368,egg_table,7.52,per_piece,,local shop
2026-05-16T18:40:00+05:30,12.906115,79.09286,egg_table,6.88,per_piece,,local shop
2026-08-07T18:40:00+05:30,12.907542,79.092705,egg_table,6.25,per_piece,,local shop
2026-07-24T18:40:00+05:30,12.969676,79.131761,egg_table,9.58,per_piece,,local shop
2026-08-04T18:40:00+05:30,12.934388,79.154361,egg_table,6.36,per_piece,,local shop
2026-08-08T19:10:00+05:30,12.900746,79.142387,auto_ride,52.0,per_ride,3.5,street quote
2026-05-28T18:40:00+05:30,12.906576,79.094091,egg_table,7.02,per_piece,,local shop
2026-05-28T19:10:00+05:30,12.899763,79.142487,auto_ride,75.0,per_ride,4.9,street quote
2026-06-29T19:10:00+05:30,12.901463,79.142444,auto_ride,89.0,per_ride,5.7,street quote
2026-08-01T19:10:00+05:30,12.969791,79.132647,auto_ride,90.0,per_ride,3.8,street quote
2026-05-25T19:10:00+05:30,12.971253,79.13229,auto_ride,83.0,per_ride,5.6,street quote
2026-06-16T19:10:00+05:30,12.905717,79.091417,auto_ride,42.0,per_ride,2.6,street quote
2026-06-20T19:10:00+05:30,12.902046,79.141024,auto_ride,46.0,per_ride,2.8,street quote
2026-07-07T17:20:00+05:30,12.95,79.33,egg_table,9.71,per_piece,,single-source zone
2026-07-03T19:10:00+05:30,12.934137,79.152718,auto_ride,72.0,per_ride,4.8,street quote
2026-07-06T18:40:00+05:30,12.934089,79.155511,egg_table,7.39,per_piece,,local shop
2026-05-28T19:10:00+05:30,12.935256,79.155722,auto_ride,48.0,per_ride,3.2,street quote
2026-05-01T12:00:00+05:30,,,tomato,31.0,per_kg,,no geotag
2026-06-07T19:10:00+05:30,12.968686,79.132993,auto_ride,80.0,per_ride,2.3,street quote
2026-05-11T18:40:00+05:30,12.901285,79.141518,egg_table,6.46,per_piece,,local shop
2026-07-31T19:10:00+05:30,12.901764,79.143703,auto_ride,29.0,per_ride,1.7,street quote
2026-06-07T18:40:00+05:30,12.902334,79.141039,egg_table,6.65,per_piece,,local shop
2026-08-08T18:40:00+05:30,12.906468,79.093549,egg_table,6.05,per_piece,,local shop
2026-06-07T19:10:00+05:30,12.968625,79.132883,auto_ride,80.0,per_ride,2.0,street quote
2026-07-29T18:40:00+05:30,12.968607,79.13168,egg_table,9.57,per_piece,,local shop
2026-06-23T18:40:00+05:30,12.970495,79.131862,egg_table,9.67,per_piece,,local shop
2026-06-24T19:10:00+05:30,12.901692,79.142352,auto_ride,78.0,per_ride,5.0,street quote
2026-05-03T19:10:00+05:30,12.969205,79.130955,auto_ride,77.0,per_ride,5.2,street quote
2026-06-26T18:40:00+05:30,12.900878,79.142891,egg_table,7.86,per_piece,,local shop
2026-05-19T19:10:00+05:30,12.901148,79.141702,auto_ride,32.0,per_ride,1.9,street quote
2026-05-30T18:40:00+05:30,12.933836,79.156359,egg_table,6.77,per_piece,,local shop
2026-08-02T17:20:00+05:30,12.95,79.33,egg_table,8.39,per_piece,,single-source zone
2026-06-29T17:20:00+05:30,12.95,79.33,egg_table,9.59,per_piece,,single-source zone
2026-06-09T18:40:00+05:30,12.907129,79.091343,egg_table,6.87,per_piece,,local shop
2026-07-19T19:10:00+05:30,12.935322,79.156304,auto_ride,64.0,per_ride,4.2,street quote
2026-06-30T18:40:00+05:30,12.93645,79.155146,egg_table,7.51,per_piece,,local shop
2026-05-23T12:00:00+05:30,,,tomato,31.0,per_kg,,no geotag
2026-07-18T19:10:00+05:30,12.901065,79.142039,auto_ride,83.0,per_ride,5.5,street quote
2026-07-16T19:10:00+05:30,12.933279,79.156411,auto_ride,33.0,per_ride,1.9,street quote
2026-07-28T18:40:00+05:30,12.900475,79.14232,egg_table,7.9,per_piece,,local shop
2026-07-19T19:10:00+05:30,12.934471,79.154858,auto_ride,59.0,per_ride,4.0,street quote
2026-07-10T19:10:00+05:30,12.901988,79.14301,auto_ride,83.0,per_ride,5.5,street quote
2026-07-23T19:10:00+05:30,12.901934,79.142092,auto_ride,90.0,per_ride,5.8,street quote
2026-08-05T19:10:00+05:30,12.901057,79.142,auto_ride,47.0,per_ride,3.1,street quote
2026-05-29T18:40:00+05:30,12.970757,79.133149,egg_table,6.96,per_piece,,local shop
2026-05-28T18:40:00+05:30,12.900835,79.141675,egg_table,7.59,per_piece,,local shop
2026-07-24T17:20:00+05:30,12.95,79.33,egg_table,10.0,per_piece,,single-source zone
2026-06-20T18:40:00+05:30,12.933925,79.155945,egg_table,7.27,per_piece,,local shop
2026-05-19T18:40:00+05:30,12.900399,79.14233,egg_table,6.36,per_piece,,local shop
2026-05-09T19:10:00+05:30,12.901529,79.142043,auto_ride,48.0,per_ride,3.0,street quote
2026-07-31T18:40:00+05:30,12.969702,79.133443,egg_table,9.83,per_piece,,local shop
2026-05-14T19:10:00+05:30,12.906321,79.093975,auto_ride,66.0,per_ride,4.5,street quote
2026-05-06T18:40:00+05:30,12.901968,79.142658,egg_table,6.55,per_piece,,local shop
2026-05-14T18:40:00+05:30,12.906472,79.092422,egg_table,6.79,per_piece,,local shop
2026-05-21T19:10:00+05:30,12.936694,79.156123,auto_ride,72.0,per_ride,4.8,street quote
2026-05-20T18:40:00+05:30,12.905915,79.092737,egg_table,6.67,per_piece,,local shop
2026-07-06T19:10:00+05:30,12.933717,79.156863,auto_ride,65.0,per_ride,4.1,street quote
2026-05-12T19:10:00+05:30,12.9343,79.156726,auto_ride,31.0,per_ride,1.6,street quote
2026-07-12T18:40:00+05:30,12.906019,79.093055,egg_table,7.47,per_piece,,local shop
2026-07-19T12:00:00+05:30,,,tomato,31.0,per_kg,,no geotag
2026-06-05T18:40:00+05:30,12.901914,79.141904,egg_table,6.54,per_piece,,local shop
2026-08-02T17:20:00+05:30,12.9504,79.3305,egg_table,8.45,per_piece,,single-source zone
2026-05-04T18:40:00+05:30,12.901504,79.142311,egg_table,6.41,per_piece,,local shop
2026-05-29T19:10:00+05:30,12.93125,79.156627,auto_ride,41.0,per_ride,2.7,street quote
2026-08-03T18:40:00+05:30,12.933463,79.154866,egg_table,6.8,per_piece,,local shop
2026-07-07T19:10:00+05:30,12.968903,79.1312,auto_ride,90.0,per_ride,2.6,street quote
2026-05-18T18:40:00+05:30,12.899696,79.142496,egg_table,7.33,per_piece,,local shop
2026-07-29T18:40:00+05:30,12.905151,79.093875,egg_table,6.69,per_piece,,local shop
2026-08-09T18:40:00+05:30,12.968951,79.131154,egg_table,9.78,per_piece,,local shop
,12.9165,79.1325,egg_table,8.4,per_piece,,no timestamp
2026-06-24T19:10:00+05:30,12.971226,79.133696,auto_ride,80.0,per_ride,1.5,street quote
2026-06-04T19:10:00+05:30,12.908419,79.093825,auto_ride,65.0,per_ride,4.4,street quote
2026-05-03T18:40:00+05:30,12.970236,79.132498,egg_table,6.63,per_piece,,local shop
2026-05-01T19:10:00+05:30,12.906109,79.094302,auto_ride,82.0,per_ride,5.3,street quote
2026-07-15T19:10:00+05:30,12.968697,79.133059,auto_ride,80.0,per_ride,5.6,street quote
2026-05-29T19:10:00+05:30,12.901835,79.141746,auto_ride,67.0,per_ride,4.2,street quote
2026-07-14T18:40:00+05:30,12.901598,79.143039,egg_table,7.61,per_piece,,local shop
2026-07-30T19:10:00+05:30,12.968784,79.131796,auto_ride,80.0,per_ride,3.0,street quote
2026-06-26T19:10:00+05:30,12.969383,79.132148,auto_ride,80.0,per_ride,3.8,street quote
2026-05-01T18:40:00+05:30,12.89986,79.140694,egg_table,6.51,per_piece,,local shop
2026-05-20T18:40:00+05:30,12.906688,79.092519,egg_table,6.83,per_piece,,local shop
2026-05-08T18:40:00+05:30,12.969214,79.133428,egg_table,7.16,per_piece,,local shop
2026-05-04T18:40:00+05:30,12.971958,79.131174,egg_table,6.0,per_piece,,local shop
2026-05-01T19:10:00+05:30,12.899139,79.140884,auto_ride,30.0,per_ride,1.8,street quote
2026-05-22T19:10:00+05:30,12.933166,79.155085,auto_ride,34.0,per_ride,2.1,street quote
2026-07-28T19:10:00+05:30,12.93452,79.156377,auto_ride,71.0,per_ride,4.7,street quote
2026-08-05T19:10:00+05:30,12.970731,79.1331,auto_ride,80.0,per_ride,3.3,street quote
2026-07-13T19:10:00+05:30,12.905262,79.092031,auto_ride,74.0,per_ride,5.0,street quote
2026-07-03T18:40:00+05:30,12.905391,79.093709,egg_table,7.94,per_piece,,local shop
2026-08-03T17:20:00+05:30,12.95,79.33,egg_table,8.01,per_piece,,single-source zone
2026-06-13T18:40:00+05:30,12.905984,79.092888,egg_table,6.87,per_piece,,local shop
2026-07-23T19:10:00+05:30,12.933983,79.155582,auto_ride,67.0,per_ride,4.2,street quote
2026-07-30T17:20:00+05:30,12.9504,79.3305,egg_table,8.87,per_piece,,single-source zone
2026-06-20T19:10:00+05:30,12.905675,79.093112,auto_ride,51.0,per_ride,3.4,street quote
2026-07-04T17:20:00+05:30,12.95,79.33,egg_table,9.6,per_piece,,single-source zone
2026-08-09T18:40:00+05:30,12.906055,79.09273,egg_table,6.92,per_piece,,local shop
2026-08-01T18:40:00+05:30,12.970383,79.131983,egg_table,9.83,per_piece,,local shop
2026-07-15T19:10:00+05:30,12.901842,79.142127,auto_ride,78.0,per_ride,5.2,street quote
2026-07-25T19:10:00+05:30,12.934977,79.157096,auto_ride,37.0,per_ride,2.3,street quote
2026-06-19T19:10:00+05:30,12.905897,79.092531,auto_ride,87.0,per_ride,5.6,street quote
2026-06-28T17:20:00+05:30,12.9504,79.3305,egg_table,9.65,per_piece,,single-source zone
2026-07-02T19:10:00+05:30,12.971125,79.131201,auto_ride,80.0,per_ride,5.8,street quote
2026-07-05T19:10:00+05:30,12.968877,79.132726,auto_ride,90.0,per_ride,4.2,street quote
2026-05-31T18:40:00+05:30,12.933998,79.155272,egg_table,6.85,per_piece,,local shop
2026-05-07T18:40:00+05:30,12.969797,79.132388,egg_table,6.48,per_piece,,local shop
2026-07-16T18:40:00+05:30,12.934104,79.155963,egg_table,8.12,per_piece,,local shop
2026-06-24T19:10:00+05:30,12.968687,79.132681,auto_ride,90.0,per_ride,4.0,street quote
2026-05-05T18:40:00+05:30,12.899369,79.142887,egg_table,6.09,per_piece,,local shop
2026-06-19T18:40:00+05:30,12.905908,79.093625,egg_table,8.18,per_piece,,local shop
2026-07-10T18:40:00+05:30,12.935613,79.155568,egg_table,7.69,per_piece,,local shop
2026-07-04T18:40:00+05:30,12.933707,79.156538,egg_table,7.78,per_piece,,local shop
2026-07-17T17:20:00+05:30,12.9504,79.3305,egg_table,9.93,per_piece,,single-source zone
2026-08-02T19:10:00+05:30,12.932925,79.155026,auto_ride,65.0,per_ride,4.3,street quote
2026-05-26T18:40:00+05:30,12.933309,79.15665,egg_table,6.24,per_piece,,local shop
2026-06-16T18:40:00+05:30,12.905712,79.092668,egg_table,7.13,per_piece,,local shop
2026-07-21T18:40:00+05:30,12.905973,79.092968,egg_table,8.72,per_piece,,local shop
2026-06-29T19:10:00+05:30,12.90544,79.092092,auto_ride,49.0,per_ride,3.0,street quote
2026-07-15T19:10:00+05:30,12.934559,79.154117,auto_ride,76.0,per_ride,5.0,street quote
2026-07-25T19:10:00+05:30,12.934465,79.155394,auto_ride,90.0,per_ride,5.7,street quote
2026-05-05T19:10:00+05:30,12.905128,79.091685,auto_ride,56.0,per_ride,3.5,street quote
2026-05-31T19:10:00+05:30,12.934835,79.156875,auto_ride,44.0,per_ride,2.8,street quote
2026-07-18T18:40:00+05:30,12.906014,79.092476,egg_table,8.03,per_piece,,local shop
2026-06-27T18:40:00+05:30,12.900111,79.142172,egg_table,7.57,per_piece,,local shop
2026-06-27T18:40:00+05:30,12.969943,79.132327,egg_table,9.75,per_piece,,local shop
,12.9165,79.1325,egg_table,8.4,per_piece,,no timestamp
2026-06-14T19:10:00+05:30,12.905109,79.092098,auto_ride,69.0,per_ride,4.7,street quote
2026-08-05T17:20:00+05:30,12.9504,79.3305,egg_table,7.92,per_piece,,single-source zone
2026-07-06T19:10:00+05:30,12.971471,79.131927,auto_ride,80.0,per_ride,3.2,street quote
2026-05-19T18:40:00+05:30,12.906521,79.094128,egg_table,7.22,per_piece,,local shop
2026-06-26T18:40:00+05:30,12.899596,79.141969,egg_table,8.11,per_piece,,local shop
2026-05-30T18:40:00+05:30,12.904705,79.09279,egg_table,6.95,per_piece,,local shop
2026-05-24T18:40:00+05:30,12.90596,79.093,egg_table,6.19,per_piece,,local shop
2026-06-23T18:40:00+05:30,12.900371,79.142626,egg_table,7.46,per_piece,,local shop
2026-05-12T18:40:00+05:30,12.900435,79.141983,egg_table,6.33,per_piece,,local shop
2026-05-22T18:40:00+05:30,12.900973,79.141413,egg_table,6.31,per_piece,,local shop
2026-05-13T19:10:00+05:30,12.906103,79.093304,auto_ride,54.0,per_ride,3.6,street quote
2026-05-21T18:40:00+05:30,12.905072,79.094131,egg_table,6.02,per_piece,,local shop
2026-07-25T19:10:00+05:30,12.969918,79.13245,auto_ride,80.0,per_ride,2.2,street quote
2026-05-02T19:10:00+05:30,12.901084,79.142176,auto_ride,63.0,per_ride,4.1,street quote
2026-06-07T18:40:00+05:30,12.970542,79.133187,egg_table,9.47,per_piece,,local shop
2026-07-09T19:10:00+05:30,12.905405,79.093906,auto_ride,48.0,per_ride,2.9,street quote
2026-06-25T19:10:00+05:30,12.900619,79.142429,auto_ride,56.0,per_ride,3.5,street quote
2026-07-27T17:20:00+05:30,12.95,79.33,egg_table,9.24,per_piece,,single-source zone
2026-05-24T19:10:00+05:30,12.97047,79.133341,auto_ride,67.0,per_ride,4.3,street quote
2026-06-01T18:40:00+05:30,12.934364,79.156565,egg_table,6.18,per_piece,,local shop
2026-07-29T18:40:00+05:30,12.901257,79.142183,egg_table,6.88,per_piece,,local shop
2026-06-01T18:40:00+05:30,12.969622,79.132847,egg_table,9.69,per_piece,,local shop
2026-07-29T18:40:00+05:30,12.933485,79.156111,egg_table,7.64,per_piece,,local shop
2026-07-07T17:20:00+05:30,12.9504,79.3305,egg_table,9.55,per_piece,,single-source zone
2026-06-15T19:10:00+05:30,12.969951,79.132992,auto_ride,90.0,per_ride,3.2,street quote
2026-07-14T19:10:00+05:30,12.972236,79.1321,auto_ride,70.0,per_ride,4.1,street quote
2026-06-02T18:40:00+05:30,12.934221,79.156709,egg_table,7.03,per_piece,,local shop
2026-07-10T17:20:00+05:30,12.9504,79.3305,egg_table,9.62,per_piece,,single-source zone
2026-07-30T18:40:00+05:30,12.90072,79.141223,egg_table,6.64,per_piece,,local shop
2026-05-02T18:40:00+05:30,12.906163,79.093153,egg_table,7.01,per_piece,,local shop
2026-06-21T18:40:00+05:30,12.934842,79.154867,egg_table,7.57,per_piece,,local shop
2026-08-05T18:40:00+05:30,12.900523,79.140024,egg_table,7.12,per_piece,,local shop
2026-05-27T18:40:00+05:30,12.970195,79.135384,egg_table,7.43,per_piece,,local shop
2026-05-31T12:00:00+05:30,,,tomato,31.0,per_kg,,no geotag
2026-06-26T19:10:00+05:30,12.970827,79.13142,auto_ride,80.0,per_ride,2.6,street quote
2026-07-15T18:40:00+05:30,12.906659,79.093312,egg_table,8.76,per_piece,,local shop
2026-07-23T19:10:00+05:30,12.90259,79.143172,auto_ride,51.0,per_ride,3.2,street quote
2026-06-13T18:40:00+05:30,12.935533,79.156525,egg_table,7.6,per_piece,,local shop
2026-07-17T18:40:00+05:30,12.968529,79.132309,egg_table,9.73,per_piece,,local shop
2026-05-23T18:40:00+05:30,12.970267,79.132891,egg_table,6.71,per_piece,,local shop
2026-05-03T19:10:00+05:30,12.900288,79.143109,auto_ride,44.0,per_ride,2.9,street quote
2026-07-02T18:40:00+05:30,12.935514,79.156104,egg_table,8.48,per_piece,,local shop
2026-07-25T19:10:00+05:30,12.9053,79.09343,auto_ride,52.0,per_ride,3.4,street quote
2026-06-29T18:40:00+05:30,12.935067,79.155455,egg_table,7.55,per_piece,,local shop
2026-05-29T19:10:00+05:30,12.905537,79.09366,auto_ride,85.0,per_ride,5.8,street quote
2026-06-10T18:40:00+05:30,12.969495,79.133154,egg_table,9.43,per_piece,,local shop
2026-07-18T17:20:00+05:30,12.95,79.33,egg_table,10.01,per_piece,,single-source zone
2026-05-11T19:10:00+05:30,12.901136,79.140893,auto_ride,85.0,per_ride,5.7,street quote
2026-07-22T18:40:00+05:30,12.967883,79.132438,egg_table,9.62,per_piece,,local shop
2026-07-22T19:10:00+05:30,12.970524,79.132535,auto_ride,90.0,per_ride,2.9,street quote
2026-08-01T19:10:00+05:30,12.934403,79.157371,auto_ride,63.0,per_ride,4.3,street quote
2026-07-11T18:40:00+05:30,12.933988,79.154883,egg_table,8.37,per_piece,,local shop
2026-06-23T18:40:00+05:30,12.899566,79.142577,egg_table,7.12,per_piece,,local shop
2026-05-19T18:40:00+05:30,12.935681,79.157073,egg_table,7.03,per_piece,,local shop
2026-07-12T18:40:00+05:30,12.935352,79.155071,egg_table,8.13,per_piece,,local shop
2026-06-19T18:40:00+05:30,12.93356,79.156516,egg_table,7.44,per_piece,,local shop
2026-06-09T19:10:00+05:30,12.933509,79.156452,auto_ride,56.0,per_ride,3.7,street quote
2026-07-17T17:20:00+05:30,12.95,79.33,egg_table,10.04,per_piece,,single-source zone
2026-06-14T19:10:00+05:30,12.901458,79.144342,auto_ride,93.0,per_ride,5.9,street quote
2026-07-07T19:10:00+05:30,12.90191,79.14418,auto_ride,80.0,per_ride,5.2,street quote
2026-06-21T19:10:00+05:30,12.935174,79.156012,auto_ride,91.0,per_ride,5.9,street quote
2026-05-15T18:40:00+05:30,12.933945,79.156945,egg_table,6.02,per_piece,,local shop
2026-06-16T18:40:00+05:30,12.968646,79.132053,egg_table,9.5,per_piece,,local shop
2026-06-05T19:10:00+05:30,12.905695,79.09402,auto_ride,51.0,per_ride,3.4,street quote
2026-06-01T19:10:00+05:30,12.905328,79.094535,auto_ride,63.0,per_ride,4.1,street quote
2026-06-11T19:10:00+05:30,12.969694,79.131611,auto_ride,80.0,per_ride,2.9,street quote
2026-08-08T19:10:00+05:30,12.908295,79.093336,auto_ride,66.0,per_ride,4.5,street quote
2026-06-04T19:10:00+05:30,12.968445,79.132078,auto_ride,80.0,per_ride,3.2,street quote
2026-07-27T19:10:00+05:30,12.901944,79.14138,auto_ride,37.0,per_ride,2.2,street quote
2026-08-10T19:10:00+05:30,12.899812,79.143378,auto_ride,50.0,per_ride,3.3,street quote
2026-06-07T18:40:00+05:30,12.971165,79.132829,egg_table,9.49,per_piece,,local shop
2026-05-01T18:40:00+05:30,12.969412,79.132134,egg_table,6.27,per_piece,,local shop
2026-06-18T18:40:00+05:30,12.906288,79.09294,egg_table,8.12,per_piece,,local shop
2026-05-10T19:10:00+05:30,12.935196,79.157264,auto_ride,85.0,per_ride,5.5,street quote
2026-06-30T18:40:00+05:30,12.968914,79.130775,egg_table,9.81,per_piece,,local shop
2026-05-21T18:40:00+05:30,12.900803,79.140804,egg_table,6.35,per_piece,,local shop
2026-07-10T18:40:00+05:30,12.933183,79.155079,egg_table,8.21,per_piece,,local shop
2026-07-16T18:40:00+05:30,12.901174,79.141652,egg_table,8.46,per_piece,,local shop
2026-07-13T19:10:00+05:30,12.968631,79.132726,auto_ride,90.0,per_ride,2.2,street quote
2026-05-04T19:10:00+05:30,12.969197,79.130467,auto_ride,64.0,per_ride,4.2,street quote
2026-05-02T18:40:00+05:30,12.905252,79.093302,egg_table,6.08,per_piece,,local shop
2026-08-04T19:10:00+05:30,12.905888,79.09263,auto_ride,40.0,per_ride,2.4,street quote
2026-07-03T19:10:00+05:30,12.969915,79.133973,auto_ride,70.0,per_ride,2.0,street quote
2026-07-15T18:40:00+05:30,12.933793,79.155409,egg_table,8.49,per_piece,,local shop
2026-05-28T18:40:00+05:30,12.933703,79.156537,egg_table,6.74,per_piece,,local shop
2026-05-26T18:40:00+05:30,12.96914,79.132154,egg_table,6.6,per_piece,,local shop
2026-08-02T19:10:00+05:30,12.968679,79.132059,auto_ride,90.0,per_ride,5.2,street quote
2026-07-31T17:20:00+05:30,12.95,79.33,egg_table,8.94,per_piece,,single-source zone
2026-08-01T18:40:00+05:30,12.905833,79.092032,egg_table,7.39,per_piece,,local shop
2026-07-27T19:10:00+05:30,12.968831,79.133384,auto_ride,90.0,per_ride,5.4,street quote
2026-06-28T19:10:00+05:30,12.934121,79.156269,auto_ride,79.0,per_ride,5.3,street quote
2026-05-15T18:40:00+05:30,12.969802,79.131782,egg_table,6.29,per_piece,,local shop
2026-06-27T18:40:00+05:30,12.93543,79.157149,egg_table,7.32,per_piece,,local shop
2026-05-23T19:10:00+05:30,12.970559,79.131455,auto_ride,72.0,per_ride,4.9,street quote
2026-08-09T17:20:00+05:30,12.95,79.33,egg_table,8.06,per_piece,,single-source zone
2026-05-21T19:10:00+05:30,12.971144,79.131592,auto_ride,50.0,per_ride,3.1,street quote
2026-06-18T18:40:00+05:30,12.906859,79.094053,egg_table,7.89,per_piece,,local shop
2026-07-21T19:10:00+05:30,12.968696,79.13268,auto_ride,80.0,per_ride,1.6,street quote
2026-06-30T18:40:00+05:30,12.901542,79.142219,egg_table,8.57,per_piece,,local shop
2026-05-16T18:40:00+05:30,12.901313,79.14115,egg_table,7.07,per_piece,,local shop
2026-07-23T18:40:00+05:30,12.933908,79.155888,egg_table,7.66,per_piece,,local shop
2026-06-27T12:00:00+05:30,,,tomato,31.0,per_kg,,no geotag
2026-06-09T18:40:00+05:30,12.93348,79.155732,egg_table,6.88,per_piece,,local shop
2026-08-04T18:40:00+05:30,12.906485,79.092746,egg_table,6.81,per_piece,,local shop
2026-05-20T18:40:00+05:30,12.969561,79.132756,egg_table,6.47,per_piece,,local shop
2026-07-20T18:40:00+05:30,12.932293,79.155954,egg_table,7.9,per_piece,,local shop
2026-05-25T19:10:00+05:30,12.934781,79.155714,auto_ride,82.0,per_ride,5.3,street quote
2026-06-11T18:40:00+05:30,12.905819,79.092841,egg_table,7.32,per_piece,,local shop
2026-05-16T19:10:00+05:30,12.904711,79.094752,auto_ride,72.0,per_ride,4.5,street quote
2026-07-30T19:10:00+05:30,12.903753,79.094512,auto_ride,68.0,per_ride,4.4,street quote
2026-05-05T19:10:00+05:30,12.900557,79.142974,auto_ride,76.0,per_ride,4.9,street quote
2026-06-29T18:40:00+05:30,12.968636,79.133271,egg_table,9.79,per_piece,,local shop
2026-07-11T19:10:00+05:30,12.905272,79.092747,auto_ride,32.0,per_ride,2.0,street quote
2026-08-07T19:10:00+05:30,12.900983,79.142576,auto_ride,41.0,per_ride,2.7,street quote
2026-07-13T17:20:00+05:30,12.95,79.33,egg_table,9.88,per_piece,,single-source zone
2026-05-08T19:10:00+05:30,12.904449,79.092248,auto_ride,53.0,per_ride,3.3,street quote
2026-05-17T18:40:00+05:30,12.970358,79.132662,egg_table,6.26,per_piece,,local shop
2026-05-07T19:10:00+05:30,12.906445,79.093217,auto_ride,60.0,per_ride,4.0,street quote
2026-06-15T19:10:00+05:30,12.934272,79.155991,auto_ride,87.0,per_ride,5.9,street quote
2026-08-07T18:40:00+05:30,12.899875,79.142549,egg_table,6.65,per_piece,,local shop
2026-07-04T19:10:00+05:30,12.933987,79.155974,auto_ride,30.0,per_ride,1.8,street quote
2026-08-07T19:10:00+05:30,12.905614,79.091946,auto_ride,45.0,per_ride,3.0,street quote
2026-08-10T18:40:00+05:30,12.935713,79.154448,egg_table,6.05,per_piece,,local shop
2026-05-30T18:40:00+05:30,12.970284,79.132914,egg_table,6.85,per_piece,,local shop
2026-07-14T18:40:00+05:30,12.970382,79.132813,egg_table,9.79,per_piece,,local shop
2026-07-24T19:10:00+05:30,12.935015,79.157177,auto_ride,30.0,per_ride,1.5,street quote
2026-06-06T19:10:00+05:30,12.9052,79.094089,auto_ride,50.0,per_ride,3.3,street quote
2026-06-06T18:40:00+05:30,12.90129,79.14223,egg_table,6.47,per_piece,,local shop
2026-07-01T17:20:00+05:30,12.9504,79.3305,egg_table,9.53,per_piece,,single-source zone
2026-06-09T19:10:00+05:30,12.967341,79.130824,auto_ride,80.0,per_ride,5.0,street quote
2026-07-24T18:40:00+05:30,12.90661,79.090905,egg_table,8.1,per_piece,,local shop
2026-06-17T19:10:00+05:30,12.9063,79.092811,auto_ride,82.0,per_ride,5.5,street quote
2026-05-19T19:10:00+05:30,12.901775,79.14228,auto_ride,32.0,per_ride,1.9,street quote
2026-07-30T19:10:00+05:30,12.905988,79.093721,auto_ride,30.0,per_ride,1.7,street quote
2026-05-31T19:10:00+05:30,12.899992,79.14087,auto_ride,58.0,per_ride,3.7,street quote
2026-08-01T18:40:00+05:30,12.933728,79.155893,egg_table,6.23,per_piece,,local shop
2026-07-11T19:10:00+05:30,12.905655,79.094459,auto_ride,53.0,per_ride,3.6,street quote
2026-07-16T19:10:00+05:30,12.97015,79.131892,auto_ride,80.0,per_ride,5.7,street quote
2026-06-16T19:10:00+05:30,12.968773,79.131724,auto_ride,80.0,per_ride,1.9,street quote
2026-07-04T19:10:00+05:30,12.904221,79.093685,auto_ride,77.0,per_ride,5.3,street quote
2026-07-11T19:10:00+05:30,12.900395,79.141577,auto_ride,69.0,per_ride,4.4,street quote
2026-06-24T19:10:00+05:30,12.90547,79.093005,auto_ride,62.0,per_ride,4.0,street quote
2026-07-28T18:40:00+05:30,12.968904,79.134551,egg_table,9.72,per_piece,,local shop
2026-06-12T19:10:00+05:30,12.970649,79.133334,auto_ride,80.0,per_ride,4.3,street quote
2026-07-12T19:10:00+05:30,12.934063,79.155734,auto_ride,31.0,per_ride,1.8,street quote
2026-07-23T18:40:00+05:30,12.900724,79.142174,egg_table,8.39,per_piece,,local shop
2026-05-30T19:10:00+05:30,12.899393,79.140159,auto_ride,30.0,per_ride,1.7,street quote
2026-07-29T17:20:00+05:30,12.9504,79.3305,egg_table,8.95,per_piece,,single-source zone
2026-05-17T19:10:00+05:30,12.901408,79.141665,auto_ride,60.0,per_ride,3.8,street quote
2026-05-10T19:10:00+05:30,12.901098,79.141708,auto_ride,57.0,per_ride,3.5,street quote
2026-08-10T19:10:00+05:30,12.899864,79.142002,auto_ride,46.0,per_ride,2.8,street quote
2026-07-17T18:40:00+05:30,12.901362,79.140522,egg_table,7.98,per_piece,,local shop
2026-08-02T19:10:00+05:30,12.900394,79.142596,auto_ride,43.0,per_ride,2.6,street quote
2026-05-03T18:40:00+05:30,12.905884,79.092481,egg_table,6.08,per_piece,,local shop
2026-05-06T19:10:00+05:30,12.933128,79.15482,auto_ride,72.0,per_ride,4.6,street quote
2026-07-10T18:40:00+05:30,12.969937,79.131879,egg_table,9.78,per_piece,,local shop
2026-05-05T18:40:00+05:30,12.904507,79.093312,egg_table,6.71,per_piece,,local shop
2026-05-20T19:10:00+05:30,12.970093,79.130761,auto_ride,46.0,per_ride,2.9,street quote
2026-08-02T18:40:00+05:30,12.933477,79.156688,egg_table,6.6,per_piece,,local shop
2026-06-30T19:10:00+05:30,12.934015,79.157097,auto_ride,54.0,per_ride,3.6,street quote
2026-06-20T19:10:00+05:30,12.970572,79.131434,auto_ride,80.0,per_ride,2.4,street quote
2026-08-09T18:40:00+05:30,12.904801,79.092205,egg_table,6.34,per_piece,,local shop
2026-06-29T18:40:00+05:30,12.932348,79.154938,egg_table,8.12,per_piece,,local shop
2026-05-12T19:10:00+05:30,12.905737,79.093844,auto_ride,29.0,per_ride,1.8,street quote
2026-06-29T18:40:00+05:30,12.899376,79.142286,egg_table,7.9,per_piece,,local shop
2026-08-04T18:40:00+05:30,12.899312,79.139213,egg_table,6.97,per_piece,,local shop
2026-08-08T19:10:00+05:30,12.902189,79.142791,auto_ride,77.0,per_ride,5.0,street quote
2026-07-05T18:40:00+05:30,12.9326,79.154627,egg_table,7.33,per_piece,,local shop
2026-07-10T19:10:00+05:30,12.901019,79.141834,auto_ride,64.0,per_ride,4.1,street quote
2026-05-04T19:10:00+05:30,12.906784,79.092237,auto_ride,79.0,per_ride,5.0,street quote
2026-07-12T19:10:00+05:30,12.934714,79.156532,auto_ride,36.0,per_ride,2.1,street quote
2026-06-17T19:10:00+05:30,12.933656,79.156267,auto_ride,66.0,per_ride,4.1,street quote
2026-07-12T18:40:00+05:30,12.970598,79.130966,egg_table,9.78,per_piece,,local shop
2026-05-19T18:40:00+05:30,12.906803,79.092881,egg_table,6.17,per_piece,,local shop
2026-05-04T19:10:00+05:30,12.900985,79.139822,auto_ride,81.0,per_ride,5.3,street quote
2026-06-13T19:10:00+05:30,12.900964,79.141998,auto_ride,38.0,per_ride,2.4,street quote
2026-05-29T18:40:00+05:30,12.90702,79.093523,egg_table,6.14,per_piece,,local shop
2026-05-03T19:10:00+05:30,12.906624,79.093211,auto_ride,70.0,per_ride,4.5,street quote
2026-06-30T19:10:00+05:30,12.907017,79.094359,auto_ride,62.0,per_ride,4.2,street quote
2026-07-26T18:40:00+05:30,12.90589,79.094621,egg_table,8.35,per_piece,,local shop
2026-07-17T19:10:00+05:30,12.935169,79.155058,auto_ride,58.0,per_ride,3.9,street quote
2026-07-31T19:10:00+05:30,12.970121,79.132081,auto_ride,80.0,per_ride,2.0,street quote
2026-06-08T19:10:00+05:30,12.901192,79.141046,auto_ride,31.0,per_ride,1.9,street quote
2026-06-16T18:40:00+05:30,12.933434,79.157058,egg_table,7.2,per_piece,,local shop
2026-06-12T18:40:00+05:30,12.901055,79.142468,egg_table,7.68,per_piece,,local shop
2026-05-22T18:40:00+05:30,12.933642,79.15574,egg_table,6.94,per_piece,,local shop
2026-07-23T18:40:00+05:30,12.969693,79.133246,egg_table,9.67,per_piece,,local shop
2026-07-28T18:40:00+05:30,12.906655,79.094627,egg_table,7.05,per_piece,,local shop
2026-05-30T19:10:00+05:30,12.97108,79.13268,auto_ride,77.0,per_ride,5.2,street quote
2026-06-01T19:10:00+05:30,12.905326,79.091633,auto_ride,29.0,per_ride,1.8,street quote
2026-07-09T18:40:00+05:30,12.933245,79.155971,egg_table,8.18,per_piece,,local shop
2026-08-03T17:20:00+05:30,12.9504,79.3305,egg_table,7.92,per_piece,,single-source zone
2026-06-02T18:40:00+05:30,12.970366,79.132632,egg_table,9.6,per_piece,,local shop
2026-06-27T18:40:00+05:30,12.900586,79.141803,egg_table,7.71,per_piece,,local shop
2026-06-24T18:40:00+05:30,12.90227,79.141281,egg_table,7.94,per_piece,,local shop
2026-06-17T18:40:00+05:30,12.897615,79.140663,egg_table,8.12,per_piece,,local shop
2026-08-01T18:40:00+05:30,12.900524,79.142738,egg_table,6.76,per_piece,,local shop
2026-05-24T19:10:00+05:30,12.901607,79.142472,auto_ride,66.0,per_ride,4.5,street quote
2026-07-18T19:10:00+05:30,12.907899,79.093945,auto_ride,53.0,per_ride,3.3,street quote
2026-07-18T19:10:00+05:30,12.90153,79.142502,auto_ride,93.0,per_ride,5.9,street quote
2026-05-01T18:40:00+05:30,12.934606,79.156141,egg_table,5.96,per_piece,,local shop
2026-07-24T19:10:00+05:30,12.96891,79.133025,auto_ride,80.0,per_ride,5.2,street quote
2026-05-16T18:40:00+05:30,12.969659,79.13501,egg_table,6.93,per_piece,,local shop
2026-08-01T18:40:00+05:30,12.901445,79.141934,egg_table,6.4,per_piece,,local shop
2026-07-03T19:10:00+05:30,12.970805,79.132061,auto_ride,70.0,per_ride,1.7,street quote
2026-06-10T18:40:00+05:30,12.935444,79.15516,egg_table,7.41,per_piece,,local shop
2026-07-14T19:10:00+05:30,12.933339,79.154848,auto_ride,55.0,per_ride,3.7,street quote
2026-06-28T18:40:00+05:30,12.934351,79.155001,egg_table,7.77,per_piece,,local shop
2026-05-30T18:40:00+05:30,12.96915,79.133275,egg_table,6.62,per_piece,,local shop
2026-07-23T18:40:00+05:30,12.934013,79.155092,egg_table,8.29,per_piece,,local shop
2026-05-11T19:10:00+05:30,12.905329,79.09218,auto_ride,92.0,per_ride,5.8,street quote
2026-06-02T19:10:00+05:30,12.932841,79.156645,auto_ride,34.0,per_ride,2.0,street quote
2026-08-06T19:10:00+05:30,12.906273,79.091796,auto_ride,73.0,per_ride,4.9,street quote
2026-05-06T19:10:00+05:30,12.905136,79.092808,auto_ride,63.0,per_ride,4.0,street quote
2026-06-09T19:10:00+05:30,12.904703,79.094413,auto_ride,35.0,per_ride,2.2,street quote
2026-05-07T18:40:00+05:30,12.971583,79.130693,egg_table,6.02,per_piece,,local shop
2026-07-02T17:20:00+05:30,12.9504,79.3305,egg_table,9.54,per_piece,,single-source zone
2026-05-03T19:10:00+05:30,12.969658,79.130216,auto_ride,84.0,per_ride,5.4,street quote
2026-07-10T18:40:00+05:30,12.968118,79.133136,egg_table,9.78,per_piece,,local shop
2026-08-02T18:40:00+05:30,12.901348,79.140021,egg_table,6.32,per_piece,,local shop
2026-05-19T19:10:00+05:30,12.906572,79.093677,auto_ride,63.0,per_ride,4.3,street quote
2026-08-05T17:20:00+05:30,12.95,79.33,egg_table,8.01,per_piece,,single-source zone
2026-07-31T18:40:00+05:30,12.90019,79.141792,egg_table,7.23,per_piece,,local shop
2026-06-27T17:20:00+05:30,12.95,79.33,egg_table,9.59,per_piece,,single-source zone
2026-07-11T19:10:00+05:30,12.967896,79.131393,auto_ride,80.0,per_ride,3.1,street quote
2026-07-07T19:10:00+05:30,12.933582,79.154958,auto_ride,32.0,per_ride,2.0,street quote
2026-07-17T18:40:00+05:30,12.906062,79.093548,egg_table,8.76,per_piece,,local shop
2026-05-26T18:40:00+05:30,12.934019,79.158269,egg_table,6.83,per_piece,,local shop
2026-07-10T19:10:00+05:30,12.907248,79.091857,auto_ride,58.0,per_ride,3.7,street quote
2026-06-05T19:10:00+05:30,12.969284,79.132479,auto_ride,80.0,per_ride,3.6,street quote
2026-08-06T19:10:00+05:30,12.969282,79.132449,auto_ride,80.0,per_ride,2.3,street quote
2026-06-20T18:40:00+05:30,12.901758,79.142667,egg_table,8.34,per_piece,,local shop
2026-05-02T18:40:00+05:30,12.905145,79.092622,egg_table,6.63,per_piece,,local shop
2026-07-31T18:40:00+05:30,12.906162,79.093949,egg_table,6.94,per_piece,,local shop
2026-07-23T17:20:00+05:30,12.9504,79.3305,egg_table,10.04,per_piece,,single-source zone
2026-05-27T19:10:00+05:30,12.969109,79.131355,auto_ride,33.0,per_ride,2.0,street quote
2026-08-04T18:40:00+05:30,12.969024,79.132447,egg_table,9.78,per_piece,,local shop
2026-05-22T12:00:00+05:30,,,tomato,31.0,per_kg,,no geotag
2026-05-25T19:10:00+05:30,12.905638,79.093481,auto_ride,52.0,per_ride,3.5,street quote
2026-07-09T18:40:00+05:30,12.901732,79.14228,egg_table,7.83,per_piece,,local shop
2026-05-18T18:40:00+05:30,12.9009,79.142839,egg_table,6.17,per_piece,,local shop
2026-08-07T19:10:00+05:30,12.971146,79.131269,auto_ride,90.0,per_ride,2.0,street quote
2026-08-08T17:20:00+05:30,12.95,79.33,egg_table,7.93,per_piece,,single-source zone
2026-07-05T17:20:00+05:30,12.9504,79.3305,egg_table,9.54,per_piece,,single-source zone
2026-07-24T19:10:00+05:30,12.900763,79.141889,auto_ride,74.0,per_ride,4.7,street quote
2026-05-07T18:40:00+05:30,12.904843,79.092856,egg_table,6.97,per_piece,,local shop
2026-05-24T19:10:00+05:30,12.904439,79.09388,auto_ride,32.0,per_ride,2.0,street quote
2026-05-20T18:40:00+05:30,12.969025,79.132559,egg_table,6.64,per_piece,,local shop
2026-06-07T19:10:00+05:30,12.9353,79.157143,auto_ride,61.0,per_ride,4.1,street quote
2026-05-24T19:10:00+05:30,12.901682,79.141658,auto_ride,32.0,per_ride,2.0,street quote
2026-07-28T19:10:00+05:30,12.969877,79.133163,auto_ride,70.0,per_ride,2.6,street quote
2026-06-08T19:10:00+05:30,12.934911,79.15514,auto_ride,76.0,per_ride,5.1,street quote
2026-06-30T18:40:00+05:30,12.901721,79.142116,egg_table,7.96,per_piece,,local shop
2026-06-02T19:10:00+05:30,12.900284,79.141529,auto_ride,29.0,per_ride,1.6,street quote
2026-05-25T19:10:00+05:30,12.933319,79.155009,auto_ride,40.0,per_ride,2.5,street quote
2026-08-03T19:10:00+05:30,12.900914,79.143801,auto_ride,83.0,per_ride,5.4,street quote
2026-07-17T19:10:00+05:30,12.905889,79.091159,auto_ride,81.0,per_ride,5.2,street quote
2026-05-10T19:10:00+05:30,12.971427,79.131598,auto_ride,43.0,per_ride,2.7,street quote
2026-07-22T18:40:00+05:30,12.932722,79.157139,egg_table,8.31,per_piece,,local shop
2026-05-02T19:10:00+05:30,12.934477,79.154822,auto_ride,39.0,per_ride,2.4,street quote
2026-07-13T18:40:00+05:30,12.970682,79.130875,egg_table,9.78,per_piece,,local shop
2026-05-09T19:10:00+05:30,12.968878,79.133483,auto_ride,33.0,per_ride,2.1,street quote
2026-05-11T19:10:00+05:30,12.904937,79.093471,auto_ride,79.0,per_ride,5.4,street quote
2026-07-11T18:40:00+05:30,12.970566,79.134024,egg_table,9.79,per_piece,,local shop
2026-05-28T19:10:00+05:30,12.901503,79.142872,auto_ride,83.0,per_ride,5.6,street quote
2026-06-04T18:40:00+05:30,12.93398,79.157052,egg_table,6.58,per_piece,,local shop
2026-05-26T18:40:00+05:30,12.903874,79.093336,egg_table,6.65,per_piece,,local shop
,12.9165,79.1325,egg_table,8.4,per_piece,,no timestamp
2026-07-25T18:40:00+05:30,12.971076,79.133405,egg_table,9.6,per_piece,,local shop
2026-07-09T19:10:00+05:30,12.97029,79.131862,auto_ride,90.0,per_ride,2.3,street quote
2026-07-06T19:10:00+05:30,12.969796,79.133042,auto_ride,90.0,per_ride,2.7,street quote
2026-07-15T18:40:00+05:30,12.967836,79.132815,egg_table,9.77,per_piece,,local shop
2026-07-28T19:10:00+05:30,12.934431,79.156226,auto_ride,74.0,per_ride,5.0,street quote
2026-08-06T18:40:00+05:30,12.971465,79.133818,egg_table,9.77,per_piece,,local shop
2026-07-09T17:20:00+05:30,12.95,79.33,egg_table,9.53,per_piece,,single-source zone
2026-05-10T18:40:00+05:30,12.906747,79.095244,egg_table,6.1,per_piece,,local shop
2026-05-15T18:40:00+05:30,12.900776,79.142274,egg_table,6.12,per_piece,,local shop
2026-05-02T18:40:00+05:30,12.934026,79.156052,egg_table,6.95,per_piece,,local shop
2026-07-14T19:10:00+05:30,12.934223,79.155349,auto_ride,76.0,per_ride,5.1,street quote
2026-05-23T19:10:00+05:30,12.904682,79.092971,auto_ride,84.0,per_ride,5.8,street quote
2026-06-27T19:10:00+05:30,12.934572,79.154994,auto_ride,30.0,per_ride,1.9,street quote
2026-05-02T19:10:00+05:30,12.899499,79.142648,auto_ride,83.0,per_ride,5.5,street quote
2026-06-27T18:40:00+05:30,12.969392,79.133942,egg_table,9.77,per_piece,,local shop
2026-07-17T19:10:00+05:30,12.900771,79.141784,auto_ride,68.0,per_ride,4.7,street quote
2026-08-05T18:40:00+05:30,12.90627,79.092551,egg_table,6.72,per_piece,,local shop
2026-05-03T18:40:00+05:30,12.901212,79.141817,egg_table,6.02,per_piece,,local shop
2026-07-09T19:10:00+05:30,12.900929,79.142623,auto_ride,75.0,per_ride,5.1,street quote
,12.9165,79.1325,egg_table,8.4,per_piece,,no timestamp
2026-07-15T19:10:00+05:30,12.902824,79.142787,auto_ride,74.0,per_ride,4.8,street quote
2026-07-26T18:40:00+05:30,12.971235,79.132413,egg_table,9.74,per_piece,,local shop
2026-07-12T19:10:00+05:30,12.970353,79.132495,auto_ride,90.0,per_ride,4.0,street quote
2026-05-30T19:10:00+05:30,12.906907,79.092492,auto_ride,57.0,per_ride,3.6,street quote
2026-07-14T19:10:00+05:30,12.970469,79.132999,auto_ride,80.0,per_ride,4.2,street quote
2026-06-19T18:40:00+05:30,12.934864,79.156467,egg_table,7.79,per_piece,,local shop
2026-05-06T19:10:00+05:30,12.970019,79.133784,auto_ride,69.0,per_ride,4.4,street quote
2026-07-23T19:10:00+05:30,12.933308,79.155866,auto_ride,29.0,per_ride,1.7,street quote
2026-07-15T19:10:00+05:30,12.969043,79.132191,auto_ride,80.0,per_ride,5.8,street quote
2026-05-01T19:10:00+05:30,12.901726,79.142174,auto_ride,55.0,per_ride,3.6,street quote
2026-05-17T19:10:00+05:30,12.935562,79.154965,auto_ride,49.0,per_ride,3.2,street quote
2026-05-18T18:40:00+05:30,12.905573,79.093208,egg_table,6.22,per_piece,,local shop
2026-08-07T18:40:00+05:30,12.905237,79.093459,egg_table,6.4,per_piece,,local shop
2026-06-02T19:10:00+05:30,12.970267,79.132134,auto_ride,90.0,per_ride,5.9,street quote
2026-06-18T18:40:00+05:30,12.900032,79.142602,egg_table,7.35,per_piece,,local shop
2026-08-06T18:40:00+05:30,12.904683,79.093707,egg_table,6.58,per_piece,,local shop
2026-07-15T18:40:00+05:30,12.905361,79.094224,egg_table,8.55,per_piece,,local shop
2026-06-12T18:40:00+05:30,12.905952,79.092281,egg_table,6.96,per_piece,,local shop
2026-06-02T18:40:00+05:30,12.89946,79.141377,egg_table,6.82,per_piece,,local shop
2026-06-23T19:10:00+05:30,12.93496,79.155001,auto_ride,71.0,per_ride,4.8,street quote
2026-06-22T18:40:00+05:30,12.900933,79.140187,egg_table,8.15,per_piece,,local shop
2026-07-04T19:10:00+05:30,12.901228,79.141789,auto_ride,33.0,per_ride,1.9,street quote
2026-06-03T19:10:00+05:30,12.934206,79.155173,auto_ride,71.0,per_ride,4.6,street quote
2026-08-01T19:10:00+05:30,12.969474,79.1325,auto_ride,70.0,per_ride,3.0,street quote
2026-07-14T18:40:00+05:30,12.970072,79.133443,egg_table,9.79,per_piece,,local shop
2026-05-16T18:40:00+05:30,12.900619,79.144734,egg_table,7.02,per_piece,,local shop
2026-05-16T18:40:00+05:30,12.970766,79.132922,egg_table,6.26,per_piece,,local shop
2026-07-30T18:40:00+05:30,12.899937,79.140319,egg_table,7.55,per_piece,,local shop
2026-05-25T18:40:00+05:30,12.970004,79.13304,egg_table,6.4,per_piece,,local shop
2026-08-09T18:40:00+05:30,12.933527,79.155841,egg_table,6.83,per_piece,,local shop
2026-06-15T19:10:00+05:30,12.900146,79.141067,auto_ride,73.0,per_ride,5.0,street quote
2026-07-13T19:10:00+05:30,12.932796,79.157818,auto_ride,88.0,per_ride,5.9,street quote
2026-08-10T18:40:00+05:30,12.907451,79.093436,egg_table,6.79,per_piece,,local shop
2026-06-01T18:40:00+05:30,12.905459,79.093408,egg_table,6.28,per_piece,,local shop
2026-05-18T19:10:00+05:30,12.969428,79.132991,auto_ride,53.0,per_ride,3.5,street quote
2026-07-23T17:20:00+05:30,12.95,79.33,egg_table,9.99,per_piece,,single-source zone
2026-05-03T18:40:00+05:30,12.969117,79.133296,egg_table,7.06,per_piece,,local shop
2026-06-13T19:10:00+05:30,12.935336,79.156828,auto_ride,86.0,per_ride,5.8,street quote
2026-05-22T19:10:00+05:30,12.968805,79.131333,auto_ride,43.0,per_ride,2.8,street quote
2026-05-20T18:40:00+05:30,12.933779,79.156646,egg_table,7.02,per_piece,,local shop
2026-06-15T18:40:00+05:30,12.934959,79.155334,egg_table,7.61,per_piece,,local shop
2026-05-21T19:10:00+05:30,12.900697,79.142755,auto_ride,33.0,per_ride,2.1,street quote
2026-06-16T19:10:00+05:30,12.968936,79.133483,auto_ride,90.0,per_ride,4.9,street quote
2026-07-26T18:40:00+05:30,12.93309,79.154319,egg_table,7.24,per_piece,,local shop
2026-06-15T19:10:00+05:30,12.97009,79.131187,auto_ride,70.0,per_ride,2.3,street quote
2026-07-05T18:40:00+05:30,12.969528,79.133016,egg_table,9.72,per_piece,,local shop
2026-07-01T19:10:00+05:30,12.968817,79.131704,auto_ride,80.0,per_ride,3.8,street quote
2026-05-10T18:40:00+05:30,12.935213,79.15438,egg_table,6.07,per_piece,,local shop
2026-05-02T19:10:00+05:30,12.933446,79.156658,auto_ride,69.0,per_ride,4.3,street quote
2026-05-07T19:10:00+05:30,12.969067,79.133201,auto_ride,48.0,per_ride,3.0,street quote
2026-07-23T19:10:00+05:30,12.9049,79.093116,auto_ride,74.0,per_ride,4.7,street quote
2026-06-01T19:10:00+05:30,12.900692,79.141892,auto_ride,52.0,per_ride,3.4,street quote
2026-05-22T18:40:00+05:30,12.933019,79.155093,egg_table,6.48,per_piece,,local shop
2026-06-25T19:10:00+05:30,12.907253,79.093676,auto_ride,51.0,per_ride,3.2,street quote
2026-06-11T18:40:00+05:30,12.933726,79.155987,egg_table,6.88,per_piece,,local shop
2026-05-25T18:40:00+05:30,12.932805,79.155305,egg_table,7.19,per_piece,,local shop
2026-05-29T18:40:00+05:30,12.969079,79.130678,egg_table,7.06,per_piece,,local shop
2026-05-12T19:10:00+05:30,12.969368,79.130301,auto_ride,58.0,per_ride,3.9,street quote
2026-06-04T19:10:00+05:30,12.90181,79.142546,auto_ride,36.0,per_ride,2.3,street quote
2026-08-08T18:40:00+05:30,12.93294,79.156497,egg_table,6.47,per_piece,,local shop
2026-06-30T18:40:00+05:30,12.969552,79.133175,egg_table,9.82,per_piece,,local shop
2026-05-05T18:40:00+05:30,12.907595,79.093793,egg_table,6.53,per_piece,,local shop
2026-06-14T18:40:00+05:30,12.900106,79.14269,egg_table,7.53,per_piece,,local shop
2026-08-05T18:40:00+05:30,12.969402,79.133218,egg_table,9.78,per_piece,,local shop
2026-07-13T18:40:00+05:30,12.901269,79.141037,egg_table,8.12,per_piece,,local shop
2026-05-25T19:10:00+05:30,12.969133,79.133912,auto_ride,54.0,per_ride,3.4,street quote
2026-06-12T12:00:00+05:30,,,tomato,31.0,per_kg,,no geotag
2026-05-27T19:10:00+05:30,12.935583,79.156187,auto_ride,76.0,per_ride,4.9,street quote
2026-07-08T19:10:00+05:30,12.905308,79.092819,auto_ride,82.0,per_ride,5.2,street quote
2026-08-01T18:40:00+05:30,12.907234,79.095096,egg_table,6.76,per_piece,,local shop
2026-06-17T19:10:00+05:30,12.902719,79.142012,auto_ride,55.0,per_ride,3.7,street quote
2026-07-01T18:40:00+05:30,12.969496,79.134104,egg_table,9.78,per_piece,,local shop
2026-06-02T19:10:00+05:30,12.93384,79.156057,auto_ride,82.0,per_ride,5.6,street quote
2026-06-12T18:40:00+05:30,12.93516,79.156673,egg_table,7.44,per_piece,,local shop
2026-07-29T19:10:00+05:30,12.934839,79.156372,auto_ride,85.0,per_ride,5.4,street quote
2026-07-15T19:10:00+05:30,12.934475,79.155756,auto_ride,87.0,per_ride,5.8,street quote
2026-05-13T19:10:00+05:30,12.969938,79.131657,auto_ride,34.0,per_ride,2.0,street quote
2026-06-14T18:40:00+05:30,12.97042,79.131578,egg_table,9.45,per_piece,,local shop
2026-05-17T19:10:00+05:30,12.933155,79.155689,auto_ride,78.0,per_ride,5.3,street quote
2026-06-14T19:10:00+05:30,12.969112,79.132423,auto_ride,90.0,per_ride,4.0,street quote
2026-05-31T19:10:00+05:30,12.907888,79.093321,auto_ride,30.0,per_ride,1.6,street quote
2026-07-25T19:10:00+05:30,12.906836,79.091958,auto_ride,30.0,per_ride,1.8,street quote
2026-05-28T18:40:00+05:30,12.93397,79.155371,egg_table,6.37,per_piece,,local shop
2026-07-28T18:40:00+05:30,12.905396,79.092178,egg_table,7.97,per_piece,,local shop
2026-07-09T17:20:00+05:30,12.9504,79.3305,egg_table,9.64,per_piece,,single-source zone
2026-07-26T18:40:00+05:30,12.906017,79.091963,egg_table,7.35,per_piece,,local shop
2026-08-02T18:40:00+05:30,12.969998,79.133011,egg_table,9.83,per_piece,,local shop
2026-06-18T18:40:00+05:30,12.969801,79.133277,egg_table,9.7,per_piece,,local shop
2026-07-13T19:10:00+05:30,12.933857,79.156121,auto_ride,58.0,per_ride,3.7,street quote
2026-07-25T17:20:00+05:30,12.95,79.33,egg_table,9.59,per_piece,,single-source zone
2026-07-01T18:40:00+05:30,12.933188,79.155378,egg_table,7.78,per_piece,,local shop
2026-05-14T18:40:00+05:30,12.903901,79.092358,egg_table,6.58,per_piece,,local shop
2026-06-13T18:40:00+05:30,12.900008,79.140498,egg_table,7.58,per_piece,,local shop
2026-06-02T18:40:00+05:30,12.906109,79.092546,egg_table,6.19,per_piece,,local shop
2026-07-24T18:40:00+05:30,12.969772,79.13241,egg_table,9.61,per_piece,,local shop
2026-07-20T18:40:00+05:30,12.968919,79.132281,egg_table,9.71,per_piece,,local shop
2026-08-10T17:20:00+05:30,12.9504,79.3305,egg_table,7.93,per_piece,,single-source zone
2026-05-03T19:10:00+05:30,12.933444,79.156517,auto_ride,66.0,per_ride,4.2,street quote
2026-08-04T17:20:00+05:30,12.95,79.33,egg_table,8.05,per_piece,,single-source zone
2026-06-06T19:10:00+05:30,12.934752,79.156201,auto_ride,73.0,per_ride,5.0,street quote
2026-08-08T19:10:00+05:30,12.933024,79.156484,auto_ride,75.0,per_ride,4.8,street quote
2026-07-21T18:40:00+05:30,12.902329,79.142664,egg_table,8.54,per_piece,,local shop
2026-06-26T18:40:00+05:30,12.970866,79.131847,egg_table,9.66,per_piece,,local shop
2026-05-12T18:40:00+05:30,12.934494,79.156931,egg_table,6.19,per_piece,,local shop
2026-05-28T19:10:00+05:30,12.969882,79.133472,auto_ride,64.0,per_ride,4.1,street quote
2026-05-09T18:40:00+05:30,12.93347,79.156059,egg_table,6.7,per_piece,,local shop
2026-05-13T18:40:00+05:30,12.934734,79.156329,egg_table,5.91,per_piece,,local shop
2026-08-06T19:10:00+05:30,12.936221,79.156969,auto_ride,43.0,per_ride,2.6,street quote
2026-07-31T19:10:00+05:30,12.906443,79.092528,auto_ride,75.0,per_ride,4.9,street quote
2026-07-24T17:20:00+05:30,12.9504,79.3305,egg_table,10.09,per_piece,,single-source zone
2026-06-15T19:10:00+05:30,12.906374,79.09297,auto_ride,84.0,per_ride,5.7,street quote
2026-07-22T18:40:00+05:30,12.900821,79.14194,egg_table,8.45,per_piece,,local shop
2026-05-10T18:40:00+05:30,12.906211,79.092592,egg_table,7.13,per_piece,,local shop
2026-05-09T18:40:00+05:30,12.902416,79.142361,egg_table,6.04,per_piece,,local shop
2026-07-06T19:10:00+05:30,12.901482,79.142181,auto_ride,84.0,per_ride,5.8,street quote
2026-06-27T17:20:00+05:30,12.9504,79.3305,egg_table,9.66,per_piece,,single-source zone
2026-05-08T19:10:00+05:30,12.904775,79.093296,auto_ride,88.0,per_ride,5.6,street quote
2026-06-14T18:40:00+05:30,12.901436,79.141034,egg_table,7.09,per_piece,,local shop
2026-05-21T18:40:00+05:30,12.968982,79.13243,egg_table,7.37,per_piece,,local shop
2026-05-09T19:10:00+05:30,12.969638,79.132555,auto_ride,41.0,per_ride,2.5,street quote
2026-06-06T19:10:00+05:30,12.903767,79.092202,auto_ride,50.0,per_ride,3.3,street quote
2026-05-03T18:40:00+05:30,12.899838,79.140358,egg_table,6.27,per_piece,,local shop
2026-05-26T19:10:00+05:30,12.906228,79.09333,auto_ride,40.0,per_ride,2.4,street quote
2026-05-28T19:10:00+05:30,12.932967,79.155787,auto_ride,40.0,per_ride,2.5,street quote
2026-06-27T19:10:00+05:30,12.901077,79.142435,auto_ride,57.0,per_ride,3.7,street quote
2026-07-25T19:10:00+05:30,12.971854,79.131814,auto_ride,80.0,per_ride,3.0,street quote
2026-07-20T19:10:00+05:30,12.970483,79.133489,auto_ride,90.0,per_ride,3.4,street quote
2026-06-01T19:10:00+05:30,12.970886,79.132125,auto_ride,80.0,per_ride,5.6,street quote
2026-07-21T19:10:00+05:30,12.901588,79.142491,auto_ride,87.0,per_ride,5.6,street quote
2026-06-01T19:10:00+05:30,12.900599,79.142105,auto_ride,48.0,per_ride,3.2,street quote
2026-06-28T18:40:00+05:30,12.904662,79.094418,egg_table,8.34,per_piece,,local shop
2026-07-12T17:20:00+05:30,12.95,79.33,egg_table,9.69,per_piece,,single-source zone
2026-06-09T18:40:00+05:30,12.935472,79.155226,egg_table,7.57,per_piece,,local shop
2026-05-04T19:10:00+05:30,12.906151,79.091856,auto_ride,66.0,per_ride,4.3,street quote
2026-05-02T19:10:00+05:30,12.905678,79.092181,auto_ride,80.0,per_ride,5.2,street quote
2026-06-23T18:40:00+05:30,12.969229,79.132179,egg_table,9.63,per_piece,,local shop
2026-05-16T18:40:00+05:30,12.934922,79.154869,egg_table,6.02,per_piece,,local shop
2026-05-20T18:40:00+05:30,12.934218,79.15738,egg_table,7.18,per_piece,,local shop
2026-05-04T19:10:00+05:30,12.969829,79.132026,auto_ride,86.0,per_ride,5.8,street quote
2026-07-22T19:10:00+05:30,12.901967,79.143045,auto_ride,52.0,per_ride,3.3,street quote
2026-06-11T18:40:00+05:30,12.90598,79.093797,egg_table,7.07,per_piece,,local shop
2026-08-03T19:10:00+05:30,12.934362,79.156702,auto_ride,29.0,per_ride,1.8,street quote
2026-07-26T18:40:00+05:30,12.968882,79.132302,egg_table,9.75,per_piece,,local shop
2026-07-06T19:10:00+05:30,12.900444,79.141913,auto_ride,85.0,per_ride,5.8,street quote
2026-07-22T19:10:00+05:30,12.905743,79.093247,auto_ride,88.0,per_ride,5.6,street quote
2026-05-02T19:10:00+05:30,12.933099,79.155254,auto_ride,80.0,per_ride,5.5,street quote
2026-06-06T18:40:00+05:30,12.906517,79.093094,egg_table,6.94,per_piece,,local shop
2026-07-08T18:40:00+05:30,12.906759,79.092257,egg_table,8.34,per_piece,,local shop
2026-07-25T17:20:00+05:30,12.9504,79.3305,egg_table,9.53,per_piece,,single-source zone
2026-05-04T18:40:00+05:30,12.906384,79.092586,egg_table,6.16,per_piece,,local shop
2026-07-21T18:40:00+05:30,12.900466,79.141868,egg_table,8.35,per_piece,,local shop
2026-07-06T17:20:00+05:30,12.95,79.33,egg_table,9.68,per_piece,,single-source zone
2026-05-03T19:10:00+05:30,12.970679,79.133171,auto_ride,62.0,per_ride,4.2,street quote
2026-07-15T19:10:00+05:30,12.906106,79.093895,auto_ride,55.0,per_ride,3.7,street quote
2026-07-05T18:40:00+05:30,12.900582,79.141022,egg_table,8.45,per_piece,,local shop
2026-05-27T19:10:00+05:30,12.907545,79.093361,auto_ride,66.0,per_ride,4.2,street quote
2026-05-11T18:40:00+05:30,12.968727,79.133085,egg_table,6.96,per_piece,,local shop
2026-06-03T18:40:00+05:30,12.906897,79.092944,egg_table,7.22,per_piece,,local shop
2026-05-15T19:10:00+05:30,12.899991,79.141625,auto_ride,66.0,per_ride,4.5,street quote
2026-06-19T18:40:00+05:30,12.932871,79.156531,egg_table,7.42,per_piece,,local shop
2026-07-25T18:40:00+05:30,12.96895,79.133444,egg_table,9.64,per_piece,,local shop
2026-06-05T18:40:00+05:30,12.934622,79.156484,egg_table,6.91,per_piece,,local shop
2026-05-13T18:40:00+05:30,12.97035,79.131054,egg_table,6.74,per_piece,,local shop
2026-06-26T19:10:00+05:30,12.901043,79.142474,auto_ride,31.0,per_ride,1.8,street quote
2026-06-30T19:10:00+05:30,12.900957,79.142741,auto_ride,55.0,per_ride,3.4,street quote
2026-05-02T18:40:00+05:30,12.901595,79.140734,egg_table,6.32,per_piece,,local shop
2026-05-23T19:10:00+05:30,12.907113,79.093238,auto_ride,30.0,per_ride,1.6,street quote
2026-07-02T18:40:00+05:30,12.900889,79.142263,egg_table,7.24,per_piece,,local shop
2026-05-30T19:10:00+05:30,12.901064,79.141562,auto_ride,62.0,per_ride,3.9,street quote
2026-08-06T19:10:00+05:30,12.934149,79.154875,auto_ride,75.0,per_ride,5.1,street quote
2026-06-02T18:40:00+05:30,12.969869,79.13355,egg_table,9.55,per_piece,,local shop
2026-07-13T18:40:00+05:30,12.905952,79.093826,egg_table,8.01,per_piece,,local shop
2026-06-03T19:10:00+05:30,12.900781,79.142071,auto_ride,49.0,per_ride,3.1,street quote
2026-06-11T19:10:00+05:30,12.970335,79.133247,auto_ride,80.0,per_ride,4.6,street quote
2026-06-11T18:40:00+05:30,12.905224,79.092952,egg_table,7.48,per_piece,,local shop
2026-06-13T18:40:00+05:30,12.97024,79.133392,egg_table,9.44,per_piece,,local shop
2026-05-19T19:10:00+05:30,12.904988,79.094168,auto_ride,40.0,per_ride,2.4,street quote
2026-06-14T19:10:00+05:30,12.968298,79.132422,auto_ride,80.0,per_ride,1.7,street quote
2026-05-15T18:40:00+05:30,12.933154,79.156067,egg_table,6.17,per_piece,,local shop
2026-05-30T18:40:00+05:30,12.93514,79.155615,egg_table,6.27,per_piece,,local shop
2026-06-09T18:40:00+05:30,12.968856,79.132481,egg_table,9.55,per_piece,,local shop
2026-06-12T19:10:00+05:30,12.933892,79.155121,auto_ride,48.0,per_ride,3.2,street quote
2026-07-13T19:10:00+05:30,12.902212,79.141597,auto_ride,40.0,per_ride,2.5,street quote
2026-07-05T18:40:00+05:30,12.969327,79.132095,egg_table,9.75,per_piece,,local shop
2026-08-09T18:40:00+05:30,12.90256,79.139529,egg_table,6.04,per_piece,,local shop
2026-05-29T19:10:00+05:30,12.969286,79.131382,auto_ride,37.0,per_ride,2.4,street quote
2026-08-09T19:10:00+05:30,12.934241,79.155119,auto_ride,41.0,per_ride,2.6,street quote
2026-07-03T19:10:00+05:30,12.905676,79.092304,auto_ride,75.0,per_ride,5.1,street quote
2026-06-24T18:40:00+05:30,12.933262,79.1551,egg_table,7.35,per_piece,,local shop
2026-05-18T19:10:00+05:30,12.905604,79.092315,auto_ride,33.0,per_ride,1.9,street quote
2026-05-01T19:10:00+05:30,12.93304,79.155495,auto_ride,85.0,per_ride,5.8,street quote
2026-06-20T19:10:00+05:30,12.93364,79.155888,auto_ride,51.0,per_ride,3.2,street quote
2026-07-20T18:40:00+05:30,12.971542,79.132972,egg_table,9.72,per_piece,,local shop
2026-06-02T19:10:00+05:30,12.901064,79.143067,auto_ride,30.0,per_ride,1.7,street quote
2026-05-13T18:40:00+05:30,12.969461,79.13495,egg_table,6.09,per_piece,,local shop
2026-07-28T19:10:00+05:30,12.90501,79.092909,auto_ride,33.0,per_ride,2.0,street quote
2026-07-22T19:10:00+05:30,12.934364,79.155583,auto_ride,80.0,per_ride,5.3,street quote
2026-05-30T18:40:00+05:30,12.900355,79.141207,egg_table,6.64,per_piece,,local shop
2026-07-31T18:40:00+05:30,12.934171,79.155648,egg_table,7.13,per_piece,,local shop
2026-07-06T18:40:00+05:30,12.934482,79.155211,egg_table,7.62,per_piece,,local shop
2026-07-10T18:40:00+05:30,12.906912,79.093084,egg_table,7.3,per_piece,,local shop
2026-05-03T19:10:00+05:30,12.90037,79.142142,auto_ride,33.0,per_ride,2.1,street quote
2026-07-28T19:10:00+05:30,12.90085,79.141958,auto_ride,43.0,per_ride,2.6,street quote
2026-06-18T18:40:00+05:30,12.970508,79.132111,egg_table,9.68,per_piece,,local shop
2026-08-10T19:10:00+05:30,12.970817,79.133279,auto_ride,90.0,per_ride,5.5,street quote
2026-07-10T18:40:00+05:30,12.905925,79.092539,egg_table,8.31,per_piece,,local shop
2026-05-24T19:10:00+05:30,12.9354,79.155587,auto_ride,77.0,per_ride,4.9,street quote
2026-07-16T18:40:00+05:30,12.969194,79.131083,egg_table,9.83,per_piece,,local shop
2026-06-07T18:40:00+05:30,12.934199,79.154356,egg_table,6.4,per_piece,,local shop
2026-07-11T18:40:00+05:30,12.933954,79.155175,egg_table,8.4,per_piece,,local shop
2026-06-23T18:40:00+05:30,12.905943,79.094013,egg_table,8.09,per_piece,,local shop
2026-07-25T18:40:00+05:30,12.934291,79.155963,egg_table,8.1,per_piece,,local shop
2026-06-22T19:10:00+05:30,12.900984,79.142933,auto_ride,80.0,per_ride,5.0,street quote
2026-06-29T19:10:00+05:30,12.90167,79.141848,auto_ride,89.0,per_ride,5.9,street quote
2026-06-18T19:10:00+05:30,12.97014,79.131429,auto_ride,70.0,per_ride,2.1,street quote
2026-07-13T19:10:00+05:30,12.908257,79.094182,auto_ride,60.0,per_ride,4.0,street quote
2026-06-08T18:40:00+05:30,12.970023,79.133053,egg_table,9.38,per_piece,,local shop
2026-05-01T19:10:00+05:30,12.905036,79.093426,auto_ride,92.0,per_ride,5.9,street quote
2026-07-24T19:10:00+05:30,12.905783,79.093119,auto_ride,82.0,per_ride,5.6,street quote
2026-06-30T18:40:00+05:30,12.934109,79.156096,egg_table,8.61,per_piece,,local shop
2026-08-02T18:40:00+05:30,12.968407,79.131731,egg_table,9.81,per_piece,,local shop
2026-08-03T19:10:00+05:30,12.9055,79.092912,auto_ride,34.0,per_ride,2.0,street quote
2026-07-02T18:40:00+05:30,12.968602,79.132244,egg_table,9.82,per_piece,,local shop
2026-06-13T18:40:00+05:30,12.907689,79.093313,egg_table,7.35,per_piece,,local shop
2026-06-10T18:40:00+05:30,12.905569,79.094185,egg_table,6.49,per_piece,,local shop
2026-05-27T19:10:00+05:30,12.900723,79.141283,auto_ride,30.0,per_ride,1.8,street quote
2026-06-21T18:40:00+05:30,12.905596,79.092606,egg_table,7.94,per_piece,,local shop
2026-06-08T19:10:00+05:30,12.906298,79.093154,auto_ride,71.0,per_ride,4.8,street quote
2026-07-01T18:40:00+05:30,12.970712,79.132227,egg_table,9.81,per_piece,,local shop
2026-07-11T18:40:00+05:30,12.900579,79.142294,egg_table,7.75,per_piece,,local shop
2026-06-22T18:40:00+05:30,12.933755,79.15701,egg_table,7.82,per_piece,,local shop
2026-06-03T19:10:00+05:30,12.932746,79.157597,auto_ride,83.0,per_ride,5.6,street quote
2026-07-23T19:10:00+05:30,12.905947,79.09414,auto_ride,71.0,per_ride,4.6,street quote
2026-08-04T19:10:00+05:30,12.905336,79.093749,auto_ride,44.0,per_ride,2.8,street quote
2026-08-10T19:10:00+05:30,12.934144,79.156546,auto_ride,70.0,per_ride,4.6,street quote
2026-08-05T18:40:00+05:30,12.935122,79.156224,egg_table,6.62,per_piece,,local shop
2026-07-07T19:10:00+05:30,12.93465,79.157095,auto_ride,32.0,per_ride,1.9,street quote
2026-07-24T18:40:00+05:30,12.905449,79.094311,egg_table,7.56,per_piece,,local shop
2026-05-04T18:40:00+05:30,12.934595,79.156302,egg_table,6.44,per_piece,,local shop
2026-06-15T18:40:00+05:30,12.971304,79.133028,egg_table,9.47,per_piece,,local shop
2026-08-02T18:40:00+05:30,12.906416,79.093053,egg_table,6.62,per_piece,,local shop
2026-07-20T18:40:00+05:30,12.932613,79.15607,egg_table,8.27,per_piece,,local shop
2026-05-23T19:10:00+05:30,12.935241,79.156706,auto_ride,29.0,per_ride,1.6,street quote
2026-06-15T19:10:00+05:30,12.933769,79.156033,auto_ride,29.0,per_ride,1.8,street quote
2026-07-29T19:10:00+05:30,12.9075,79.093418,auto_ride,30.0,per_ride,1.6,street quote
2026-06-08T19:10:00+05:30,12.97077,79.131533,auto_ride,70.0,per_ride,3.0,street quote
2026-07-26T18:40:00+05:30,12.933296,79.155009,egg_table,7.71,per_piece,,local shop
2026-05-30T18:40:00+05:30,12.934007,79.157378,egg_table,6.16,per_piece,,local shop
2026-06-28T19:10:00+05:30,12.934971,79.156708,auto_ride,70.0,per_ride,4.4,street quote
2026-07-13T19:10:00+05:30,12.900198,79.141469,auto_ride,90.0,per_ride,5.8,street quote
2026-07-16T17:20:00+05:30,12.95,79.33,egg_table,9.96,per_piece,,single-source zone
2026-06-11T19:10:00+05:30,12.934278,79.154933,auto_ride,85.0,per_ride,5.7,street quote
2026-05-07T19:10:00+05:30,12.936606,79.155544,auto_ride,31.0,per_ride,1.9,street quote
2026-08-03T18:40:00+05:30,12.969643,79.131926,egg_table,9.81,per_piece,,local shop
2026-05-14T18:40:00+05:30,12.93279,79.156993,egg_table,6.41,per_piece,,local shop
2026-07-21T17:20:00+05:30,12.95,79.33,egg_table,10.0,per_piece,,single-source zone
2026-08-08T18:40:00+05:30,12.97078,79.13377,egg_table,9.77,per_piece,,local shop
2026-08-01T19:10:00+05:30,12.900059,79.142642,auto_ride,32.0,per_ride,2.0,street quote
2026-05-30T19:10:00+05:30,12.934091,79.156254,auto_ride,40.0,per_ride,2.6,street quote
2026-07-12T17:20:00+05:30,12.9504,79.3305,egg_table,9.69,per_piece,,single-source zone
2026-06-17T18:40:00+05:30,12.900513,79.140558,egg_table,7.94,per_piece,,local shop
2026-07-10T19:10:00+05:30,12.900041,79.142183,auto_ride,57.0,per_ride,3.8,street quote
2026-07-05T19:10:00+05:30,12.905001,79.093161,auto_ride,85.0,per_ride,5.4,street quote
2026-07-13T17:20:00+05:30,12.9504,79.3305,egg_table,9.76,per_piece,,single-source zone
2026-07-03T17:20:00+05:30,12.95,79.33,egg_table,9.7,per_piece,,single-source zone
2026-06-09T12:00:00+05:30,,,tomato,31.0,per_kg,,no geotag
2026-06-01T19:10:00+05:30,12.93396,79.157263,auto_ride,39.0,per_ride,2.5,street quote
2026-06-25T19:10:00+05:30,12.902061,79.141155,auto_ride,45.0,per_ride,3.0,street quote
2026-05-20T18:40:00+05:30,12.901802,79.141261,egg_table,6.32,per_piece,,local shop
2026-05-31T18:40:00+05:30,12.90284,79.141194,egg_table,7.28,per_piece,,local shop
2026-07-17T18:40:00+05:30,12.901679,79.141544,egg_table,8.14,per_piece,,local shop
2026-07-02T18:40:00+05:30,12.969461,79.133261,egg_table,9.78,per_piece,,local shop
2026-07-04T19:10:00+05:30,12.970982,79.132452,auto_ride,90.0,per_ride,2.5,street quote
2026-08-07T19:10:00+05:30,12.900127,79.142819,auto_ride,58.0,per_ride,3.9,street quote
2026-08-04T19:10:00+05:30,12.969717,79.13172,auto_ride,70.0,per_ride,2.2,street quote
,12.9165,79.1325,egg_table,8.4,per_piece,,no timestamp
2026-07-25T19:10:00+05:30,12.901604,79.140891,auto_ride,76.0,per_ride,4.8,street quote
,12.9165,79.1325,egg_table,8.4,per_piece,,no timestamp
2026-06-06T19:10:00+05:30,12.969214,79.132556,auto_ride,90.0,per_ride,5.6,street quote
2026-07-08T18:40:00+05:30,12.905654,79.095174,egg_table,8.17,per_piece,,local shop
2026-07-31T18:40:00+05:30,12.901176,79.143589,egg_table,7.19,per_piece,,local shop
2026-07-28T18:40:00+05:30,12.971412,79.131849,egg_table,9.73,per_piece,,local shop
2026-08-09T18:40:00+05:30,12.905744,79.091971,egg_table,6.24,per_piece,,local shop
2026-06-16T18:40:00+05:30,12.902305,79.143231,egg_table,7.92,per_piece,,local shop
2026-05-01T19:10:00+05:30,12.901042,79.141387,auto_ride,35.0,per_ride,2.1,street quote
2026-05-01T18:40:00+05:30,12.969988,79.131705,egg_table,6.01,per_piece,,local shop
2026-07-10T18:40:00+05:30,12.933541,79.156606,egg_table,8.13,per_piece,,local shop
2026-08-01T19:10:00+05:30,12.969005,79.13233,auto_ride,90.0,per_ride,4.7,street quote
2026-07-26T18:40:00+05:30,12.901406,79.14062,egg_table,7.62,per_piece,,local shop
2026-06-09T19:10:00+05:30,12.935578,79.156554,auto_ride,82.0,per_ride,5.5,street quote
2026-08-09T19:10:00+05:30,12.969998,79.131479,auto_ride,80.0,per_ride,2.7,street quote
2026-05-19T19:10:00+05:30,12.900965,79.142696,auto_ride,47.0,per_ride,3.0,street quote
2026-06-23T18:40:00+05:30,12.933172,79.15616,egg_table,7.42,per_piece,,local shop
2026-08-09T19:10:00+05:30,12.901139,79.142503,auto_ride,84.0,per_ride,5.6,street quote
2026-08-08T18:40:00+05:30,12.970917,79.131487,egg_table,9.8,per_piece,,local shop
2026-07-02T18:40:00+05:30,12.901161,79.142677,egg_table,7.53,per_piece,,local shop
2026-08-08T18:40:00+05:30,12.933469,79.157564,egg_table,6.37,per_piece,,local shop
2026-06-28T17:20:00+05:30,12.95,79.33,egg_table,9.54,per_piece,,single-source zone
2026-06-13T19:10:00+05:30,12.900474,79.139983,auto_ride,81.0,per_ride,5.2,street quote
2026-05-09T19:10:00+05:30,12.935486,79.156406,auto_ride,72.0,per_ride,4.7,street quote
2026-08-07T18:40:00+05:30,12.934018,79.155898,egg_table,6.7,per_piece,,local shop
2026-08-04T19:10:00+05:30,12.907261,79.094112,auto_ride,34.0,per_ride,2.0,street quote
2026-06-24T18:40:00+05:30,12.904997,79.093526,egg_table,8.18,per_piece,,local shop
2026-07-21T19:10:00+05:30,12.969981,79.133731,auto_ride,90.0,per_ride,3.8,street quote
2026-07-18T18:40:00+05:30,12.970923,79.133898,egg_table,9.74,per_piece,,local shop
2026-05-11T18:40:00+05:30,12.907303,79.09294,egg_table,6.88,per_piece,,local shop
2026-05-13T18:40:00+05:30,12.969192,79.133091,egg_table,6.95,per_piece,,local shop
2026-05-07T19:10:00+05:30,12.970048,79.132356,auto_ride,48.0,per_ride,3.2,street quote
2026-06-26T18:40:00+05:30,12.93416,79.156219,egg_table,7.08,per_piece,,local shop
2026-08-02T18:40:00+05:30,12.96907,79.132371,egg_table,9.79,per_piece,,local shop
2026-06-22T18:40:00+05:30,12.906842,79.092926,egg_table,8.04,per_piece,,local shop
2026-07-03T19:10:00+05:30,12.936405,79.155814,auto_ride,33.0,per_ride,1.9,street quote
2026-05-20T18:40:00+05:30,12.905359,79.093576,egg_table,7.39,per_piece,,local shop
2026-06-21T19:10:00+05:30,12.901766,79.142216,auto_ride,74.0,per_ride,4.8,street quote
2026-07-10T18:40:00+05:30,12.969591,79.133682,egg_table,9.82,per_piece,,local shop
2026-05-23T19:10:00+05:30,12.901076,79.141502,auto_ride,64.0,per_ride,4.1,street quote
2026-06-02T19:10:00+05:30,12.935041,79.156152,auto_ride,30.0,per_ride,1.9,street quote
2026-06-04T19:10:00+05:30,12.902422,79.140727,auto_ride,93.0,per_ride,6.0,street quote
2026-07-22T18:40:00+05:30,12.899866,79.142746,egg_table,7.73,per_piece,,local shop
2026-06-12T18:40:00+05:30,12.970653,79.133648,egg_table,9.23,per_piece,,local shop
2026-08-03T19:10:00+05:30,12.90229,79.142875,auto_ride,87.0,per_ride,5.7,street quote
2026-06-09T18:40:00+05:30,12.971196,79.129614,egg_table,9.52,per_piece,,local shop
,12.9165,79.1325,egg_table,8.4,per_piece,,no timestamp
2026-07-07T19:10:00+05:30,12.971293,79.133805,auto_ride,100.0,per_ride,5.2,street quote
2026-07-03T19:10:00+05:30,12.933975,79.156097,auto_ride,92.0,per_ride,5.9,street quote
2026-08-03T19:10:00+05:30,12.970242,79.130664,auto_ride,90.0,per_ride,4.5,street quote
2026-05-30T18:40:00+05:30,12.900967,79.142434,egg_table,6.47,per_piece,,local shop
2026-07-03T18:40:00+05:30,12.902266,79.140818,egg_table,7.35,per_piece,,local shop
2026-06-22T18:40:00+05:30,12.90274,79.141377,egg_table,7.2,per_piece,,local shop
2026-06-12T19:10:00+05:30,12.900598,79.142204,auto_ride,90.0,per_ride,5.7,street quote
2026-05-17T19:10:00+05:30,12.900209,79.141439,auto_ride,50.0,per_ride,3.1,street quote
2026-05-01T19:10:00+05:30,12.904919,79.092262,auto_ride,30.0,per_ride,1.6,street quote
2026-05-25T18:40:00+05:30,12.934453,79.157484,egg_table,6.82,per_piece,,local shop
2026-05-13T19:10:00+05:30,12.933203,79.15538,auto_ride,65.0,per_ride,4.3,street quote
2026-05-08T18:40:00+05:30,12.901264,79.142904,egg_table,6.76,per_piece,,local shop
2026-07-29T19:10:00+05:30,12.933204,79.15588,auto_ride,55.0,per_ride,3.5,street quote
2026-06-24T18:40:00+05:30,12.906139,79.093313,egg_table,7.8,per_piece,,local shop
2026-07-18T19:10:00+05:30,12.934512,79.155463,auto_ride,57.0,per_ride,3.6,street quote
2026-07-29T19:10:00+05:30,12.901671,79.141998,auto_ride,63.0,per_ride,4.1,street quote
2026-06-30T18:40:00+05:30,12.969308,79.13222,egg_table,9.77,per_piece,,local shop
2026-07-18T19:10:00+05:30,12.935572,79.156501,auto_ride,80.0,per_ride,5.4,street quote
2026-07-05T18:40:00+05:30,12.906577,79.093646,egg_table,7.59,per_piece,,local shop
2026-08-08T18:40:00+05:30,12.906153,79.09512,egg_table,6.99,per_piece,,local shop
2026-06-28T18:40:00+05:30,12.907027,79.094308,egg_table,7.54,per_piece,,local shop
2026-07-22T19:10:00+05:30,12.933637,79.154888,auto_ride,75.0,per_ride,5.2,street quote
2026-07-16T19:10:00+05:30,12.900389,79.141618,auto_ride,80.0,per_ride,5.5,street quote
2026-07-08T18:40:00+05:30,12.901207,79.140557,egg_table,7.53,per_piece,,local shop
2026-06-09T18:40:00+05:30,12.906636,79.093355,egg_table,7.21,per_piece,,local shop
2026-05-03T18:40:00+05:30,12.933041,79.155195,egg_table,7.17,per_piece,,local shop
2026-07-21T19:10:00+05:30,12.933548,79.156806,auto_ride,80.0,per_ride,5.3,street quote
2026-05-12T18:40:00+05:30,12.906879,79.091703,egg_table,6.26,per_piece,,local shop
2026-05-21T18:40:00+05:30,12.935155,79.155411,egg_table,6.98,per_piece,,local shop
2026-05-13T19:10:00+05:30,12.968588,79.131555,auto_ride,71.0,per_ride,4.7,street quote
2026-07-15T17:20:00+05:30,12.9504,79.3305,egg_table,10.05,per_piece,,single-source zone
2026-08-10T18:40:00+05:30,12.932995,79.157169,egg_table,6.64,per_piece,,local shop
2026-05-02T19:10:00+05:30,12.970028,79.13294,auto_ride,54.0,per_ride,3.5,street quote
2026-08-10T19:10:00+05:30,12.906513,79.093774,auto_ride,52.0,per_ride,3.3,street quote
2026-05-27T18:40:00+05:30,12.970896,79.130945,egg_table,7.6,per_piece,,local shop
2026-07-09T19:10:00+05:30,12.935128,79.155404,auto_ride,70.0,per_ride,4.7,street quote
2026-07-14T18:40:00+05:30,12.900407,79.140797,egg_table,8.53,per_piece,,local shop
2026-05-20T19:10:00+05:30,12.968626,79.132529,auto_ride,67.0,per_ride,4.2,street quote
2026-07-31T18:40:00+05:30,12.901595,79.142044,egg_table,7.49,per_piece,,local shop
2026-06-15T18:40:00+05:30,12.968055,79.133036,egg_table,9.45,per_piece,,local shop
2026-05-27T19:10:00+05:30,12.971662,79.133819,auto_ride,44.0,per_ride,2.7,street quote
2026-07-30T19:10:00+05:30,12.900702,79.141783,auto_ride,30.0,per_ride,1.9,street quote
2026-05-21T18:40:00+05:30,12.900331,79.142,egg_table,6.47,per_piece,,local shop
2026-05-24T18:40:00+05:30,12.901485,79.141134,egg_table,6.93,per_piece,,local shop
2026-05-16T19:10:00+05:30,12.969433,79.133367,auto_ride,83.0,per_ride,5.2,street quote
2026-07-13T19:10:00+05:30,12.934337,79.155032,auto_ride,89.0,per_ride,5.7,street quote
2026-05-08T18:40:00+05:30,12.906316,79.092499,egg_table,6.0,per_piece,,local shop
2026-07-17T19:10:00+05:30,12.970627,79.132213,auto_ride,80.0,per_ride,3.4,street quote
2026-06-04T18:40:00+05:30,12.902402,79.142362,egg_table,6.27,per_piece,,local shop
2026-07-17T19:10:00+05:30,12.934981,79.156211,auto_ride,59.0,per_ride,4.0,street quote
2026-05-29T19:10:00+05:30,12.933298,79.15542,auto_ride,64.0,per_ride,4.3,street quote
2026-05-22T18:40:00+05:30,12.900238,79.141444,egg_table,6.54,per_piece,,local shop
2026-06-02T18:40:00+05:30,12.969395,79.133159,egg_table,9.58,per_piece,,local shop
2026-06-20T19:10:00+05:30,12.907705,79.093175,auto_ride,33.0,per_ride,2.1,street quote
2026-07-24T18:40:00+05:30,12.902333,79.143008,egg_table,7.85,per_piece,,local shop
2026-06-24T18:40:00+05:30,12.933459,79.156541,egg_table,8.14,per_piece,,local shop
2026-05-24T19:10:00+05:30,12.9692,79.132827,auto_ride,62.0,per_ride,4.2,street quote
2026-05-22T18:40:00+05:30,12.900325,79.141846,egg_table,6.48,per_piece,,local shop
2026-06-04T19:10:00+05:30,12.933804,79.154464,auto_ride,62.0,per_ride,4.0,street quote
2026-07-08T19:10:00+05:30,12.969821,79.132969,auto_ride,70.0,per_ride,4.4,street quote
2026-07-13T18:40:00+05:30,12.969099,79.132367,egg_table,9.78,per_piece,,local shop
2026-05-04T19:10:00+05:30,12.931595,79.156507,auto_ride,58.0,per_ride,3.7,street quote
2026-06-05T18:40:00+05:30,12.970887,79.133462,egg_table,9.57,per_piece,,local shop
2026-06-13T19:10:00+05:30,12.906122,79.092001,auto_ride,90.0,per_ride,5.9,street quote
2026-07-17T19:10:00+05:30,12.968762,79.131484,auto_ride,80.0,per_ride,4.5,street quote
2026-06-13T18:40:00+05:30,12.901022,79.141111,egg_table,7.47,per_piece,,local shop
2026-06-01T19:10:00+05:30,12.901122,79.1417,auto_ride,50.0,per_ride,3.0,street quote
2026-08-07T18:40:00+05:30,12.969709,79.132988,egg_table,9.82,per_piece,,local shop
2026-07-13T19:10:00+05:30,12.900867,79.142246,auto_ride,84.0,per_ride,5.4,street quote
2026-07-03T18:40:00+05:30,12.970681,79.133884,egg_table,9.72,per_piece,,local shop
2026-05-04T19:10:00+05:30,12.969272,79.131361,auto_ride,63.0,per_ride,4.0,street quote
2026-06-28T18:40:00+05:30,12.969612,79.132172,egg_table,9.77,per_piece,,local shop
2026-07-21T19:10:00+05:30,12.932621,79.15558,auto_ride,89.0,per_ride,5.8,street quote
2026-05-30T19:10:00+05:30,12.9351,79.155898,auto_ride,51.0,per_ride,3.4,street quote
2026-07-24T18:40:00+05:30,12.906135,79.093663,egg_table,8.83,per_piece,,local shop
2026-05-26T19:10:00+05:30,12.905303,79.092738,auto_ride,74.0,per_ride,4.7,street quote
2026-06-15T19:10:00+05:30,12.907284,79.092597,auto_ride,52.0,per_ride,3.4,street quote
2026-05-17T19:10:00+05:30,12.89863,79.142294,auto_ride,54.0,per_ride,3.5,street quote
2026-07-09T18:40:00+05:30,12.969327,79.132366,egg_table,9.82,per_piece,,local shop
2026-06-21T18:40:00+05:30,12.934536,79.156532,egg_table,7.19,per_piece,,local shop
2026-06-30T18:40:00+05:30,12.90501,79.09275,egg_table,7.87,per_piece,,local shop
2026-05-05T19:10:00+05:30,12.969063,79.130411,auto_ride,36.0,per_ride,2.3,street quote
2026-06-05T18:40:00+05:30,12.906838,79.093004,egg_table,6.33,per_piece,,local shop
2026-06-04T19:10:00+05:30,12.905857,79.094492,auto_ride,36.0,per_ride,2.1,street quote
2026-06-18T19:10:00+05:30,12.969273,79.131622,auto_ride,90.0,per_ride,4.1,street quote
2026-05-28T19:10:00+05:30,12.933918,79.156024,auto_ride,60.0,per_ride,3.9,street quote
2026-07-06T19:10:00+05:30,12.905192,79.091705,auto_ride,78.0,per_ride,5.4,street quote
2026-07-05T18:40:00+05:30,12.933459,79.155854,egg_table,7.87,per_piece,,local shop
2026-05-15T18:40:00+05:30,12.971265,79.132702,egg_table,6.6,per_piece,,local shop
2026-05-23T19:10:00+05:30,12.90049,79.141422,auto_ride,71.0,per_ride,4.7,street quote
2026-05-11T18:40:00+05:30,12.934206,79.156922,egg_table,7.14,per_piece,,local shop
2026-06-04T18:40:00+05:30,12.968212,79.132638,egg_table,9.58,per_piece,,local shop
2026-05-18T18:40:00+05:30,12.904789,79.094967,egg_table,6.26,per_piece,,local shop
2026-05-01T18:40:00+05:30,12.905636,79.093321,egg_table,6.15,per_piece,,local shop
2026-06-12T18:40:00+05:30,12.969589,79.133218,egg_table,9.23,per_piece,,local shop
2026-07-14T19:10:00+05:30,12.900194,79.141479,auto_ride,66.0,per_ride,4.1,street quote
2026-06-27T19:10:00+05:30,12.899823,79.143098,auto_ride,87.0,per_ride,5.8,street quote
2026-08-01T18:40:00+05:30,12.901938,79.142903,egg_table,7.3,per_piece,,local shop
2026-07-07T19:10:00+05:30,12.932198,79.154579,auto_ride,51.0,per_ride,3.4,street quote
2026-06-21T18:40:00+05:30,12.905448,79.093268,egg_table,7.84,per_piece,,local shop
2026-07-11T19:10:00+05:30,12.970715,79.133773,auto_ride,90.0,per_ride,3.8,street quote
2026-05-24T18:40:00+05:30,12.934218,79.156295,egg_table,7.2,per_piece,,local shop
2026-07-18T19:10:00+05:30,12.934606,79.154536,auto_ride,73.0,per_ride,4.9,street quote
2026-06-05T18:40:00+05:30,12.90576,79.091195,egg_table,7.14,per_piece,,local shop
2026-07-10T19:10:00+05:30,12.968949,79.131628,auto_ride,80.0,per_ride,3.5,street quote
2026-05-31T18:40:00+05:30,12.971071,79.132854,egg_table,6.37,per_piece,,local shop
2026-06-19T18:40:00+05:30,12.90211,79.142512,egg_table,7.87,per_piece,,local shop
2026-05-28T18:40:00+05:30,12.970781,79.133268,egg_table,6.4,per_piece,,local shop
2026-07-08T19:10:00+05:30,12.901338,79.142591,auto_ride,30.0,per_ride,1.6,street quote
2026-06-21T19:10:00+05:30,12.933697,79.155644,auto_ride,75.0,per_ride,5.1,street quote
2026-07-13T19:10:00+05:30,12.970538,79.13379,auto_ride,80.0,per_ride,2.9,street quote
2026-05-25T19:10:00+05:30,12.900458,79.141603,auto_ride,49.0,per_ride,3.2,street quote
2026-05-02T18:40:00+05:30,12.899957,79.142749,egg_table,6.11,per_piece,,local shop
2026-06-10T19:10:00+05:30,12.969534,79.132462,auto_ride,80.0,per_ride,4.8,street quote
2026-07-19T19:10:00+05:30,12.904936,79.094004,auto_ride,51.0,per_ride,3.2,street quote
2026-06-23T18:40:00+05:30,12.907325,79.093284,egg_table,7.86,per_piece,,local shop
2026-06-09T18:40:00+05:30,12.90666,79.093734,egg_table,6.67,per_piece,,local shop
2026-07-15T17:20:00+05:30,12.95,79.33,egg_table,9.99,per_piece,,single-source zone
2026-06-08T18:40:00+05:30,12.906021,79.092738,egg_table,6.99,per_piece,,local shop
2026-05-21T19:10:00+05:30,12.906584,79.093263,auto_ride,35.0,per_ride,2.2,street quote
2026-06-21T19:10:00+05:30,12.906477,79.093844,auto_ride,60.0,per_ride,4.1,street quote
2026-06-12T19:10:00+05:30,12.906052,79.093764,auto_ride,67.0,per_ride,4.6,street quote
2026-05-23T18:40:00+05:30,12.901086,79.143224,egg_table,6.72,per_piece,,local shop
2026-06-11T18:40:00+05:30,12.901726,79.142595,egg_table,7.74,per_piece,,local shop
2026-06-04T19:10:00+05:30,12.933123,79.15716,auto_ride,72.0,per_ride,4.6,street quote
2026-07-26T19:10:00+05:30,12.901228,79.142017,auto_ride,83.0,per_ride,5.5,street quote
2026-05-31T19:10:00+05:30,12.971561,79.132669,auto_ride,63.0,per_ride,4.0,street quote
2026-06-18T19:10:00+05:30,12.900536,79.142865,auto_ride,68.0,per_ride,4.3,street quote
2026-07-04T18:40:00+05:30,12.933552,79.155389,egg_table,7.8,per_piece,,local shop
2026-05-18T19:10:00+05:30,12.932588,79.155884,auto_ride,31.0,per_ride,1.5,street quote
2026-07-27T19:10:00+05:30,12.934693,79.155872,auto_ride,85.0,per_ride,5.9,street quote
2026-05-31T19:10:00+05:30,12.969613,79.132206,auto_ride,78.0,per_ride,5.3,street quote
2026-08-09T19:10:00+05:30,12.905415,79.090953,auto_ride,61.0,per_ride,4.2,street quote
2026-07-06T18:40:00+05:30,12.970836,79.132224,egg_table,9.8,per_piece,,local shop
2026-05-30T19:10:00+05:30,12.898947,79.143047,auto_ride,84.0,per_ride,5.6,street quote
2026-07-19T18:40:00+05:30,12.934773,79.155888,egg_table,7.9,per_piece,,local shop
2026-07-05T17:20:00+05:30,12.95,79.33,egg_table,9.64,per_piece,,single-source zone
2026-06-07T19:10:00+05:30,12.900688,79.142635,auto_ride,59.0,per_ride,3.8,street quote
2026-07-23T19:10:00+05:30,12.93492,79.156369,auto_ride,41.0,per_ride,2.7,street quote
2026-06-19T19:10:00+05:30,12.905404,79.093987,auto_ride,84.0,per_ride,5.8,street quote
2026-07-19T18:40:00+05:30,12.905712,79.094256,egg_table,8.82,per_piece,,local shop
2026-07-07T18:40:00+05:30,12.969031,79.131826,egg_table,9.81,per_piece,,local shop
2026-07-30T18:40:00+05:30,12.904876,79.093462,egg_table,7.56,per_piece,,local shop
2026-08-07T17:20:00+05:30,12.9504,79.3305,egg_table,8.06,per_piece,,single-source zone
2026-05-12T18:40:00+05:30,12.901791,79.141249,egg_table,6.61,per_piece,,local shop
2026-06-29T18:40:00+05:30,12.904992,79.094848,egg_table,7.66,per_piece,,local shop
2026-07-08T18:40:00+05:30,12.901451,79.141536,egg_table,7.66,per_piece,,local shop
2026-08-07T19:10:00+05:30,12.932953,79.15494,auto_ride,38.0,per_ride,2.2,street quote
2026-06-23T18:40:00+05:30,12.905778,79.092808,egg_table,7.98,per_piece,,local shop
2026-07-12T18:40:00+05:30,12.905754,79.093675,egg_table,8.36,per_piece,,local shop
2026-05-16T19:10:00+05:30,12.905619,79.092587,auto_ride,70.0,per_ride,4.6,street quote
2026-08-10T18:40:00+05:30,12.93526,79.156451,egg_table,6.22,per_piece,,local shop
2026-06-08T18:40:00+05:30,12.899021,79.142388,egg_table,6.52,per_piece,,local shop
2026-08-06T19:10:00+05:30,12.901574,79.141847,auto_ride,88.0,per_ride,5.9,street quote
2026-06-03T18:40:00+05:30,12.902377,79.141881,egg_table,7.08,per_piece,,local shop
2026-07-14T18:40:00+05:30,12.90608,79.091885,egg_table,7.59,per_piece,,local shop
2026-08-08T17:20:00+05:30,12.9504,79.3305,egg_table,7.94,per_piece,,single-source zone
2026-05-19T18:40:00+05:30,12.934658,79.155682,egg_table,7.09,per_piece,,local shop
2026-06-30T17:20:00+05:30,12.95,79.33,egg_table,9.65,per_piece,,single-source zone
2026-05-05T19:10:00+05:30,12.906669,79.093863,auto_ride,66.0,per_ride,4.5,street quote
2026-05-05T19:10:00+05:30,12.969375,79.132581,auto_ride,75.0,per_ride,5.0,street quote
2026-05-02T18:40:00+05:30,12.971012,79.133241,egg_table,6.5,per_piece,,local shop
2026-08-09T17:20:00+05:30,12.9504,79.3305,egg_table,8.07,per_piece,,single-source zone
2026-05-12T19:10:00+05:30,12.901005,79.14183,auto_ride,38.0,per_ride,2.3,street quote
2026-07-18T17:20:00+05:30,12.9504,79.3305,egg_table,10.07,per_piece,,single-source zone
2026-05-05T18:40:00+05:30,12.906892,79.093757,egg_table,6.89,per_piece,,local shop
2026-05-06T18:40:00+05:30,12.934937,79.15676,egg_table,6.74,per_piece,,local shop
2026-07-15T18:40:00+05:30,12.900358,79.143873,egg_table,8.05,per_piece,,local shop
2026-08-08T18:40:00+05:30,12.934514,79.157871,egg_table,6.09,per_piece,,local shop
2026-07-14T18:40:00+05:30,12.933663,79.15556,egg_table,7.62,per_piece,,local shop
2026-06-02T19:10:00+05:30,12.905065,79.093087,auto_ride,76.0,per_ride,4.8,street quote
2026-06-17T18:40:00+05:30,12.97026,79.133749,egg_table,9.65,per_piece,,local shop
2026-05-01T19:10:00+05:30,12.970549,79.132923,auto_ride,56.0,per_ride,3.8,street quote
2026-05-11T19:10:00+05:30,12.932927,79.157212,auto_ride,80.0,per_ride,5.5,street quote
2026-07-09T19:10:00+05:30,12.901919,79.14268,auto_ride,34.0,per_ride,2.1,street quote
2026-07-08T19:10:00+05:30,12.934578,79.155913,auto_ride,29.0,per_ride,1.8,street quote
2026-06-09T19:10:00+05:30,12.900632,79.143254,auto_ride,79.0,per_ride,5.1,street quote
2026-07-07T19:10:00+05:30,12.969164,79.132064,auto_ride,90.0,per_ride,5.5,street quote
2026-05-31T19:10:00+05:30,12.93495,79.155128,auto_ride,33.0,per_ride,2.0,street quote
2026-06-14T19:10:00+05:30,12.968263,79.132884,auto_ride,80.0,per_ride,5.8,street quote
2026-05-15T19:10:00+05:30,12.900435,79.143252,auto_ride,55.0,per_ride,3.4,street quote
2026-05-05T18:40:00+05:30,12.935265,79.155936,egg_table,6.01,per_piece,,local shop
2026-08-06T18:40:00+05:30,12.933725,79.15643,egg_table,6.8,per_piece,,local shop
2026-05-15T18:40:00+05:30,12.904953,79.092935,egg_table,6.99,per_piece,,local shop
2026-05-11T19:10:00+05:30,12.933746,79.155567,auto_ride,76.0,per_ride,4.9,street quote
2026-06-06T18:40:00+05:30,12.900851,79.143375,egg_table,6.74,per_piece,,local shop
2026-07-06T18:40:00+05:30,12.900867,79.142276,egg_table,7.1,per_piece,,local shop
2026-07-11T17:20:00+05:30,12.9504,79.3305,egg_table,9.74,per_piece,,single-source zone
2026-07-17T18:40:00+05:30,12.900932,79.14355,egg_table,8.53,per_piece,,local shop
2026-07-14T18:40:00+05:30,12.970085,79.132805,egg_table,9.83,per_piece,,local shop
2026-05-06T19:10:00+05:30,12.900667,79.143295,auto_ride,35.0,per_ride,2.2,street quote
2026-06-18T18:40:00+05:30,12.968339,79.132327,egg_table,9.67,per_piece,,local shop
2026-07-07T18:40:00+05:30,12.969682,79.132961,egg_table,9.8,per_piece,,local shop
2026-07-02T19:10:00+05:30,12.90619,79.093628,auto_ride,59.0,per_ride,3.8,street quote
2026-06-23T19:10:00+05:30,12.904589,79.092773,auto_ride,53.0,per_ride,3.4,street quote
2026-07-15T18:40:00+05:30,12.934148,79.157476,egg_table,8.33,per_piece,,local shop
2026-07-23T19:10:00+05:30,12.905846,79.091994,auto_ride,80.0,per_ride,5.2,street quote
2026-05-26T18:40:00+05:30,12.901215,79.141107,egg_table,7.17,per_piece,,local shop
2026-07-27T19:10:00+05:30,12.902739,79.142396,auto_ride,84.0,per_ride,5.3,street quote
2026-06-24T18:40:00+05:30,12.968761,79.131472,egg_table,9.78,per_piece,,local shop
2026-07-11T18:40:00+05:30,12.935152,79.156084,egg_table,8.67,per_piece,,local shop
2026-06-02T18:40:00+05:30,12.907188,79.092426,egg_table,6.59,per_piece,,local shop
2026-07-04T19:10:00+05:30,12.935348,79.156529,auto_ride,32.0,per_ride,1.9,street quote
2026-06-13T18:40:00+05:30,12.968719,79.131728,egg_table,9.45,per_piece,,local shop
2026-07-18T18:40:00+05:30,12.905805,79.091544,egg_table,7.61,per_piece,,local shop
2026-05-13T19:10:00+05:30,12.931862,79.154481,auto_ride,43.0,per_ride,2.6,street quote
2026-07-16T19:10:00+05:30,12.901524,79.144194,auto_ride,92.0,per_ride,6.0,street quote
2026-07-04T17:20:00+05:30,12.9504,79.3305,egg_table,9.67,per_piece,,single-source zone
2026-07-21T18:40:00+05:30,12.934684,79.157229,egg_table,8.35,per_piece,,local shop
2026-06-06T12:00:00+05:30,,,tomato,31.0,per_kg,,no geotag
2026-07-17T19:10:00+05:30,12.971102,79.132987,auto_ride,80.0,per_ride,3.3,street quote
2026-06-12T19:10:00+05:30,12.900871,79.141162,auto_ride,69.0,per_ride,4.4,street quote
2026-08-05T19:10:00+05:30,12.901399,79.142597,auto_ride,46.0,per_ride,2.9,street quote
2026-06-17T18:40:00+05:30,12.971045,79.13168,egg_table,9.64,per_piece,,local shop
2026-07-07T18:40:00+05:30,12.901318,79.142883,egg_table,7.76,per_piece,,local shop
2026-05-14T19:10:00+05:30,12.969478,79.131373,auto_ride,84.0,per_ride,5.8,street quote
2026-08-03T18:40:00+05:30,12.908183,79.092083,egg_table,6.48,per_piece,,local shop
2026-06-26T19:10:00+05:30,12.96879,79.132709,auto_ride,100.0,per_ride,4.2,street quote
2026-05-01T19:10:00+05:30,12.934504,79.157063,auto_ride,47.0,per_ride,3.0,street quote
2026-05-11T19:10:00+05:30,12.969526,79.133414,auto_ride,43.0,per_ride,2.6,street quote
2026-05-29T19:10:00+05:30,12.970268,79.132179,auto_ride,39.0,per_ride,2.5,street quote
2026-06-28T18:40:00+05:30,12.90013,79.141435,egg_table,7.78,per_piece,,local shop
2026-06-10T19:10:00+05:30,12.906518,79.092999,auto_ride,85.0,per_ride,5.7,street quote
2026-06-12T19:10:00+05:30,12.934998,79.156083,auto_ride,39.0,per_ride,2.3,street quote
2026-05-25T19:10:00+05:30,12.934127,79.156179,auto_ride,84.0,per_ride,5.4,street quote
2026-08-07T17:20:00+05:30,12.95,79.33,egg_table,7.92,per_piece,,single-source zone
2026-07-01T18:40:00+05:30,12.901032,79.141944,egg_table,7.62,per_piece,,local shop
2026-07-16T18:40:00+05:30,12.899612,79.142223,egg_table,8.25,per_piece,,local shop
2026-07-04T19:10:00+05:30,12.90608,79.09253,auto_ride,83.0,per_ride,5.2,street quote
2026-05-15T19:10:00+05:30,12.968467,79.133812,auto_ride,30.0,per_ride,1.7,street quote
2026-06-24T19:10:00+05:30,12.901837,79.141641,auto_ride,29.0,per_ride,1.5,street quote
2026-07-05T19:10:00+05:30,12.934622,79.154926,auto_ride,85.0,per_ride,5.8,street quote
2026-07-27T18:40:00+05:30,12.968886,79.132291,egg_table,9.68,per_piece,,local shop
2026-05-19T18:40:00+05:30,12.906788,79.09207,egg_table,6.54,per_piece,,local shop
2026-06-13T19:10:00+05:30,12.970446,79.132006,auto_ride,90.0,per_ride,4.7,street quote
2026-07-10T18:40:00+05:30,12.905895,79.093814,egg_table,8.0,per_piece,,local shop
2026-05-09T19:10:00+05:30,12.907124,79.092883,auto_ride,39.0,per_ride,2.3,street quote
2026-05-26T19:10:00+05:30,12.933932,79.154565,auto_ride,60.0,per_ride,4.0,street quote
2026-06-14T18:40:00+05:30,12.905262,79.092903,egg_table,7.18,per_piece,,local shop
2026-08-03T19:10:00+05:30,12.900241,79.141065,auto_ride,44.0,per_ride,2.8,street quote
2026-05-13T18:40:00+05:30,12.933915,79.157319,egg_table,6.95,per_piece,,local shop
2026-05-18T19:10:00+05:30,12.968659,79.133373,auto_ride,66.0,per_ride,4.4,street quote
2026-07-10T19:10:00+05:30,12.93519,79.15615,auto_ride,66.0,per_ride,4.3,street quote
2026-07-05T19:10:00+05:30,12.933327,79.155465,auto_ride,52.0,per_ride,3.3,street quote
2026-08-05T18:40:00+05:30,12.968461,79.133191,egg_table,9.82,per_piece,,local shop
2026-08-02T19:10:00+05:30,12.90158,79.141798,auto_ride,33.0,per_ride,1.9,street quote
2026-06-24T18:40:00+05:30,12.971165,79.13359,egg_table,9.8,per_piece,,local shop
2026-06-07T19:10:00+05:30,12.907064,79.094192,auto_ride,30.0,per_ride,1.7,street quote
2026-07-03T19:10:00+05:30,12.900545,79.142243,auto_ride,47.0,per_ride,2.9,street quote
2026-06-07T19:10:00+05:30,12.932895,79.155846,auto_ride,67.0,per_ride,4.5,street quote
2026-05-03T18:40:00+05:30,12.905889,79.093218,egg_table,6.03,per_piece,,local shop
2026-06-30T18:40:00+05:30,12.906525,79.093442,egg_table,7.44,per_piece,,local shop
2026-07-14T19:10:00+05:30,12.905115,79.092726,auto_ride,63.0,per_ride,4.1,street quote
2026-06-25T18:40:00+05:30,12.970687,79.130973,egg_table,9.67,per_piece,,local shop
2026-07-31T19:10:00+05:30,12.905249,79.091699,auto_ride,31.0,per_ride,2.0,street quote
2026-06-14T18:40:00+05:30,12.933626,79.156271,egg_table,7.1,per_piece,,local shop
2026-06-06T18:40:00+05:30,12.97021,79.13359,egg_table,9.67,per_piece,,local shop
2026-05-20T19:10:00+05:30,12.969958,79.131963,auto_ride,49.0,per_ride,3.2,street quote
2026-05-26T19:10:00+05:30,12.901318,79.142127,auto_ride,39.0,per_ride,2.4,street quote
2026-05-08T19:10:00+05:30,12.93257,79.156034,auto_ride,46.0,per_ride,2.8,street quote
2026-08-02T19:10:00+05:30,12.934329,79.15723,auto_ride,38.0,per_ride,2.4,street quote
2026-08-10T19:10:00+05:30,12.905245,79.092785,auto_ride,39.0,per_ride,2.4,street quote
2026-06-30T19:10:00+05:30,12.970071,79.131396,auto_ride,90.0,per_ride,3.5,street quote
2026-07-22T18:40:00+05:30,12.907235,79.092949,egg_table,8.09,per_piece,,local shop
2026-06-07T19:10:00+05:30,12.901608,79.142543,auto_ride,51.0,per_ride,3.1,street quote
2026-06-07T18:40:00+05:30,12.905274,79.092506,egg_table,7.28,per_piece,,local shop
2026-07-02T18:40:00+05:30,12.907345,79.092682,egg_table,7.37,per_piece,,local shop
2026-08-03T19:10:00+05:30,12.969905,79.133495,auto_ride,80.0,per_ride,4.4,street quote
2026-07-26T18:40:00+05:30,12.969866,79.131403,egg_table,9.76,per_piece,,local shop
2026-05-19T19:10:00+05:30,12.934762,79.15552,auto_ride,64.0,per_ride,4.2,street quote
2026-07-27T19:10:00+05:30,12.969675,79.131394,auto_ride,80.0,per_ride,5.0,street quote
2026-06-11T18:40:00+05:30,12.901303,79.14298,egg_table,7.79,per_piece,,local shop
2026-06-02T18:40:00+05:30,12.902519,79.142531,egg_table,7.35,per_piece,,local shop
2026-07-31T19:10:00+05:30,12.934092,79.156718,auto_ride,85.0,per_ride,5.7,street quote
2026-05-14T19:10:00+05:30,12.97087,79.132289,auto_ride,76.0,per_ride,4.8,street quote
2026-05-26T19:10:00+05:30,12.968531,79.132793,auto_ride,29.0,per_ride,1.7,street quote
2026-07-08T19:10:00+05:30,12.934247,79.154668,auto_ride,75.0,per_ride,4.9,street quote
2026-07-19T19:10:00+05:30,12.900678,79.141582,auto_ride,79.0,per_ride,5.4,street quote
2026-07-29T18:40:00+05:30,12.971495,79.133335,egg_table,9.58,per_piece,,local shop
2026-07-16T18:40:00+05:30,12.905328,79.09417,egg_table,7.73,per_piece,,local shop
2026-07-04T18:40:00+05:30,12.899977,79.142033,egg_table,7.11,per_piece,,local shop
2026-07-06T19:10:00+05:30,12.933472,79.155825,auto_ride,38.0,per_ride,2.4,street quote
2026-07-22T19:10:00+05:30,12.902334,79.143405,auto_ride,75.0,per_ride,4.8,street quote
2026-06-18T18:40:00+05:30,12.9338,79.155895,egg_table,7.5,per_piece,,local shop
2026-05-09T19:10:00+05:30,12.933749,79.156019,auto_ride,65.0,per_ride,4.3,street quote
2026-06-29T18:40:00+05:30,12.933999,79.157035,egg_table,7.49,per_piece,,local shop
2026-07-21T18:40:00+05:30,12.968956,79.132189,egg_table,9.68,per_piece,,local shop
2026-05-07T18:40:00+05:30,12.935147,79.155747,egg_table,6.66,per_piece,,local shop
2026-05-13T18:40:00+05:30,12.933497,79.156604,egg_table,5.89,per_piece,,local shop
2026-05-19T18:40:00+05:30,12.933087,79.156543,egg_table,6.29,per_piece,,local shop
2026-07-27T18:40:00+05:30,12.905292,79.092959,egg_table,7.61,per_piece,,local shop
2026-05-14T19:10:00+05:30,12.934334,79.156525,auto_ride,75.0,per_ride,4.9,street quote
2026-07-01T18:40:00+05:30,12.935851,79.154078,egg_table,7.82,per_piece,,local shop
2026-05-14T18:40:00+05:30,12.933441,79.156378,egg_table,6.65,per_piece,,local shop
2026-05-05T19:10:00+05:30,12.906647,79.093788,auto_ride,77.0,per_ride,5.3,street quote
2026-07-26T19:10:00+05:30,12.900233,79.140602,auto_ride,79.0,per_ride,5.1,street quote
2026-07-21T19:10:00+05:30,12.933202,79.156236,auto_ride,59.0,per_ride,3.8,street quote
2026-06-08T19:10:00+05:30,12.902012,79.142073,auto_ride,90.0,per_ride,5.7,street quote
2026-07-26T17:20:00+05:30,12.95,79.33,egg_table,9.66,per_piece,,single-source zone
2026-07-03T18:40:00+05:30,12.90539,79.09292,egg_table,8.07,per_piece,,local shop
2026-07-22T17:20:00+05:30,12.9504,79.3305,egg_table,9.95,per_piece,,single-source zone
2026-07-19T19:10:00+05:30,12.971073,79.131114,auto_ride,90.0,per_ride,4.1,street quote
2026-07-02T19:10:00+05:30,12.935285,79.157066,auto_ride,43.0,per_ride,2.8,street quote
2026-07-17T19:10:00+05:30,12.901649,79.141761,auto_ride,36.0,per_ride,2.3,street quote
2026-05-18T19:10:00+05:30,12.933812,79.156464,auto_ride,85.0,per_ride,5.5,street quote
2026-07-01T18:40:00+05:30,12.971066,79.132611,egg_table,9.81,per_piece,,local shop
2026-06-22T18:40:00+05:30,12.971743,79.133014,egg_table,9.65,per_piece,,local shop
2026-05-25T18:40:00+05:30,12.900002,79.141598,egg_table,6.77,per_piece,,local shop
2026-05-21T18:40:00+05:30,12.97097,79.133096,egg_table,7.17,per_piece,,local shop
2026-07-08T18:40:00+05:30,12.971368,79.131122,egg_table,9.83,per_piece,,local shop
2026-06-16T19:10:00+05:30,12.899589,79.143209,auto_ride,30.0,per_ride,1.8,street quote
2026-07-31T18:40:00+05:30,12.906393,79.094542,egg_table,6.76,per_piece,,local shop
2026-06-12T18:40:00+05:30,12.933007,79.156847,egg_table,7.27,per_piece,,local shop
2026-05-23T18:40:00+05:30,12.905453,79.093543,egg_table,6.75,per_piece,,local shop
2026-08-08T19:10:00+05:30,12.933886,79.154192,auto_ride,35.0,per_ride,2.2,street quote
2026-07-27T19:10:00+05:30,12.907116,79.093104,auto_ride,33.0,per_ride,2.1,street quote
2026-07-27T17:20:00+05:30,12.9504,79.3305,egg_table,9.26,per_piece,,single-source zone
2026-06-29T18:40:00+05:30,12.905197,79.095275,egg_table,7.81,per_piece,,local shop
2026-07-25T19:10:00+05:30,12.902147,79.141851,auto_ride,35.0,per_ride,2.1,street quote
2026-07-24T19:10:00+05:30,12.900838,79.143889,auto_ride,70.0,per_ride,4.8,street quote
2026-06-01T18:40:00+05:30,12.906448,79.094254,egg_table,7.14,per_piece,,local shop
2026-07-10T19:10:00+05:30,12.906227,79.093461,auto_ride,83.0,per_ride,5.4,street quote
2026-07-03T18:40:00+05:30,12.905038,79.093197,egg_table,7.29,per_piece,,local shop
2026-06-03T19:10:00+05:30,12.900891,79.142856,auto_ride,86.0,per_ride,5.5,street quote
2026-05-28T18:40:00+05:30,12.906837,79.093098,egg_table,6.64,per_piece,,local shop
2026-05-25T19:10:00+05:30,12.968293,79.132782,auto_ride,45.0,per_ride,2.9,street quote
2026-06-25T19:10:00+05:30,12.970176,79.131618,auto_ride,80.0,per_ride,4.0,street quote
2026-06-09T18:40:00+05:30,12.900829,79.142887,egg_table,7.12,per_piece,,local shop
2026-05-08T18:40:00+05:30,12.933429,79.156323,egg_table,6.96,per_piece,,local shop
2026-06-13T19:10:00+05:30,12.907174,79.092404,auto_ride,35.0,per_ride,2.1,street quote
2026-05-14T19:10:00+05:30,12.900676,79.141142,auto_ride,57.0,per_ride,3.8,street quote
2026-07-31T19:10:00+05:30,12.969162,79.132675,auto_ride,80.0,per_ride,1.6,street quote
2026-07-03T18:40:00+05:30,12.901105,79.141927,egg_table,8.46,per_piece,,local shop
2026-05-30T18:40:00+05:30,12.905847,79.093884,egg_table,7.02,per_piece,,local shop
2026-05-05T18:40:00+05:30,12.970496,79.130769,egg_table,6.47,per_piece,,local shop
2026-07-03T18:40:00+05:30,12.932379,79.155097,egg_table,7.36,per_piece,,local shop
2026-06-01T19:10:00+05:30,12.969503,79.132822,auto_ride,80.0,per_ride,2.8,street quote
2026-07-04T19:10:00+05:30,12.901697,79.142819,auto_ride,67.0,per_ride,4.3,street quote
2026-06-12T19:10:00+05:30,12.905335,79.092732,auto_ride,70.0,per_ride,4.4,street quote
2026-05-15T19:10:00+05:30,12.934235,79.154111,auto_ride,30.0,per_ride,1.7,street quote
2026-05-05T19:10:00+05:30,12.900553,79.140946,auto_ride,30.0,per_ride,1.9,street quote
2026-07-08T19:10:00+05:30,12.90681,79.09353,auto_ride,90.0,per_ride,5.9,street quote
2026-05-28T18:40:00+05:30,12.934767,79.156387,egg_table,7.26,per_piece,,local shop
2026-07-01T19:10:00+05:30,12.90445,79.091361,auto_ride,69.0,per_ride,4.3,street quote
2026-06-11T19:10:00+05:30,12.934143,79.155306,auto_ride,74.0,per_ride,4.7,street quote
2026-05-08T18:40:00+05:30,12.903608,79.141204,egg_table,6.82,per_piece,,local shop
2026-08-06T18:40:00+05:30,12.905895,79.091158,egg_table,6.71,per_piece,,local shop
2026-07-15T18:40:00+05:30,12.969885,79.131845,egg_table,9.78,per_piece,,local shop
2026-07-24T19:10:00+05:30,12.907611,79.093785,auto_ride,42.0,per_ride,2.5,street quote
2026-07-17T18:40:00+05:30,12.934279,79.156399,egg_table,8.27,per_piece,,local shop
2026-05-13T19:10:00+05:30,12.934574,79.154597,auto_ride,50.0,per_ride,3.1,street quote
2026-05-31T19:10:00+05:30,12.906957,79.092808,auto_ride,63.0,per_ride,4.1,street quote
2026-06-04T19:10:00+05:30,12.969301,79.131573,auto_ride,90.0,per_ride,4.2,street quote
2026-05-21T19:10:00+05:30,12.93512,79.15634,auto_ride,34.0,per_ride,2.1,street quote
2026-07-16T19:10:00+05:30,12.900574,79.143452,auto_ride,56.0,per_ride,3.5,street quote
2026-05-17T19:10:00+05:30,12.905477,79.095175,auto_ride,54.0,per_ride,3.4,street quote
2026-05-17T18:40:00+05:30,12.905822,79.093242,egg_table,6.05,per_piece,,local shop
2026-07-19T17:20:00+05:30,12.95,79.33,egg_table,9.96,per_piece,,single-source zone
2026-07-27T18:40:00+05:30,12.933573,79.156785,egg_table,7.59,per_piece,,local shop
2026-05-08T18:40:00+05:30,12.970652,79.132442,egg_table,6.5,per_piece,,local shop
2026-05-31T19:10:00+05:30,12.933993,79.156679,auto_ride,85.0,per_ride,5.5,street quote
2026-05-07T19:10:00+05:30,12.904435,79.093973,auto_ride,59.0,per_ride,3.9,street quote
2026-05-05T19:10:00+05:30,12.898472,79.140346,auto_ride,79.0,per_ride,5.2,street quote
2026-06-25T18:40:00+05:30,12.899373,79.141867,egg_table,8.14,per_piece,,local shop
2026-05-17T18:40:00+05:30,12.902287,79.142746,egg_table,6.22,per_piece,,local shop
2026-05-20T19:10:00+05:30,12.934382,79.155689,auto_ride,42.0,per_ride,2.6,street quote
2026-07-16T18:40:00+05:30,12.969244,79.132269,egg_table,9.78,per_piece,,local shop
2026-07-03T12:00:00+05:30,,,tomato,31.0,per_kg,,no geotag
2026-07-10T18:40:00+05:30,12.899885,79.142218,egg_table,8.25,per_piece,,local shop
2026-07-04T19:10:00+05:30,12.901732,79.142818,auto_ride,66.0,per_ride,4.4,street quote
2026-06-03T18:40:00+05:30,12.970656,79.132124,egg_table,9.57,per_piece,,local shop
2026-06-16T19:10:00+05:30,12.906154,79.094606,auto_ride,30.0,per_ride,1.7,street quote
2026-06-05T19:10:00+05:30,12.969166,79.133649,auto_ride,90.0,per_ride,5.0,street quote
2026-06-05T19:10:00+05:30,12.89897,79.142483,auto_ride,78.0,per_ride,5.3,street quote
2026-07-27T18:40:00+05:30,12.905417,79.093698,egg_table,7.97,per_piece,,local shop
2026-07-24T18:40:00+05:30,12.899979,79.142633,egg_table,7.61,per_piece,,local shop
2026-07-18T19:10:00+05:30,12.905586,79.092171,auto_ride,80.0,per_ride,5.4,street quote
2026-07-23T19:10:00+05:30,12.969957,79.131441,auto_ride,80.0,per_ride,1.6,street quote
2026-05-06T18:40:00+05:30,12.93459,79.156245,egg_table,7.06,per_piece,,local shop
,12.9165,79.1325,egg_table,8.4,per_piece,,no timestamp
2026-06-09T19:10:00+05:30,12.900637,79.142378,auto_ride,40.0,per_ride,2.4,street quote
2026-06-14T19:10:00+05:30,12.936315,79.153475,auto_ride,39.0,per_ride,2.5,street quote
2026-05-29T18:40:00+05:30,12.900881,79.142639,egg_table,7.39,per_piece,,local shop
2026-07-23T18:40:00+05:30,12.906055,79.09307,egg_table,8.3,per_piece,,local shop
2026-07-19T19:10:00+05:30,12.969181,79.132997,auto_ride,80.0,per_ride,1.9,street quote
2026-06-30T17:20:00+05:30,12.9504,79.3305,egg_table,9.53,per_piece,,single-source zone
2026-06-10T18:40:00+05:30,12.934879,79.15584,egg_table,7.39,per_piece,,local shop
2026-05-22T19:10:00+05:30,12.934191,79.155079,auto_ride,72.0,per_ride,5.0,street quote
2026-06-27T18:40:00+05:30,12.932554,79.153788,egg_table,7.5,per_piece,,local shop
2026-05-06T18:40:00+05:30,12.905153,79.094666,egg_table,5.99,per_piece,,local shop
2026-05-18T18:40:00+05:30,12.900642,79.141138,egg_table,6.92,per_piece,,local shop
2026-06-08T19:10:00+05:30,12.969957,79.133547,auto_ride,90.0,per_ride,2.1,street quote
2026-05-22T19:10:00+05:30,12.906801,79.092401,auto_ride,84.0,per_ride,5.5,street quote
2026-05-15T18:40:00+05:30,12.932394,79.155681,egg_table,6.89,per_piece,,local shop
2026-06-07T19:10:00+05:30,12.902143,79.142012,auto_ride,47.0,per_ride,2.9,street quote
2026-06-10T18:40:00+05:30,12.901605,79.142647,egg_table,6.56,per_piece,,local shop
2026-07-26T19:10:00+05:30,12.93452,79.155126,auto_ride,80.0,per_ride,5.2,street quote
2026-05-21T18:40:00+05:30,12.901635,79.142309,egg_table,7.12,per_piece,,local shop
2026-05-29T18:40:00+05:30,12.933236,79.157305,egg_table,6.65,per_piece,,local shop
2026-06-21T19:10:00+05:30,12.905196,79.092329,auto_ride,43.0,per_ride,2.7,street quote
2026-06-26T18:40:00+05:30,12.90622,79.094713,egg_table,7.86,per_piece,,local shop
2026-06-16T19:10:00+05:30,12.93406,79.154802,auto_ride,55.0,per_ride,3.6,street quote
2026-07-02T18:40:00+05:30,12.968978,79.132093,egg_table,9.82,per_piece,,local shop
2026-08-07T19:10:00+05:30,12.906521,79.09254,auto_ride,46.0,per_ride,3.1,street quote
2026-05-10T19:10:00+05:30,12.905542,79.093232,auto_ride,64.0,per_ride,4.2,street quote
2026-05-29T19:10:00+05:30,12.901321,79.1413,auto_ride,55.0,per_ride,3.6,street quote
2026-06-01T18:40:00+05:30,12.901052,79.141108,egg_table,6.69,per_piece,,local shop
2026-07-03T18:40:00+05:30,12.968448,79.13398,egg_table,9.72,per_piece,,local shop
2026-07-21T19:10:00+05:30,12.904839,79.092364,auto_ride,29.0,per_ride,1.6,street quote
2026-06-21T19:10:00+05:30,12.906001,79.091822,auto_ride,63.0,per_ride,4.2,street quote
2026-05-12T18:40:00+05:30,12.934536,79.155765,egg_table,6.91,per_piece,,local shop
2026-05-31T18:40:00+05:30,12.905831,79.092893,egg_table,6.49,per_piece,,local shop
2026-05-13T18:40:00+05:30,12.904753,79.092351,egg_table,6.3,per_piece,,local shop
2026-08-05T19:10:00+05:30,12.905891,79.093598,auto_ride,84.0,per_ride,5.3,street quote
2026-06-21T18:40:00+05:30,12.902254,79.14216,egg_table,7.11,per_piece,,local shop
2026-08-09T18:40:00+05:30,12.901431,79.141471,egg_table,6.27,per_piece,,local shop
2026-07-30T19:10:00+05:30,12.935143,79.155544,auto_ride,68.0,per_ride,4.4,street quote
2026-06-25T19:10:00+05:30,12.969754,79.134101,auto_ride,90.0,per_ride,3.9,street quote
2026-06-25T18:40:00+05:30,12.90574,79.092057,egg_table,7.82,per_piece,,local shop
2026-06-09T18:40:00+05:30,12.899807,79.142238,egg_table,7.39,per_piece,,local shop
2026-06-05T19:10:00+05:30,12.934438,79.155569,auto_ride,43.0,per_ride,2.7,street quote
2026-06-18T19:10:00+05:30,12.934355,79.15622,auto_ride,34.0,per_ride,2.0,street quote
2026-05-19T19:10:00+05:30,12.934531,79.157474,auto_ride,80.0,per_ride,5.4,street quote
2026-06-14T19:10:00+05:30,12.901143,79.14299,auto_ride,41.0,per_ride,2.6,street quote
2026-07-06T18:40:00+05:30,12.906183,79.092906,egg_table,7.54,per_piece,,local shop
2026-07-11T19:10:00+05:30,12.906141,79.092006,auto_ride,69.0,per_ride,4.3,street quote
2026-06-14T19:10:00+05:30,12.933663,79.155914,auto_ride,90.0,per_ride,5.9,street quote
2026-05-24T19:10:00+05:30,12.934889,79.15573,auto_ride,80.0,per_ride,5.3,street quote
2026-07-25T18:40:00+05:30,12.904781,79.093013,egg_table,7.3,per_piece,,local shop
2026-06-30T18:40:00+05:30,12.907209,79.092831,egg_table,7.12,per_piece,,local shop
2026-06-08T18:40:00+05:30,12.901676,79.140945,egg_table,6.41,per_piece,,local shop
2026-07-21T19:10:00+05:30,12.904229,79.093962,auto_ride,53.0,per_ride,3.4,street quote
2026-06-30T18:40:00+05:30,12.90076,79.142666,egg_table,8.19,per_piece,,local shop
2026-05-07T19:10:00+05:30,12.901339,79.143305,auto_ride,29.0,per_ride,1.8,street quote
2026-06-23T19:10:00+05:30,12.901536,79.140928,auto_ride,42.0,per_ride,2.5,street quote
2026-05-02T18:40:00+05:30,12.967997,79.13185,egg_table,6.19,per_piece,,local shop
2026-08-01T19:10:00+05:30,12.9007,79.142084,auto_ride,75.0,per_ride,5.0,street quote
2026-08-02T19:10:00+05:30,12.905116,79.091572,auto_ride,52.0,per_ride,3.3,street quote
2026-06-20T18:40:00+05:30,12.969975,79.133398,egg_table,9.6,per_piece,,local shop
2026-07-16T18:40:00+05:30,12.900498,79.144185,egg_table,8.09,per_piece,,local shop
2026-07-18T18:40:00+05:30,12.900227,79.141656,egg_table,8.68,per_piece,,local shop
2026-05-24T19:10:00+05:30,12.906776,79.09379,auto_ride,65.0,per_ride,4.3,street quote
2026-05-16T18:40:00+05:30,12.901441,79.140374,egg_table,6.65,per_piece,,local shop
2026-06-18T18:40:00+05:30,12.905532,79.092626,egg_table,8.03,per_piece,,local shop
2026-08-09T18:40:00+05:30,12.968627,79.132815,egg_table,9.82,per_piece,,local shop
2026-06-20T19:10:00+05:30,12.905985,79.091617,auto_ride,49.0,per_ride,3.2,street quote
2026-08-03T19:10:00+05:30,12.934492,79.155576,auto_ride,58.0,per_ride,3.7,street quote
2026-08-04T19:10:00+05:30,12.969698,79.131605,auto_ride,90.0,per_ride,2.5,street quote
2026-07-18T19:10:00+05:30,12.905954,79.093555,auto_ride,48.0,per_ride,3.0,street quote
2026-05-07T18:40:00+05:30,12.932195,79.154207,egg_table,6.11,per_piece,,local shop
