Sl no.,District Name,Market Name,Commodity,Variety,Grade,Min Price (Rs./Quintal),Max Price (Rs./Quintal),Modal Price (Rs./Quintal),Arrivals (Tonnes),Price Date
1,Vellore,vellore_arakkonam,Tomato,Local,FAQ,2618,3182,2953,89.56,01 Apr 2025
2,Vellore,vellore_gudiyatham,Tomato,Local,FAQ,1835,2287,2118,176.8,01 Apr 2025
3,Vellore,vellore_market,Tomato,Local,FAQ,2199,2676,2476,99.56,01 Apr 2025
4,Vellore,vellore_vaniyambadi,Tomato,Local,FAQ,2150,2667,2391,121.14,01 Apr 2025
5,Vellore,vellore_arakkonam,Tomato,Local,FAQ,2295,2928,2620,110.65,01 Apr 2026
6,Vellore,vellore_gudiyatham,Tomato,Local,FAQ,1876,2320,2119,150.06,01 Apr 2026
7,Vellore,vellore_market,Tomato,Local,FAQ,2161,2866,2506,83.08,01 Apr 2026
8,Vellore,vellore_vaniyambadi,Tomato,Local,FAQ,2234,2806,2548,124.06,01 Apr 2026
9,Vellore,vellore_arakkonam,Tomato,Local,FAQ,1302,1676,1475,79.85,01 Aug 2025
10,Vellore,vellore_gudiyatham,Tomato,Local,FAQ,1199,1472,1368,81.02,01 Aug 2025
11,Vellore,vellore_market,Tomato,Local,FAQ,1313,1671,1469,56.56,01 Aug 2025
12,Vellore,vellore_vaniyambadi,Tomato,Local,FAQ,1097,1327,1211,97.25,01 Aug 2025
13,Vellore,vellore_arakkonam,Tomato,Local,FAQ,1560,1972,1785,52.82,01 Aug 2026
14,Vellore,vellore_gudiyatham,Tomato,Local,FAQ,1341,1665,1463,71.45,01 Aug 2026
15,Vellore,vellore_market,Tomato,Local,FAQ,1486,1832,1623,49.92,01 Aug 2026
16,Vellore,vellore_vaniyambadi,Tomato,Local,FAQ,1676,2221,1933,70.28,01 Aug 2026
17,Vellore,vellore_arakkonam,Tomato,Local,FAQ,1284,1535,1383,180.16,01 Dec 2025
18,Vellore,vellore_gudiyatham,Tomato,Local,FAQ,1520,1848,1663,144.88,01 Dec 2025
19,Vellore,vellore_market,Tomato,Local,FAQ,1602,1978,1803,106.86,01 Dec 2025
20,Vellore,vellore_vaniyambadi,Tomato,Local,FAQ,1607,1968,1824,120.79,01 Dec 2025
21,Vellore,vellore_arakkonam,Tomato,Local,FAQ,1889,2362,2139,159.21,01 Feb 2025
22,Vellore,vellore_gudiyatham,Tomato,Local,FAQ,1741,2255,2019,193.01,01 Feb 2025
23,Vellore,vellore_market,Tomato,Local,FAQ,2007,2467,2258,124.79,01 Feb 2025
24,Vellore,vellore_vaniyambadi,Tomato,Local,FAQ,1824,2135,1982,176.64,01 Feb 2025
25,Vellore,vellore_arakkonam,Tomato,Local,FAQ,2089,2687,2373,110.15,01 Feb 2026
26,Vellore,vellore_gudiyatham,Tomato,Local,FAQ,1766,2257,2043,155.06,01 Feb 2026
27,Vellore,vellore_market,Tomato,Local,FAQ,2369,2901,2621,92.9,01 Feb 2026
28,Vellore,vellore_vaniyambadi,Tomato,Local,FAQ,2247,2844,2589,124.24,01 Feb 2026
29,Vellore,vellore_arakkonam,Tomato,Local,FAQ,1735,2099,1955,149.31,01 Jan 2025
30,Vellore,vellore_gudiyatham,Tomato,Local,FAQ,1904,2402,2188,123.87,01 Jan 2025
31,Vellore,vellore_market,Tomato,Local,FAQ,1908,2376,2095,118.09,01 Jan 2025
32,Vellore,vellore_vaniyambadi,Tomato,Local,FAQ,1385,1744,1610,205.74,01 Jan 2025
33,Vellore,vellore_arakkonam,Tomato,Local,FAQ,2175,2760,2404,112.59,01 Jan 2026
34,Vellore,vellore_gudiyatham,Tomato,Local,FAQ,2180,2719,2408,97.24,01 Jan 2026
35,Vellore,vellore_market,Tomato,Local,FAQ,1754,2165,2009,122.01,01 Jan 2026
36,Vellore,vellore_vaniyambadi,Tomato,Local,FAQ,1384,1778,1592,203.42,01 Jan 2026
37,Vellore,vellore_arakkonam,Tomato,Local,FAQ,1428,1790,1627,79.76,01 Jul 2025
38,Vellore,vellore_gudiyatham,Tomato,Local,FAQ,1698,2030,1891,79.74,01 Jul 2025
39,Vellore,vellore_market,Tomato,Local,FAQ,1520,1931,1762,56.26,01 Jul 2025
40,Vellore,vellore_vaniyambadi,Tomato,Local,FAQ,1471,1844,1688,84.1,01 Jul 2025
41,Vellore,vellore_arakkonam,Tomato,Local,FAQ,1451,1856,1619,84.08,01 Jul 2026
42,Vellore,vellore_gudiyatham,Tomato,Local,FAQ,1583,1832,1706,80.34,01 Jul 2026
43,Vellore,vellore_market,Tomato,Local,FAQ,1359,1784,1557,75.62,01 Jul 2026
44,Vellore,vellore_vaniyambadi,Tomato,Local,FAQ,1960,2419,2209,104.61,01 Jul 2026
45,Vellore,vellore_arakkonam,Tomato,Local,FAQ,1383,1705,1591,112.52,01 Jun 2025
46,Vellore,vellore_gudiyatham,Tomato,Local,FAQ,1054,1292,1134,202.23,01 Jun 2025
47,Vellore,vellore_market,Tomato,Local,FAQ,1986,2452,2177,58.67,01 Jun 2025
48,Vellore,vellore_vaniyambadi,Tomato,Local,FAQ,1633,2075,1858,98.61,01 Jun 2025
49,Vellore,vellore_arakkonam,Tomato,Local,FAQ,1514,1908,1712,103.01,01 Jun 2026
50,Vellore,vellore_gudiyatham,Tomato,Local,FAQ,2015,2569,2267,71.55,01 Jun 2026
51,Vellore,vellore_market,Tomato,Local,FAQ,1882,2346,2144,60.98,01 Jun 2026
52,Vellore,vellore_vaniyambadi,Tomato,Local,FAQ,1635,1996,1819,120.37,01 Jun 2026
53,Vellore,vellore_arakkonam,Tomato,Local,FAQ,2011,2510,2183,153.37,01 Mar 2025
54,Vellore,vellore_gudiyatham,Tomato,Local,FAQ,1870,2332,2049,176.8,01 Mar 2025
55,Vellore,vellore_market,Tomato,Local,FAQ,1679,2090,1927,147.62,01 Mar 2025
56,Vellore,vellore_vaniyambadi,Tomato,Local,FAQ,2345,2890,2633,127.0,01 Mar 2025
57,Vellore,vellore_arakkonam,Tomato,Local,FAQ,2965,3613,3253,80.59,01 Mar 2026
58,Vellore,vellore_gudiyatham,Tomato,Local,FAQ,2446,3011,2725,129.64,01 Mar 2026
59,Vellore,vellore_market,Tomato,Local,FAQ,2578,3245,2938,76.68,01 Mar 2026
60,Vellore,vellore_vaniyambadi,Tomato,Local,FAQ,1970,2352,2136,175.39,01 Mar 2026
61,Vellore,vellore_arakkonam,Tomato,Local,FAQ,1555,2021,1785,151.64,01 May 2025
62,Vellore,vellore_gudiyatham,Tomato,Local,FAQ,2089,2572,2254,97.23,01 May 2025
63,Vellore,vellore_market,Tomato,Local,FAQ,1921,2422,2130,99.89,01 May 2025
64,Vellore,vellore_vaniyambadi,Tomato,Local,FAQ,1485,1918,1680,174.45,01 May 2025
65,Vellore,vellore_arakkonam,Tomato,Local,FAQ,1797,2173,1991,132.41,01 May 2026
66,Vellore,vellore_gudiyatham,Tomato,Local,FAQ,2178,2756,2456,87.68,01 May 2026
67,Vellore,vellore_market,Tomato,Local,FAQ,1690,2179,1903,122.69,01 May 2026
68,Vellore,vellore_vaniyambadi,Tomato,Local,FAQ,1929,2573,2238,99.88,01 May 2026
69,Vellore,vellore_arakkonam,Tomato,Local,FAQ,1672,1997,1814,90.48,01 Nov 2025
70,Vellore,vellore_gudiyatham,Tomato,Local,FAQ,1074,1267,1173,148.7,01 Nov 2025
71,Vellore,vellore_market,Tomato,Local,FAQ,1114,1414,1230,131.29,01 Nov 2025
72,Vellore,vellore_vaniyambadi,Tomato,Local,FAQ,1318,1656,1468,128.6,01 Nov 2025
73,Vellore,vellore_arakkonam,Tomato,Local,FAQ,1433,1799,1610,74.71,01 Oct 2025
74,Vellore,vellore_gudiyatham,Tomato,Local,FAQ,1142,1389,1285,104.26,01 Oct 2025
75,Vellore,vellore_market,Tomato,Local,FAQ,1554,1973,1752,48.23,01 Oct 2025
76,Vellore,vellore_vaniyambadi,Tomato,Local,FAQ,1593,1973,1808,60.76,01 Oct 2025
77,Vellore,vellore_arakkonam,Tomato,Local,FAQ,1199,1387,1292,91.03,01 Sep 2025
78,Vellore,vellore_gudiyatham,Tomato,Local,FAQ,1143,1456,1291,86.3,01 Sep 2025
79,Vellore,vellore_market,Tomato,Local,FAQ,1241,1449,1336,76.13,01 Sep 2025
80,Vellore,vellore_vaniyambadi,Tomato,Local,FAQ,1121,1401,1277,84.84,01 Sep 2025
81,Vellore,vellore_arakkonam,Tomato,Local,FAQ,2096,2555,2376,129.24,02 Apr 2025
82,Vellore,vellore_gudiyatham,Tomato,Local,FAQ,2491,3244,2877,105.55,02 Apr 2025
83,Vellore,vellore_market,Tomato,Local,FAQ,2177,2698,2456,103.87,02 Apr 2025
84,Vellore,vellore_vaniyambadi,Tomato,Local,FAQ,2208,2887,2518,110.51,02 Apr 2025
85,Vellore,vellore_arakkonam,Tomato,Local,FAQ,2090,2745,2414,123.42,02 Apr 2026
86,Vellore,vellore_gudiyatham,Tomato,Local,FAQ,2316,2754,2530,101.09,02 Apr 2026
87,Vellore,vellore_market,Tomato,Local,FAQ,1905,2297,2113,112.16,02 Apr 2026
88,Vellore,vellore_vaniyambadi,Tomato,Local,FAQ,2192,2608,2430,126.06,02 Apr 2026
89,Vellore,vellore_arakkonam,Tomato,Local,FAQ,1222,1564,1414,81.78,02 Aug 2025
90,Vellore,vellore_gudiyatham,Tomato,Local,FAQ,1354,1669,1479,69.86,02 Aug 2025
91,Vellore,vellore_market,Tomato,Local,FAQ,1320,1597,1483,54.68,02 Aug 2025
92,Vellore,vellore_vaniyambadi,Tomato,Local,FAQ,1323,1549,1445,73.24,02 Aug 2025
93,Vellore,vellore_arakkonam,Tomato,Local,FAQ,1265,1637,1438,68.51,02 Aug 2026
94,Vellore,vellore_gudiyatham,Tomato,Local,FAQ,1256,1511,1371,84.9,02 Aug 2026
95,Vellore,vellore_market,Tomato,Local,FAQ,1239,1615,1430,60.86,02 Aug 2026
96,Vellore,vellore_vaniyambadi,Tomato,Local,FAQ,1759,2156,1938,122.79,02 Aug 2026
97,Vellore,vellore_arakkonam,Tomato,Local,FAQ,1473,1765,1588,149.99,02 Dec 2025
98,Vellore,vellore_gudiyatham,Tomato,Local,FAQ,1436,1751,1565,155.08,02 Dec 2025
99,Vellore,vellore_market,Tomato,Local,FAQ,1626,1936,1807,98.41,02 Dec 2025
100,Vellore,vellore_vaniyambadi,Tomato,Local,FAQ,1331,1702,1519,164.88,02 Dec 2025
101,Vellore,vellore_arakkonam,Tomato,Local,FAQ,2041,2565,2292,144.63,02 Feb 2025
102,Vellore,vellore_gudiyatham,Tomato,Local,FAQ,1990,2539,2301,145.36,02 Feb 2025
103,Vellore,vellore_market,Tomato,Local,FAQ,2127,2543,2372,111.63,02 Feb 2025
104,Vellore,vellore_vaniyambadi,Tomato,Local,FAQ,2145,2809,2452,120.24,02 Feb 2025
105,Vellore,vellore_arakkonam,Tomato,Local,FAQ,1594,2058,1826,182.59,02 Feb 2026
106,Vellore,vellore_gudiyatham,Tomato,Local,FAQ,1943,2388,2176,137.52,02 Feb 2026
107,Vellore,vellore_market,Tomato,Local,FAQ,2395,2948,2587,96.98,02 Feb 2026
108,Vellore,vellore_vaniyambadi,Tomato,Local,FAQ,1888,2375,2190,170.05,02 Feb 2026
109,Vellore,vellore_arakkonam,Tomato,Local,FAQ,1815,2251,2039,142.39,02 Jan 2025
110,Vellore,vellore_gudiyatham,Tomato,Local,FAQ,2006,2581,2260,115.51,02 Jan 2025
111,Vellore,vellore_market,Tomato,Local,FAQ,1735,2146,1931,128.24,02 Jan 2025
112,Vellore,vellore_vaniyambadi,Tomato,Local,FAQ,1514,1857,1634,212.43,02 Jan 2025
113,Vellore,vellore_arakkonam,Tomato,Local,FAQ,1787,2283,2060,167.68,02 Jan 2026
114,Vellore,vellore_gudiyatham,Tomato,Local,FAQ,1873,2315,2022,131.48,02 Jan 2026
115,Vellore,vellore_market,Tomato,Local,FAQ,1654,2046,1858,134.78,02 Jan 2026
116,Vellore,vellore_vaniyambadi,Tomato,Local,FAQ,1403,1805,1574,203.47,02 Jan 2026
117,Vellore,vellore_arakkonam,Tomato,Local,FAQ,1319,1656,1498,98.13,02 Jul 2025
118,Vellore,vellore_gudiyatham,Tomato,Local,FAQ,1630,1947,1765,80.46,02 Jul 2025
119,Vellore,vellore_market,Tomato,Local,FAQ,1375,1610,1490,77.56,02 Jul 2025
120,Vellore,vellore_vaniyambadi,Tomato,Local,FAQ,1631,1903,1760,79.03,02 Jul 2025
121,Vellore,vellore_arakkonam,Tomato,Local,FAQ,1512,1774,1631,80.58,02 Jul 2026
122,Vellore,vellore_gudiyatham,Tomato,Local,FAQ,1378,1658,1491,108.2,02 Jul 2026
123,Vellore,vellore_market,Tomato,Local,FAQ,1453,1814,1690,62.01,02 Jul 2026
124,Vellore,vellore_vaniyambadi,Tomato,Local,FAQ,1890,2385,2195,93.34,02 Jul 2026
125,Vellore,vellore_arakkonam,Tomato,Local,FAQ,1741,2046,1888,86.06,02 Jun 2025
126,Vellore,vellore_gudiyatham,Tomato,Local,FAQ,1897,2381,2078,69.87,02 Jun 2025
127,Vellore,vellore_market,Tomato,Local,FAQ,1572,2037,1785,80.02,02 Jun 2025
128,Vellore,vellore_vaniyambadi,Tomato,Local,FAQ,1895,2476,2177,67.01,02 Jun 2025
129,Vellore,vellore_arakkonam,Tomato,Local,FAQ,1496,1839,1689,97.78,02 Jun 2026
130,Vellore,vellore_gudiyatham,Tomato,Local,FAQ,2257,2655,2454,63.59,02 Jun 2026
131,Vellore,vellore_market,Tomato,Local,FAQ,1970,2507,2235,59.15,02 Jun 2026
132,Vellore,vellore_vaniyambadi,Tomato,Local,FAQ,1671,2041,1896,111.25,02 Jun 2026
133,Vellore,vellore_arakkonam,Tomato,Local,FAQ,1967,2330,2141,161.43,02 Mar 2025
134,Vellore,vellore_gudiyatham,Tomato,Local,FAQ,2279,2673,2476,122.35,02 Mar 2025
135,Vellore,vellore_market,Tomato,Local,FAQ,2174,2781,2459,93.7,02 Mar 2025
136,Vellore,vellore_vaniyambadi,Tomato,Local,FAQ,1800,2326,2040,195.35,02 Mar 2025
137,Vellore,vellore_arakkonam,Tomato,Local,FAQ,1672,2201,1919,199.01,02 Mar 2026
138,Vellore,vellore_gudiyatham,Tomato,Local,FAQ,2655,3279,3018,116.07,02 Mar 2026
139,Vellore,vellore_market,Tomato,Local,FAQ,1752,2194,2022,156.91,02 Mar 2026
140,Vellore,vellore_vaniyambadi,Tomato,Local,FAQ,2374,2970,2680,119.46,02 Mar 2026
141,Vellore,vellore_arakkonam,Tomato,Local,FAQ,2317,2711,2520,84.9,02 May 2025
142,Vellore,vellore_gudiyatham,Tomato,Local,FAQ,1740,2199,2013,116.88,02 May 2025
143,Vellore,vellore_market,Tomato,Local,FAQ,1776,2186,1938,119.79,02 May 2025
144,Vellore,vellore_vaniyambadi,Tomato,Local,FAQ,1418,1774,1625,172.44,02 May 2025
145,Vellore,vellore_arakkonam,Tomato,Local,FAQ,1577,1953,1784,161.22,02 May 2026
146,Vellore,vellore_gudiyatham,Tomato,Local,FAQ,1883,2346,2180,102.88,02 May 2026
147,Vellore,vellore_market,Tomato,Local,FAQ,1956,2465,2152,95.89,02 May 2026
148,Vellore,vellore_vaniyambadi,Tomato,Local,FAQ,1853,2337,2149,107.6,02 May 2026
149,Vellore,vellore_arakkonam,Tomato,Local,FAQ,1357,1708,1505,108.67,02 Nov 2025
150,Vellore,vellore_gudiyatham,Tomato,Local,FAQ,1200,1544,1373,130.62,02 Nov 2025
151,Vellore,vellore_market,Tomato,Local,FAQ,1413,1772,1585,84.42,02 Nov 2025
152,Vellore,vellore_vaniyambadi,Tomato,Local,FAQ,1342,1629,1456,127.69,02 Nov 2025
153,Vellore,vellore_arakkonam,Tomato,Local,FAQ,905,1170,1031,160.16,02 Oct 2025
154,Vellore,vellore_gudiyatham,Tomato,Local,FAQ,1067,1386,1235,116.0,02 Oct 2025
155,Vellore,vellore_market,Tomato,Local,FAQ,1102,1431,1277,97.61,02 Oct 2025
156,Vellore,vellore_vaniyambadi,Tomato,Local,FAQ,1346,1598,1452,85.93,02 Oct 2025
157,Vellore,vellore_arakkonam,Tomato,Local,FAQ,1059,1294,1156,99.48,02 Sep 2025
158,Vellore,vellore_gudiyatham,Tomato,Local,FAQ,1098,1415,1239,85.16,02 Sep 2025
159,Vellore,vellore_market,Tomato,Local,FAQ,1240,1489,1388,60.88,02 Sep 2025
160,Vellore,vellore_vaniyambadi,Tomato,Local,FAQ,1087,1308,1199,90.49,02 Sep 2025
161,Vellore,vellore_arakkonam,Tomato,Local,FAQ,2155,2827,2504,120.63,03 Apr 2025
162,Vellore,vellore_gudiyatham,Tomato,Local,FAQ,2871,3415,3138,94.51,03 Apr 2025
163,Vellore,vellore_market,Tomato,Local,FAQ,1876,2275,2120,141.17,03 Apr 2025
164,Vellore,vellore_vaniyambadi,Tomato,Local,FAQ,2177,2734,2446,123.42,03 Apr 2025
165,Vellore,vellore_arakkonam,Tomato,Local,FAQ,2569,3277,2973,83.87,03 Apr 2026
166,Vellore,vellore_gudiyatham,Tomato,Local,FAQ,2050,2543,2313,112.64,03 Apr 2026
167,Vellore,vellore_market,Tomato,Local,FAQ,2078,2617,2407,88.17,03 Apr 2026
168,Vellore,vellore_vaniyambadi,Tomato,Local,FAQ,2137,2677,2408,118.3,03 Apr 2026
169,Vellore,vellore_arakkonam,Tomato,Local,FAQ,1366,1697,1539,78.52,03 Aug 2025
170,Vellore,vellore_gudiyatham,Tomato,Local,FAQ,1189,1463,1317,78.81,03 Aug 2025
171,Vellore,vellore_market,Tomato,Local,FAQ,1291,1567,1389,65.7,03 Aug 2025
172,Vellore,vellore_vaniyambadi,Tomato,Local,FAQ,1277,1689,1471,81.19,03 Aug 2025
173,Vellore,vellore_arakkonam,Tomato,Local,FAQ,1404,1781,1595,59.77,03 Aug 2026
174,Vellore,vellore_gudiyatham,Tomato,Local,FAQ,1348,1661,1511,68.32,03 Aug 2026
175,Vellore,vellore_market,Tomato,Local,FAQ,1351,1660,1535,54.89,03 Aug 2026
176,Vellore,vellore_vaniyambadi,Tomato,Local,FAQ,1767,2194,1910,77.52,03 Aug 2026
177,Vellore,vellore_arakkonam,Tomato,Local,FAQ,1574,1953,1810,124.97,03 Dec 2025
178,Vellore,vellore_gudiyatham,Tomato,Local,FAQ,1357,1745,1536,154.81,03 Dec 2025
179,Vellore,vellore_market,Tomato,Local,FAQ,1921,2436,2192,76.26,03 Dec 2025
180,Vellore,vellore_vaniyambadi,Tomato,Local,FAQ,1491,1786,1624,152.15,03 Dec 2025
181,Vellore,vellore_arakkonam,Tomato,Local,FAQ,1462,1755,1584,270.42,03 Feb 2025
182,Vellore,vellore_gudiyatham,Tomato,Local,FAQ,2242,2815,2589,115.79,03 Feb 2025
183,Vellore,vellore_market,Tomato,Local,FAQ,2232,2724,2485,91.5,03 Feb 2025
184,Vellore,vellore_vaniyambadi,Tomato,Local,FAQ,2161,2708,2394,129.52,03 Feb 2025
185,Vellore,vellore_arakkonam,Tomato,Local,FAQ,1822,2214,1959,169.36,03 Feb 2026
186,Vellore,vellore_gudiyatham,Tomato,Local,FAQ,2191,2743,2544,109.11,03 Feb 2026
187,Vellore,vellore_market,Tomato,Local,FAQ,1615,1994,1854,175.69,03 Feb 2026
188,Vellore,vellore_vaniyambadi,Tomato,Local,FAQ,2418,3022,2764,113.16,03 Feb 2026
189,Vellore,vellore_arakkonam,Tomato,Local,FAQ,1878,2350,2044,143.56,03 Jan 2025
190,Vellore,vellore_gudiyatham,Tomato,Local,FAQ,1769,2231,1995,141.29,03 Jan 2025
191,Vellore,vellore_market,Tomato,Local,FAQ,2291,2940,2607,72.81,03 Jan 2025
192,Vellore,vellore_vaniyambadi,Tomato,Local,FAQ,1936,2371,2105,137.04,03 Jan 2025
193,Vellore,vellore_arakkonam,Tomato,Local,FAQ,2130,2578,2334,137.81,03 Jan 2026
194,Vellore,vellore_gudiyatham,Tomato,Local,FAQ,1690,2208,1963,142.99,03 Jan 2026
195,Vellore,vellore_market,Tomato,Local,FAQ,2022,2447,2254,97.43,03 Jan 2026
196,Vellore,vellore_vaniyambadi,Tomato,Local,FAQ,1704,2065,1927,148.36,03 Jan 2026
197,Vellore,vellore_arakkonam,Tomato,Local,FAQ,1774,2233,2042,54.38,03 Jul 2025
198,Vellore,vellore_gudiyatham,Tomato,Local,FAQ,1642,2010,1782,68.49,03 Jul 2025
199,Vellore,vellore_market,Tomato,Local,FAQ,1499,1943,1742,55.4,03 Jul 2025
200,Vellore,vellore_vaniyambadi,Tomato,Local,FAQ,1430,1780,1654,80.4,03 Jul 2025
201,Vellore,vellore_arakkonam,Tomato,Local,FAQ,1645,2083,1909,63.94,03 Jul 2026
202,Vellore,vellore_gudiyatham,Tomato,Local,FAQ,1739,2198,2019,64.92,03 Jul 2026
203,Vellore,vellore_market,Tomato,Local,FAQ,1500,1948,1733,57.13,03 Jul 2026
204,Vellore,vellore_vaniyambadi,Tomato,Local,FAQ,1975,2435,2188,97.56,03 Jul 2026
205,Vellore,vellore_arakkonam,Tomato,Local,FAQ,1364,1695,1560,118.39,03 Jun 2025
206,Vellore,vellore_gudiyatham,Tomato,Local,FAQ,1625,1991,1832,87.74,03 Jun 2025
207,Vellore,vellore_market,Tomato,Local,FAQ,1647,2117,1848,76.84,03 Jun 2025
208,Vellore,vellore_vaniyambadi,Tomato,Local,FAQ,1560,1893,1752,92.46,03 Jun 2025
209,Vellore,vellore_arakkonam,Tomato,Local,FAQ,1852,2335,2118,68.87,03 Jun 2026
210,Vellore,vellore_gudiyatham,Tomato,Local,FAQ,1804,2281,2066,86.61,03 Jun 2026
211,Vellore,vellore_market,Tomato,Local,FAQ,1491,1906,1726,88.65,03 Jun 2026
212,Vellore,vellore_vaniyambadi,Tomato,Local,FAQ,1755,2255,1963,84.61,03 Jun 2026
213,Vellore,vellore_arakkonam,Tomato,Local,FAQ,1893,2369,2094,178.79,03 Mar 2025
214,Vellore,vellore_gudiyatham,Tomato,Local,FAQ,1836,2196,1998,186.9,03 Mar 2025
215,Vellore,vellore_market,Tomato,Local,FAQ,1832,2157,1987,142.44,03 Mar 2025
216,Vellore,vellore_vaniyambadi,Tomato,Local,FAQ,2015,2640,2329,156.23,03 Mar 2025
217,Vellore,vellore_arakkonam,Tomato,Local,FAQ,2284,2859,2531,122.17,03 Mar 2026
218,Vellore,vellore_gudiyatham,Tomato,Local,FAQ,2715,3220,2958,111.68,03 Mar 2026
219,Vellore,vellore_market,Tomato,Local,FAQ,2306,2912,2611,100.67,03 Mar 2026
220,Vellore,vellore_vaniyambadi,Tomato,Local,FAQ,1855,2247,2023,184.31,03 Mar 2026
221,Vellore,vellore_arakkonam,Tomato,Local,FAQ,1843,2239,1992,119.47,03 May 2025
222,Vellore,vellore_gudiyatham,Tomato,Local,FAQ,2032,2493,2260,92.22,03 May 2025
223,Vellore,vellore_market,Tomato,Local,FAQ,2426,2875,2655,64.3,03 May 2025
224,Vellore,vellore_vaniyambadi,Tomato,Local,FAQ,2173,2570,2386,88.16,03 May 2025
225,Vellore,vellore_arakkonam,Tomato,Local,FAQ,1812,2256,1997,133.02,03 May 2026
226,Vellore,vellore_gudiyatham,Tomato,Local,FAQ,2234,2688,2507,78.83,03 May 2026
227,Vellore,vellore_market,Tomato,Local,FAQ,2274,2737,2489,74.23,03 May 2026
228,Vellore,vellore_vaniyambadi,Tomato,Local,FAQ,1881,2414,2150,109.51,03 May 2026
229,Vellore,vellore_arakkonam,Tomato,Local,FAQ,1252,1629,1417,123.0,03 Nov 2025
230,Vellore,vellore_gudiyatham,Tomato,Local,FAQ,1384,1792,1587,99.14,03 Nov 2025
231,Vellore,vellore_market,Tomato,Local,FAQ,1776,2159,1984,60.95,03 Nov 2025
232,Vellore,vellore_vaniyambadi,Tomato,Local,FAQ,1147,1430,1247,159.32,03 Nov 2025
233,Vellore,vellore_arakkonam,Tomato,Local,FAQ,1354,1620,1463,88.67,03 Oct 2025
234,Vellore,vellore_gudiyatham,Tomato,Local,FAQ,1056,1302,1211,112.86,03 Oct 2025
235,Vellore,vellore_market,Tomato,Local,FAQ,1101,1326,1222,101.14,03 Oct 2025
236,Vellore,vellore_vaniyambadi,Tomato,Local,FAQ,1494,1800,1653,75.13,03 Oct 2025
237,Vellore,vellore_arakkonam,Tomato,Local,FAQ,957,1196,1095,116.88,03 Sep 2025
238,Vellore,vellore_gudiyatham,Tomato,Local,FAQ,965,1199,1072,101.28,03 Sep 2025
239,Vellore,vellore_market,Tomato,Local,FAQ,1034,1226,1141,89.24,03 Sep 2025
240,Vellore,vellore_vaniyambadi,Tomato,Local,FAQ,1253,1447,1350,68.64,03 Sep 2025
241,Vellore,vellore_arakkonam,Tomato,Local,FAQ,2249,2801,2461,115.86,04 Apr 2025
242,Vellore,vellore_gudiyatham,Tomato,Local,FAQ,1899,2366,2082,179.77,04 Apr 2025
243,Vellore,vellore_market,Tomato,Local,FAQ,1980,2474,2288,118.11,04 Apr 2025
244,Vellore,vellore_vaniyambadi,Tomato,Local,FAQ,1937,2499,2212,158.46,04 Apr 2025
245,Vellore,vellore_arakkonam,Tomato,Local,FAQ,1992,2402,2159,141.74,04 Apr 2026
246,Vellore,vellore_gudiyatham,Tomato,Local,FAQ,2120,2626,2334,110.46,04 Apr 2026
247,Vellore,vellore_market,Tomato,Local,FAQ,2107,2605,2388,89.78,04 Apr 2026
248,Vellore,vellore_vaniyambadi,Tomato,Local,FAQ,1876,2470,2176,152.99,04 Apr 2026
249,Vellore,vellore_arakkonam,Tomato,Local,FAQ,1350,1586,1473,81.51,04 Aug 2025
250,Vellore,vellore_gudiyatham,Tomato,Local,FAQ,1149,1394,1270,77.17,04 Aug 2025
251,Vellore,vellore_market,Tomato,Local,FAQ,1180,1541,1364,64.26,04 Aug 2025
252,Vellore,vellore_vaniyambadi,Tomato,Local,FAQ,1208,1467,1368,100.13,04 Aug 2025
253,Vellore,vellore_arakkonam,Tomato,Local,FAQ,1294,1711,1493,64.06,04 Aug 2026
254,Vellore,vellore_gudiyatham,Tomato,Local,FAQ,1052,1368,1195,99.79,04 Aug 2026
255,Vellore,vellore_market,Tomato,Local,FAQ,1069,1373,1233,84.48,04 Aug 2026
256,Vellore,vellore_vaniyambadi,Tomato,Local,FAQ,1697,2110,1918,86.99,04 Aug 2026
257,Vellore,vellore_arakkonam,Tomato,Local,FAQ,1443,1813,1606,162.41,04 Dec 2025
258,Vellore,vellore_gudiyatham,Tomato,Local,FAQ,1253,1572,1444,170.65,04 Dec 2025
259,Vellore,vellore_market,Tomato,Local,FAQ,1917,2292,2088,85.49,04 Dec 2025
260,Vellore,vellore_vaniyambadi,Tomato,Local,FAQ,1727,2149,1881,125.08,04 Dec 2025
261,Vellore,vellore_arakkonam,Tomato,Local,FAQ,2053,2407,2238,136.88,04 Feb 2025
262,Vellore,vellore_gudiyatham,Tomato,Local,FAQ,2494,3189,2884,98.63,04 Feb 2025
263,Vellore,vellore_market,Tomato,Local,FAQ,1779,2210,1946,163.72,04 Feb 2025
264,Vellore,vellore_vaniyambadi,Tomato,Local,FAQ,1963,2566,2273,141.64,04 Feb 2025
265,Vellore,vellore_arakkonam,Tomato,Local,FAQ,1579,1930,1732,226.85,04 Feb 2026
266,Vellore,vellore_gudiyatham,Tomato,Local,FAQ,1845,2316,2069,156.61,04 Feb 2026
267,Vellore,vellore_market,Tomato,Local,FAQ,2049,2569,2352,125.41,04 Feb 2026
268,Vellore,vellore_vaniyambadi,Tomato,Local,FAQ,1910,2308,2061,177.82,04 Feb 2026
269,Vellore,vellore_arakkonam,Tomato,Local,FAQ,1543,1953,1768,185.86,04 Jan 2025
270,Vellore,vellore_gudiyatham,Tomato,Local,FAQ,1937,2415,2147,121.01,04 Jan 2025
271,Vellore,vellore_market,Tomato,Local,FAQ,2014,2544,2245,96.79,04 Jan 2025
272,Vellore,vellore_vaniyambadi,Tomato,Local,FAQ,1863,2346,2056,151.04,04 Jan 2025
273,Vellore,vellore_arakkonam,Tomato,Local,FAQ,2171,2610,2389,128.17,04 Jan 2026
274,Vellore,vellore_gudiyatham,Tomato,Local,FAQ,2059,2516,2310,107.07,04 Jan 2026
275,Vellore,vellore_market,Tomato,Local,FAQ,2091,2768,2422,87.63,04 Jan 2026
276,Vellore,vellore_vaniyambadi,Tomato,Local,FAQ,1543,1894,1726,179.48,04 Jan 2026
277,Vellore,vellore_arakkonam,Tomato,Local,FAQ,1150,1399,1254,130.06,04 Jul 2025
278,Vellore,vellore_gudiyatham,Tomato,Local,FAQ,1648,2028,1795,68.65,04 Jul 2025
279,Vellore,vellore_market,Tomato,Local,FAQ,1600,2002,1768,54.81,04 Jul 2025
280,Vellore,vellore_vaniyambadi,Tomato,Local,FAQ,1397,1758,1543,94.43,04 Jul 2025
281,Vellore,vellore_arakkonam,Tomato,Local,FAQ,1450,1766,1593,85.0,04 Jul 2026
282,Vellore,vellore_gudiyatham,Tomato,Local,FAQ,1160,1512,1324,131.67,04 Jul 2026
283,Vellore,vellore_market,Tomato,Local,FAQ,1203,1515,1358,85.94,04 Jul 2026
284,Vellore,vellore_vaniyambadi,Tomato,Local,FAQ,1918,2376,2168,95.7,04 Jul 2026
285,Vellore,vellore_arakkonam,Tomato,Local,FAQ,1853,2282,2049,75.19,04 Jun 2025
286,Vellore,vellore_gudiyatham,Tomato,Local,FAQ,1836,2189,2009,77.31,04 Jun 2025
287,Vellore,vellore_market,Tomato,Local,FAQ,2036,2512,2284,55.62,04 Jun 2025
288,Vellore,vellore_vaniyambadi,Tomato,Local,FAQ,1293,1648,1466,118.14,04 Jun 2025
289,Vellore,vellore_arakkonam,Tomato,Local,FAQ,1575,1873,1719,98.62,04 Jun 2026
290,Vellore,vellore_gudiyatham,Tomato,Local,FAQ,1557,1934,1700,116.85,04 Jun 2026
291,Vellore,vellore_market,Tomato,Local,FAQ,1350,1731,1539,103.92,04 Jun 2026
292,Vellore,vellore_vaniyambadi,Tomato,Local,FAQ,1812,2222,2012,107.95,04 Jun 2026
293,Vellore,vellore_arakkonam,Tomato,Local,FAQ,2280,2914,2599,118.0,04 Mar 2025
294,Vellore,vellore_gudiyatham,Tomato,Local,FAQ,2149,2589,2343,148.89,04 Mar 2025
295,Vellore,vellore_market,Tomato,Local,FAQ,2681,3321,2897,69.69,04 Mar 2025
296,Vellore,vellore_vaniyambadi,Tomato,Local,FAQ,2291,2843,2476,147.68,04 Mar 2025
297,Vellore,vellore_arakkonam,Tomato,Local,FAQ,1903,2391,2184,155.1,04 Mar 2026
298,Vellore,vellore_gudiyatham,Tomato,Local,FAQ,2189,2549,2367,167.16,04 Mar 2026
299,Vellore,vellore_market,Tomato,Local,FAQ,2206,2573,2390,115.47,04 Mar 2026
300,Vellore,vellore_vaniyambadi,Tomato,Local,FAQ,1647,2025,1819,223.88,04 Mar 2026
301,Vellore,vellore_arakkonam,Tomato,Local,FAQ,2318,2830,2558,77.87,04 May 2025
302,Vellore,vellore_gudiyatham,Tomato,Local,FAQ,1788,2182,1927,116.76,04 May 2025
303,Vellore,vellore_market,Tomato,Local,FAQ,1760,2127,1922,113.35,04 May 2025
304,Vellore,vellore_vaniyambadi,Tomato,Local,FAQ,1992,2626,2316,96.76,04 May 2025
305,Vellore,vellore_arakkonam,Tomato,Local,FAQ,1764,2207,2021,127.01,04 May 2026
306,Vellore,vellore_gudiyatham,Tomato,Local,FAQ,1851,2389,2094,103.96,04 May 2026
307,Vellore,vellore_market,Tomato,Local,FAQ,2012,2502,2230,83.97,04 May 2026
308,Vellore,vellore_vaniyambadi,Tomato,Local,FAQ,1644,1981,1815,152.65,04 May 2026
309,Vellore,vellore_arakkonam,Tomato,Local,FAQ,1417,1721,1545,117.79,04 Nov 2025
310,Vellore,vellore_gudiyatham,Tomato,Local,FAQ,1300,1581,1440,118.05,04 Nov 2025
311,Vellore,vellore_market,Tomato,Local,FAQ,1551,2011,1749,72.2,04 Nov 2025
312,Vellore,vellore_vaniyambadi,Tomato,Local,FAQ,1586,2006,1806,84.16,04 Nov 2025
313,Vellore,vellore_arakkonam,Tomato,Local,FAQ,1251,1555,1364,101.13,04 Oct 2025
314,Vellore,vellore_gudiyatham,Tomato,Local,FAQ,1088,1357,1247,112.4,04 Oct 2025
315,Vellore,vellore_market,Tomato,Local,FAQ,1170,1526,1337,85.3,04 Oct 2025
316,Vellore,vellore_vaniyambadi,Tomato,Local,FAQ,1091,1347,1237,118.5,04 Oct 2025
317,Vellore,vellore_arakkonam,Tomato,Local,FAQ,1098,1379,1276,84.99,04 Sep 2025
318,Vellore,vellore_gudiyatham,Tomato,Local,FAQ,1020,1280,1143,95.27,04 Sep 2025
319,Vellore,vellore_market,Tomato,Local,FAQ,1337,1585,1452,61.96,04 Sep 2025
320,Vellore,vellore_vaniyambadi,Tomato,Local,FAQ,1265,1538,1384,70.13,04 Sep 2025
321,Vellore,vellore_arakkonam,Tomato,Local,FAQ,2538,3206,2804,107.62,05 Apr 2025
322,Vellore,vellore_gudiyatham,Tomato,Local,FAQ,2048,2602,2290,139.96,05 Apr 2025
323,Vellore,vellore_market,Tomato,Local,FAQ,1952,2464,2251,127.54,05 Apr 2025
324,Vellore,vellore_vaniyambadi,Tomato,Local,FAQ,2495,3121,2875,101.03,05 Apr 2025
325,Vellore,vellore_arakkonam,Tomato,Local,FAQ,1769,2196,1951,165.44,05 Apr 2026
326,Vellore,vellore_gudiyatham,Tomato,Local,FAQ,2076,2487,2267,123.17,05 Apr 2026
327,Vellore,vellore_market,Tomato,Local,FAQ,1533,1918,1698,159.15,05 Apr 2026
328,Vellore,vellore_vaniyambadi,Tomato,Local,FAQ,2334,3024,2696,99.05,05 Apr 2026
329,Vellore,vellore_arakkonam,Tomato,Local,FAQ,1255,1638,1426,89.09,05 Aug 2025
330,Vellore,vellore_gudiyatham,Tomato,Local,FAQ,1302,1599,1448,65.74,05 Aug 2025
331,Vellore,vellore_market,Tomato,Local,FAQ,1142,1490,1302,72.08,05 Aug 2025
332,Vellore,vellore_vaniyambadi,Tomato,Local,FAQ,1530,2014,1762,60.48,05 Aug 2025
333,Vellore,vellore_arakkonam,Tomato,Local,FAQ,1248,1577,1430,69.45,05 Aug 2026
334,Vellore,vellore_gudiyatham,Tomato,Local,FAQ,1076,1370,1211,96.05,05 Aug 2026
335,Vellore,vellore_market,Tomato,Local,FAQ,1068,1331,1217,82.62,05 Aug 2026
336,Vellore,vellore_vaniyambadi,Tomato,Local,FAQ,1721,2077,1898,82.12,05 Aug 2026
337,Vellore,vellore_arakkonam,Tomato,Local,FAQ,2038,2458,2215,88.28,05 Dec 2025
338,Vellore,vellore_gudiyatham,Tomato,Local,FAQ,1452,1822,1641,133.01,05 Dec 2025
339,Vellore,vellore_market,Tomato,Local,FAQ,1334,1720,1502,154.9,05 Dec 2025
340,Vellore,vellore_vaniyambadi,Tomato,Local,FAQ,1543,1902,1702,153.39,05 Dec 2025
341,Vellore,vellore_arakkonam,Tomato,Local,FAQ,1848,2304,2107,147.77,05 Feb 2025
342,Vellore,vellore_gudiyatham,Tomato,Local,FAQ,2207,2625,2377,133.04,05 Feb 2025
343,Vellore,vellore_market,Tomato,Local,FAQ,1909,2328,2174,129.99,05 Feb 2025
344,Vellore,vellore_vaniyambadi,Tomato,Local,FAQ,2149,2646,2333,129.96,05 Feb 2025
345,Vellore,vellore_arakkonam,Tomato,Local,FAQ,1844,2230,2021,177.45,05 Feb 2026
346,Vellore,vellore_gudiyatham,Tomato,Local,FAQ,2659,3327,2910,89.62,05 Feb 2026
347,Vellore,vellore_market,Tomato,Local,FAQ,2451,2965,2674,98.01,05 Feb 2026
348,Vellore,vellore_vaniyambadi,Tomato,Local,FAQ,1802,2251,1971,194.75,05 Feb 2026
349,Vellore,vellore_arakkonam,Tomato,Local,FAQ,1835,2142,1985,152.29,05 Jan 2025
350,Vellore,vellore_gudiyatham,Tomato,Local,FAQ,1444,1868,1676,194.33,05 Jan 2025
351,Vellore,vellore_market,Tomato,Local,FAQ,2048,2484,2303,105.22,05 Jan 2025
352,Vellore,vellore_vaniyambadi,Tomato,Local,FAQ,1556,1916,1777,208.5,05 Jan 2025
353,Vellore,vellore_arakkonam,Tomato,Local,FAQ,2036,2603,2310,137.57,05 Jan 2026
354,Vellore,vellore_gudiyatham,Tomato,Local,FAQ,1284,1596,1451,246.49,05 Jan 2026
355,Vellore,vellore_market,Tomato,Local,FAQ,1916,2241,2081,116.94,05 Jan 2026
356,Vellore,vellore_vaniyambadi,Tomato,Local,FAQ,1719,2115,1949,133.67,05 Jan 2026
357,Vellore,vellore_arakkonam,Tomato,Local,FAQ,1751,2117,1920,59.75,05 Jul 2025
358,Vellore,vellore_gudiyatham,Tomato,Local,FAQ,1575,1969,1825,72.02,05 Jul 2025
359,Vellore,vellore_market,Tomato,Local,FAQ,1504,1896,1694,57.27,05 Jul 2025
360,Vellore,vellore_vaniyambadi,Tomato,Local,FAQ,1579,1870,1736,74.91,05 Jul 2025
361,Vellore,vellore_arakkonam,Tomato,Local,FAQ,1540,1872,1724,71.72,05 Jul 2026
362,Vellore,vellore_gudiyatham,Tomato,Local,FAQ,1981,2564,2230,53.5,05 Jul 2026
363,Vellore,vellore_market,Tomato,Local,FAQ,1292,1532,1409,80.06,05 Jul 2026
364,Vellore,vellore_vaniyambadi,Tomato,Local,FAQ,1926,2445,2160,79.42,05 Jul 2026
365,Vellore,vellore_arakkonam,Tomato,Local,FAQ,1211,1500,1338,155.86,05 Jun 2025
366,Vellore,vellore_gudiyatham,Tomato,Local,FAQ,1495,1849,1685,110.77,05 Jun 2025
367,Vellore,vellore_market,Tomato,Local,FAQ,1557,2010,1777,83.02,05 Jun 2025
368,Vellore,vellore_vaniyambadi,Tomato,Local,FAQ,1485,1953,1723,92.6,05 Jun 2025
369,Vellore,vellore_arakkonam,Tomato,Local,FAQ,1507,1871,1666,103.12,05 Jun 2026
370,Vellore,vellore_gudiyatham,Tomato,Local,FAQ,1788,2213,2063,80.08,05 Jun 2026
371,Vellore,vellore_market,Tomato,Local,FAQ,1504,1843,1714,74.97,05 Jun 2026
372,Vellore,vellore_vaniyambadi,Tomato,Local,FAQ,1830,2247,2074,104.53,05 Jun 2026
373,Vellore,vellore_arakkonam,Tomato,Local,FAQ,1986,2478,2180,162.94,05 Mar 2025
374,Vellore,vellore_gudiyatham,Tomato,Local,FAQ,2331,3011,2631,132.33,05 Mar 2025
375,Vellore,vellore_market,Tomato,Local,FAQ,1800,2179,1998,141.86,05 Mar 2025
376,Vellore,vellore_vaniyambadi,Tomato,Local,FAQ,1989,2564,2253,170.49,05 Mar 2025
377,Vellore,vellore_arakkonam,Tomato,Local,FAQ,2008,2605,2291,141.48,05 Mar 2026
378,Vellore,vellore_gudiyatham,Tomato,Local,FAQ,2446,2889,2630,128.43,05 Mar 2026
379,Vellore,vellore_market,Tomato,Local,FAQ,2036,2552,2222,132.31,05 Mar 2026
380,Vellore,vellore_vaniyambadi,Tomato,Local,FAQ,1748,2123,1895,205.15,05 Mar 2026
381,Vellore,vellore_arakkonam,Tomato,Local,FAQ,1806,2221,1951,131.05,05 May 2025
382,Vellore,vellore_gudiyatham,Tomato,Local,FAQ,2057,2541,2287,90.42,05 May 2025
383,Vellore,vellore_market,Tomato,Local,FAQ,2440,3021,2731,60.25,05 May 2025
384,Vellore,vellore_vaniyambadi,Tomato,Local,FAQ,1475,1826,1678,175.17,05 May 2025
385,Vellore,vellore_arakkonam,Tomato,Local,FAQ,1631,2042,1848,146.16,05 May 2026
386,Vellore,vellore_gudiyatham,Tomato,Local,FAQ,2195,2711,2497,80.84,05 May 2026
387,Vellore,vellore_market,Tomato,Local,FAQ,2006,2518,2232,84.23,05 May 2026
388,Vellore,vellore_vaniyambadi,Tomato,Local,FAQ,1739,2183,1981,130.24,05 May 2026
389,Vellore,vellore_arakkonam,Tomato,Local,FAQ,1190,1519,1339,150.33,05 Nov 2025
390,Vellore,vellore_gudiyatham,Tomato,Local,FAQ,1328,1629,1436,119.95,05 Nov 2025
391,Vellore,vellore_market,Tomato,Local,FAQ,1844,2391,2106,59.34,05 Nov 2025
392,Vellore,vellore_vaniyambadi,Tomato,Local,FAQ,1477,1861,1660,98.66,05 Nov 2025
393,Vellore,vellore_arakkonam,Tomato,Local,FAQ,1301,1559,1421,91.52,05 Oct 2025
394,Vellore,vellore_gudiyatham,Tomato,Local,FAQ,1295,1622,1476,85.4,05 Oct 2025
395,Vellore,vellore_market,Tomato,Local,FAQ,1425,1789,1623,70.23,05 Oct 2025
396,Vellore,vellore_vaniyambadi,Tomato,Local,FAQ,1175,1513,1359,96.08,05 Oct 2025
397,Vellore,vellore_arakkonam,Tomato,Local,FAQ,1099,1349,1240,86.74,05 Sep 2025
398,Vellore,vellore_gudiyatham,Tomato,Local,FAQ,1097,1391,1263,82.18,05 Sep 2025
399,Vellore,vellore_market,Tomato,Local,FAQ,1109,1351,1251,79.49,05 Sep 2025
400,Vellore,vellore_vaniyambadi,Tomato,Local,FAQ,959,1219,1096,107.55,05 Sep 2025
401,Vellore,vellore_arakkonam,Tomato,Local,FAQ,2296,2857,2644,101.68,06 Apr 2025
402,Vellore,vellore_gudiyatham,Tomato,Local,FAQ,1731,2271,1985,161.27,06 Apr 2025
403,Vellore,vellore_market,Tomato,Local,FAQ,2104,2520,2286,120.25,06 Apr 2025
404,Vellore,vellore_vaniyambadi,Tomato,Local,FAQ,1904,2334,2095,157.97,06 Apr 2025
405,Vellore,vellore_arakkonam,Tomato,Local,FAQ,1919,2248,2093,149.43,06 Apr 2026
406,Vellore,vellore_gudiyatham,Tomato,Local,FAQ,2042,2445,2202,125.69,06 Apr 2026
407,Vellore,vellore_market,Tomato,Local,FAQ,2181,2750,2468,77.59,06 Apr 2026
408,Vellore,vellore_vaniyambadi,Tomato,Local,FAQ,2035,2594,2340,150.05,06 Apr 2026
409,Vellore,vellore_arakkonam,Tomato,Local,FAQ,1411,1815,1584,71.21,06 Aug 2025
410,Vellore,vellore_gudiyatham,Tomato,Local,FAQ,1215,1536,1364,76.16,06 Aug 2025
411,Vellore,vellore_market,Tomato,Local,FAQ,1429,1845,1655,47.42,06 Aug 2025
412,Vellore,vellore_vaniyambadi,Tomato,Local,FAQ,1561,1910,1732,57.5,06 Aug 2025
413,Vellore,vellore_arakkonam,Tomato,Local,FAQ,1115,1390,1234,96.79,06 Aug 2026
414,Vellore,vellore_gudiyatham,Tomato,Local,FAQ,1183,1503,1335,77.76,06 Aug 2026
415,Vellore,vellore_market,Tomato,Local,FAQ,1305,1614,1432,58.75,06 Aug 2026
416,Vellore,vellore_vaniyambadi,Tomato,Local,FAQ,1629,2032,1874,66.75,06 Aug 2026
417,Vellore,vellore_arakkonam,Tomato,Local,FAQ,1956,2287,2108,109.69,06 Dec 2025
418,Vellore,vellore_gudiyatham,Tomato,Local,FAQ,1528,1879,1733,143.67,06 Dec 2025
419,Vellore,vellore_market,Tomato,Local,FAQ,1902,2382,2136,85.42,06 Dec 2025
420,Vellore,vellore_vaniyambadi,Tomato,Local,FAQ,1476,1851,1710,164.11,06 Dec 2025
421,Vellore,vellore_arakkonam,Tomato,Local,FAQ,1909,2488,2218,131.32,06 Feb 2025
422,Vellore,vellore_gudiyatham,Tomato,Local,FAQ,2154,2691,2421,128.25,06 Feb 2025
423,Vellore,vellore_market,Tomato,Local,FAQ,2099,2747,2393,117.38,06 Feb 2025
424,Vellore,vellore_vaniyambadi,Tomato,Local,FAQ,2013,2438,2175,148.31,06 Feb 2025
425,Vellore,vellore_arakkonam,Tomato,Local,FAQ,1523,2026,1770,229.95,06 Feb 2026
426,Vellore,vellore_gudiyatham,Tomato,Local,FAQ,2354,2932,2632,107.91,06 Feb 2026
427,Vellore,vellore_market,Tomato,Local,FAQ,2103,2753,2415,126.13,06 Feb 2026
428,Vellore,vellore_vaniyambadi,Tomato,Local,FAQ,2200,2826,2556,125.07,06 Feb 2026
429,Vellore,vellore_arakkonam,Tomato,Local,FAQ,1851,2289,1996,160.28,06 Jan 2025
430,Vellore,vellore_gudiyatham,Tomato,Local,FAQ,2123,2587,2315,105.28,06 Jan 2025
431,Vellore,vellore_market,Tomato,Local,FAQ,1888,2361,2172,114.24,06 Jan 2025
432,Vellore,vellore_vaniyambadi,Tomato,Local,FAQ,2280,2657,2477,112.59,06 Jan 2025
433,Vellore,vellore_arakkonam,Tomato,Local,FAQ,2249,2939,2606,119.5,06 Jan 2026
434,Vellore,vellore_gudiyatham,Tomato,Local,FAQ,1768,2097,1905,155.06,06 Jan 2026
435,Vellore,vellore_market,Tomato,Local,FAQ,1857,2265,2046,124.03,06 Jan 2026
436,Vellore,vellore_vaniyambadi,Tomato,Local,FAQ,1564,2069,1805,146.37,06 Jan 2026
437,Vellore,vellore_arakkonam,Tomato,Local,FAQ,1703,2045,1874,62.08,06 Jul 2025
438,Vellore,vellore_gudiyatham,Tomato,Local,FAQ,1372,1724,1585,99.1,06 Jul 2025
439,Vellore,vellore_market,Tomato,Local,FAQ,1738,2184,1993,43.09,06 Jul 2025
440,Vellore,vellore_vaniyambadi,Tomato,Local,FAQ,1473,1802,1602,88.29,06 Jul 2025
441,Vellore,vellore_arakkonam,Tomato,Local,FAQ,1264,1608,1458,100.12,06 Jul 2026
442,Vellore,vellore_gudiyatham,Tomato,Local,FAQ,1823,2270,2044,59.46,06 Jul 2026
443,Vellore,vellore_market,Tomato,Local,FAQ,1340,1591,1466,72.0,06 Jul 2026
444,Vellore,vellore_vaniyambadi,Tomato,Local,FAQ,1902,2352,2159,113.83,06 Jul 2026
445,Vellore,vellore_arakkonam,Tomato,Local,FAQ,1672,2072,1900,87.45,06 Jun 2025
446,Vellore,vellore_gudiyatham,Tomato,Local,FAQ,1727,2196,1947,84.17,06 Jun 2025
447,Vellore,vellore_market,Tomato,Local,FAQ,1954,2313,2126,55.04,06 Jun 2025
448,Vellore,vellore_vaniyambadi,Tomato,Local,FAQ,1544,1966,1748,90.74,06 Jun 2025
449,Vellore,vellore_arakkonam,Tomato,Local,FAQ,1497,1941,1698,103.89,06 Jun 2026
450,Vellore,vellore_gudiyatham,Tomato,Local,FAQ,1696,2143,1869,94.32,06 Jun 2026
451,Vellore,vellore_market,Tomato,Local,FAQ,1649,1931,1778,73.68,06 Jun 2026
452,Vellore,vellore_vaniyambadi,Tomato,Local,FAQ,1984,2433,2144,92.29,06 Jun 2026
453,Vellore,vellore_arakkonam,Tomato,Local,FAQ,2515,3118,2907,96.08,06 Mar 2025
454,Vellore,vellore_gudiyatham,Tomato,Local,FAQ,2011,2527,2220,180.55,06 Mar 2025
455,Vellore,vellore_market,Tomato,Local,FAQ,1994,2384,2178,120.0,06 Mar 2025
456,Vellore,vellore_vaniyambadi,Tomato,Local,FAQ,2185,2778,2439,150.37,06 Mar 2025
457,Vellore,vellore_arakkonam,Tomato,Local,FAQ,1791,2219,1948,192.95,06 Mar 2026
458,Vellore,vellore_gudiyatham,Tomato,Local,FAQ,2417,2981,2674,128.8,06 Mar 2026
459,Vellore,vellore_market,Tomato,Local,FAQ,2046,2542,2275,121.72,06 Mar 2026
460,Vellore,vellore_vaniyambadi,Tomato,Local,FAQ,1974,2514,2225,153.33,06 Mar 2026
461,Vellore,vellore_arakkonam,Tomato,Local,FAQ,1459,1764,1624,185.28,06 May 2025
462,Vellore,vellore_gudiyatham,Tomato,Local,FAQ,1460,1725,1606,157.2,06 May 2025
463,Vellore,vellore_market,Tomato,Local,FAQ,1549,1855,1674,129.6,06 May 2025
464,Vellore,vellore_vaniyambadi,Tomato,Local,FAQ,1832,2282,2017,121.15,06 May 2025
465,Vellore,vellore_arakkonam,Tomato,Local,FAQ,1889,2289,2098,113.55,06 May 2026
466,Vellore,vellore_gudiyatham,Tomato,Local,FAQ,2148,2710,2439,85.3,06 May 2026
467,Vellore,vellore_market,Tomato,Local,FAQ,1830,2286,2093,94.63,06 May 2026
468,Vellore,vellore_vaniyambadi,Tomato,Local,FAQ,1704,2107,1880,130.67,06 May 2026
469,Vellore,vellore_arakkonam,Tomato,Local,FAQ,1145,1392,1251,179.0,06 Nov 2025
470,Vellore,vellore_gudiyatham,Tomato,Local,FAQ,1121,1367,1228,175.31,06 Nov 2025
471,Vellore,vellore_market,Tomato,Local,FAQ,1209,1580,1397,127.72,06 Nov 2025
472,Vellore,vellore_vaniyambadi,Tomato,Local,FAQ,1391,1762,1596,113.83,06 Nov 2025
473,Vellore,vellore_arakkonam,Tomato,Local,FAQ,1085,1407,1247,118.73,06 Oct 2025
474,Vellore,vellore_gudiyatham,Tomato,Local,FAQ,1256,1543,1382,87.75,06 Oct 2025
475,Vellore,vellore_market,Tomato,Local,FAQ,1349,1630,1521,74.68,06 Oct 2025
476,Vellore,vellore_vaniyambadi,Tomato,Local,FAQ,1189,1488,1362,99.43,06 Oct 2025
477,Vellore,vellore_arakkonam,Tomato,Local,FAQ,992,1173,1090,109.49,06 Sep 2025
478,Vellore,vellore_gudiyatham,Tomato,Local,FAQ,1151,1337,1238,83.8,06 Sep 2025
479,Vellore,vellore_market,Tomato,Local,FAQ,1423,1765,1568,52.13,06 Sep 2025
480,Vellore,vellore_vaniyambadi,Tomato,Local,FAQ,1012,1314,1170,101.63,06 Sep 2025
481,Vellore,vellore_arakkonam,Tomato,Local,FAQ,1813,2184,2038,160.15,07 Apr 2025
482,Vellore,vellore_gudiyatham,Tomato,Local,FAQ,2076,2518,2273,119.94,07 Apr 2025
483,Vellore,vellore_market,Tomato,Local,FAQ,2355,2806,2613,90.99,07 Apr 2025
484,Vellore,vellore_vaniyambadi,Tomato,Local,FAQ,1696,2044,1878,188.24,07 Apr 2025
485,Vellore,vellore_arakkonam,Tomato,Local,FAQ,2074,2508,2248,125.18,07 Apr 2026
486,Vellore,vellore_gudiyatham,Tomato,Local,FAQ,1849,2288,2006,147.81,07 Apr 2026
487,Vellore,vellore_market,Tomato,Local,FAQ,1738,2285,1999,130.83,07 Apr 2026
488,Vellore,vellore_vaniyambadi,Tomato,Local,FAQ,2227,2790,2508,132.19,07 Apr 2026
489,Vellore,vellore_arakkonam,Tomato,Local,FAQ,1234,1520,1400,87.78,07 Aug 2025
490,Vellore,vellore_gudiyatham,Tomato,Local,FAQ,1241,1511,1410,72.98,07 Aug 2025
491,Vellore,vellore_market,Tomato,Local,FAQ,1304,1624,1419,56.28,07 Aug 2025
492,Vellore,vellore_vaniyambadi,Tomato,Local,FAQ,1049,1332,1216,109.29,07 Aug 2025
493,Vellore,vellore_arakkonam,Tomato,Local,FAQ,1206,1478,1326,79.44,07 Aug 2026
494,Vellore,vellore_gudiyatham,Tomato,Local,FAQ,934,1133,1021,125.24,07 Aug 2026
495,Vellore,vellore_market,Tomato,Local,FAQ,1098,1369,1245,71.56,07 Aug 2026
496,Vellore,vellore_vaniyambadi,Tomato,Local,FAQ,1717,2007,1872,116.87,07 Aug 2026
497,Vellore,vellore_arakkonam,Tomato,Local,FAQ,1540,1909,1679,161.25,07 Dec 2025
498,Vellore,vellore_gudiyatham,Tomato,Local,FAQ,1671,2012,1860,128.6,07 Dec 2025
499,Vellore,vellore_market,Tomato,Local,FAQ,2043,2476,2302,76.62,07 Dec 2025
500,Vellore,vellore_vaniyambadi,Tomato,Local,FAQ,1658,2089,1819,145.15,07 Dec 2025
501,Vellore,vellore_arakkonam,Tomato,Local,FAQ,1558,1971,1731,237.43,07 Feb 2025
502,Vellore,vellore_gudiyatham,Tomato,Local,FAQ,2096,2515,2303,133.27,07 Feb 2025
503,Vellore,vellore_market,Tomato,Local,FAQ,2164,2639,2340,122.86,07 Feb 2025
504,Vellore,vellore_vaniyambadi,Tomato,Local,FAQ,2186,2647,2378,125.16,07 Feb 2025
505,Vellore,vellore_arakkonam,Tomato,Local,FAQ,1658,2055,1909,210.09,07 Feb 2026
506,Vellore,vellore_gudiyatham,Tomato,Local,FAQ,1764,2093,1912,192.54,07 Feb 2026
507,Vellore,vellore_market,Tomato,Local,FAQ,2564,3043,2800,92.27,07 Feb 2026
508,Vellore,vellore_vaniyambadi,Tomato,Local,FAQ,1756,2172,1951,202.73,07 Feb 2026
509,Vellore,vellore_arakkonam,Tomato,Local,FAQ,1879,2330,2144,147.18,07 Jan 2025
510,Vellore,vellore_gudiyatham,Tomato,Local,FAQ,2152,2739,2502,85.2,07 Jan 2025
511,Vellore,vellore_market,Tomato,Local,FAQ,1877,2194,2048,126.85,07 Jan 2025
512,Vellore,vellore_vaniyambadi,Tomato,Local,FAQ,1981,2421,2175,144.14,07 Jan 2025
513,Vellore,vellore_arakkonam,Tomato,Local,FAQ,1835,2234,2045,175.67,07 Jan 2026
514,Vellore,vellore_gudiyatham,Tomato,Local,FAQ,1692,2158,1886,181.04,07 Jan 2026
515,Vellore,vellore_market,Tomato,Local,FAQ,1854,2351,2092,125.44,07 Jan 2026
516,Vellore,vellore_vaniyambadi,Tomato,Local,FAQ,1398,1707,1573,208.65,07 Jan 2026
517,Vellore,vellore_arakkonam,Tomato,Local,FAQ,1157,1525,1327,100.55,07 Jul 2025
518,Vellore,vellore_gudiyatham,Tomato,Local,FAQ,1570,1892,1693,79.92,07 Jul 2025
519,Vellore,vellore_market,Tomato,Local,FAQ,1868,2307,2140,35.56,07 Jul 2025
520,Vellore,vellore_vaniyambadi,Tomato,Local,FAQ,1360,1677,1525,93.5,07 Jul 2025
521,Vellore,vellore_arakkonam,Tomato,Local,FAQ,1233,1589,1399,107.94,07 Jul 2026
522,Vellore,vellore_gudiyatham,Tomato,Local,FAQ,1380,1792,1570,86.92,07 Jul 2026
523,Vellore,vellore_market,Tomato,Local,FAQ,1275,1637,1481,69.56,07 Jul 2026
524,Vellore,vellore_vaniyambadi,Tomato,Local,FAQ,1952,2336,2163,76.19,07 Jul 2026
525,Vellore,vellore_arakkonam,Tomato,Local,FAQ,2122,2570,2321,68.52,07 Jun 2025
526,Vellore,vellore_gudiyatham,Tomato,Local,FAQ,1602,1924,1783,100.56,07 Jun 2025
527,Vellore,vellore_market,Tomato,Local,FAQ,1532,1946,1696,83.25,07 Jun 2025
528,Vellore,vellore_vaniyambadi,Tomato,Local,FAQ,1491,1830,1631,105.82,07 Jun 2025
529,Vellore,vellore_arakkonam,Tomato,Local,FAQ,1608,2030,1780,97.69,07 Jun 2026
530,Vellore,vellore_gudiyatham,Tomato,Local,FAQ,1728,2101,1925,81.39,07 Jun 2026
531,Vellore,vellore_market,Tomato,Local,FAQ,1747,2182,1964,61.01,07 Jun 2026
532,Vellore,vellore_vaniyambadi,Tomato,Local,FAQ,2051,2443,2223,85.68,07 Jun 2026
533,Vellore,vellore_arakkonam,Tomato,Local,FAQ,2484,2979,2734,106.8,07 Mar 2025
534,Vellore,vellore_gudiyatham,Tomato,Local,FAQ,1866,2284,2048,196.79,07 Mar 2025
535,Vellore,vellore_market,Tomato,Local,FAQ,1985,2479,2269,108.05,07 Mar 2025
536,Vellore,vellore_vaniyambadi,Tomato,Local,FAQ,2198,2759,2499,144.92,07 Mar 2025
537,Vellore,vellore_arakkonam,Tomato,Local,FAQ,2276,2855,2550,120.03,07 Mar 2026
538,Vellore,vellore_gudiyatham,Tomato,Local,FAQ,2314,2869,2518,151.27,07 Mar 2026
539,Vellore,vellore_market,Tomato,Local,FAQ,1899,2388,2163,134.58,07 Mar 2026
540,Vellore,vellore_vaniyambadi,Tomato,Local,FAQ,1818,2269,2018,198.84,07 Mar 2026
541,Vellore,vellore_arakkonam,Tomato,Local,FAQ,1860,2296,2092,117.36,07 May 2025
542,Vellore,vellore_gudiyatham,Tomato,Local,FAQ,1837,2287,2020,118.96,07 May 2025
543,Vellore,vellore_market,Tomato,Local,FAQ,2019,2606,2311,72.95,07 May 2025
544,Vellore,vellore_vaniyambadi,Tomato,Local,FAQ,1622,2013,1831,142.15,07 May 2025
545,Vellore,vellore_arakkonam,Tomato,Local,FAQ,1986,2405,2140,109.74,07 May 2026
546,Vellore,vellore_gudiyatham,Tomato,Local,FAQ,2347,3012,2674,72.48,07 May 2026
547,Vellore,vellore_market,Tomato,Local,FAQ,1844,2281,2009,92.36,07 May 2026
548,Vellore,vellore_vaniyambadi,Tomato,Local,FAQ,1534,1877,1744,137.97,07 May 2026
549,Vellore,vellore_arakkonam,Tomato,Local,FAQ,1224,1484,1328,164.95,07 Nov 2025
550,Vellore,vellore_gudiyatham,Tomato,Local,FAQ,1502,1840,1641,107.38,07 Nov 2025
551,Vellore,vellore_market,Tomato,Local,FAQ,1519,1983,1764,88.38,07 Nov 2025
552,Vellore,vellore_vaniyambadi,Tomato,Local,FAQ,1199,1536,1338,146.01,07 Nov 2025
553,Vellore,vellore_arakkonam,Tomato,Local,FAQ,1248,1645,1448,86.41,07 Oct 2025
554,Vellore,vellore_gudiyatham,Tomato,Local,FAQ,1293,1579,1426,83.99,07 Oct 2025
555,Vellore,vellore_market,Tomato,Local,FAQ,1243,1488,1357,92.25,07 Oct 2025
556,Vellore,vellore_vaniyambadi,Tomato,Local,FAQ,960,1164,1063,157.12,07 Oct 2025
557,Vellore,vellore_arakkonam,Tomato,Local,FAQ,1089,1411,1256,81.13,07 Sep 2025
558,Vellore,vellore_gudiyatham,Tomato,Local,FAQ,813,1024,931,161.3,07 Sep 2025
559,Vellore,vellore_market,Tomato,Local,FAQ,1168,1486,1319,74.55,07 Sep 2025
560,Vellore,vellore_vaniyambadi,Tomato,Local,FAQ,1047,1378,1205,105.03,07 Sep 2025
561,Vellore,vellore_arakkonam,Tomato,Local,FAQ,2481,3040,2696,96.94,08 Apr 2025
562,Vellore,vellore_gudiyatham,Tomato,Local,FAQ,2188,2716,2447,106.77,08 Apr 2025
563,Vellore,vellore_market,Tomato,Local,FAQ,2461,3161,2749,78.49,08 Apr 2025
564,Vellore,vellore_vaniyambadi,Tomato,Local,FAQ,1983,2366,2142,150.16,08 Apr 2025
565,Vellore,vellore_arakkonam,Tomato,Local,FAQ,2485,3120,2828,81.55,08 Apr 2026
566,Vellore,vellore_gudiyatham,Tomato,Local,FAQ,1815,2341,2080,145.25,08 Apr 2026
567,Vellore,vellore_market,Tomato,Local,FAQ,1499,1946,1723,154.21,08 Apr 2026
568,Vellore,vellore_vaniyambadi,Tomato,Local,FAQ,2571,3040,2802,98.97,08 Apr 2026
569,Vellore,vellore_arakkonam,Tomato,Local,FAQ,1254,1550,1352,88.83,08 Aug 2025
570,Vellore,vellore_gudiyatham,Tomato,Local,FAQ,1209,1463,1310,80.03,08 Aug 2025
571,Vellore,vellore_market,Tomato,Local,FAQ,1463,1779,1583,44.65,08 Aug 2025
572,Vellore,vellore_vaniyambadi,Tomato,Local,FAQ,1226,1555,1353,84.99,08 Aug 2025
573,Vellore,vellore_arakkonam,Tomato,Local,FAQ,996,1246,1128,99.12,08 Aug 2026
574,Vellore,vellore_gudiyatham,Tomato,Local,FAQ,1292,1633,1434,68.57,08 Aug 2026
575,Vellore,vellore_market,Tomato,Local,FAQ,1273,1505,1388,57.1,08 Aug 2026
576,Vellore,vellore_vaniyambadi,Tomato,Local,FAQ,1686,2034,1865,61.83,08 Aug 2026
577,Vellore,vellore_arakkonam,Tomato,Local,FAQ,1420,1821,1600,184.05,08 Dec 2025
578,Vellore,vellore_gudiyatham,Tomato,Local,FAQ,1762,2193,1913,125.05,08 Dec 2025
579,Vellore,vellore_market,Tomato,Local,FAQ,1623,1957,1780,124.86,08 Dec 2025
580,Vellore,vellore_vaniyambadi,Tomato,Local,FAQ,1319,1621,1445,238.94,08 Dec 2025
581,Vellore,vellore_arakkonam,Tomato,Local,FAQ,1634,2092,1896,198.65,08 Feb 2025
582,Vellore,vellore_gudiyatham,Tomato,Local,FAQ,1838,2320,2107,172.06,08 Feb 2025
583,Vellore,vellore_market,Tomato,Local,FAQ,2230,2825,2470,116.1,08 Feb 2025
584,Vellore,vellore_vaniyambadi,Tomato,Local,FAQ,1622,2077,1841,193.44,08 Feb 2025
585,Vellore,vellore_arakkonam,Tomato,Local,FAQ,2083,2518,2279,135.92,08 Feb 2026
586,Vellore,vellore_gudiyatham,Tomato,Local,FAQ,2156,2656,2449,127.65,08 Feb 2026
587,Vellore,vellore_market,Tomato,Local,FAQ,2410,3008,2734,101.82,08 Feb 2026
588,Vellore,vellore_vaniyambadi,Tomato,Local,FAQ,1931,2452,2151,167.35,08 Feb 2026
589,Vellore,vellore_arakkonam,Tomato,Local,FAQ,1963,2304,2145,129.6,08 Jan 2025
590,Vellore,vellore_gudiyatham,Tomato,Local,FAQ,1568,1954,1721,183.63,08 Jan 2025
591,Vellore,vellore_market,Tomato,Local,FAQ,1871,2341,2124,118.36,08 Jan 2025
592,Vellore,vellore_vaniyambadi,Tomato,Local,FAQ,1839,2261,2038,160.56,08 Jan 2025
593,Vellore,vellore_arakkonam,Tomato,Local,FAQ,2014,2591,2296,132.6,08 Jan 2026
594,Vellore,vellore_gudiyatham,Tomato,Local,FAQ,1607,1992,1790,201.97,08 Jan 2026
595,Vellore,vellore_market,Tomato,Local,FAQ,2008,2488,2314,105.22,08 Jan 2026
596,Vellore,vellore_vaniyambadi,Tomato,Local,FAQ,1869,2174,2011,138.48,08 Jan 2026
597,Vellore,vellore_arakkonam,Tomato,Local,FAQ,1324,1587,1469,84.6,08 Jul 2025
598,Vellore,vellore_gudiyatham,Tomato,Local,FAQ,1645,1990,1796,72.54,08 Jul 2025
599,Vellore,vellore_market,Tomato,Local,FAQ,1386,1683,1519,66.97,08 Jul 2025
600,Vellore,vellore_vaniyambadi,Tomato,Local,FAQ,1371,1599,1480,95.04,08 Jul 2025
601,Vellore,vellore_arakkonam,Tomato,Local,FAQ,1445,1772,1579,90.21,08 Jul 2026
602,Vellore,vellore_gudiyatham,Tomato,Local,FAQ,1398,1751,1555,86.43,08 Jul 2026
603,Vellore,vellore_market,Tomato,Local,FAQ,1392,1781,1603,59.24,08 Jul 2026
604,Vellore,vellore_vaniyambadi,Tomato,Local,FAQ,1980,2455,2154,90.14,08 Jul 2026
605,Vellore,vellore_arakkonam,Tomato,Local,FAQ,1563,2034,1782,112.02,08 Jun 2025
606,Vellore,vellore_gudiyatham,Tomato,Local,FAQ,1315,1640,1502,130.22,08 Jun 2025
607,Vellore,vellore_market,Tomato,Local,FAQ,1819,2272,2091,57.63,08 Jun 2025
608,Vellore,vellore_vaniyambadi,Tomato,Local,FAQ,2010,2450,2199,65.42,08 Jun 2025
609,Vellore,vellore_arakkonam,Tomato,Local,FAQ,1782,2252,1993,78.62,08 Jun 2026
610,Vellore,vellore_gudiyatham,Tomato,Local,FAQ,1345,1680,1560,112.62,08 Jun 2026
611,Vellore,vellore_market,Tomato,Local,FAQ,1823,2249,2009,60.93,08 Jun 2026
612,Vellore,vellore_vaniyambadi,Tomato,Local,FAQ,2074,2443,2282,125.49,08 Jun 2026
613,Vellore,vellore_arakkonam,Tomato,Local,FAQ,2194,2657,2442,145.82,08 Mar 2025
614,Vellore,vellore_gudiyatham,Tomato,Local,FAQ,2284,2870,2541,132.92,08 Mar 2025
615,Vellore,vellore_market,Tomato,Local,FAQ,2292,2681,2491,100.5,08 Mar 2025
616,Vellore,vellore_vaniyambadi,Tomato,Local,FAQ,1726,2213,1926,217.63,08 Mar 2025
617,Vellore,vellore_arakkonam,Tomato,Local,FAQ,2182,2549,2357,151.43,08 Mar 2026
618,Vellore,vellore_gudiyatham,Tomato,Local,FAQ,2640,3353,2972,114.47,08 Mar 2026
619,Vellore,vellore_market,Tomato,Local,FAQ,1864,2283,2120,146.66,08 Mar 2026
620,Vellore,vellore_vaniyambadi,Tomato,Local,FAQ,2087,2742,2406,140.73,08 Mar 2026
621,Vellore,vellore_arakkonam,Tomato,Local,FAQ,1854,2272,2031,109.82,08 May 2025
622,Vellore,vellore_gudiyatham,Tomato,Local,FAQ,1878,2334,2057,115.79,08 May 2025
623,Vellore,vellore_market,Tomato,Local,FAQ,1696,2131,1969,94.04,08 May 2025
624,Vellore,vellore_vaniyambadi,Tomato,Local,FAQ,1869,2295,2105,110.26,08 May 2025
625,Vellore,vellore_arakkonam,Tomato,Local,FAQ,1810,2348,2051,112.14,08 May 2026
626,Vellore,vellore_gudiyatham,Tomato,Local,FAQ,2258,2783,2539,82.16,08 May 2026
627,Vellore,vellore_market,Tomato,Local,FAQ,2690,3366,2929,46.03,08 May 2026
628,Vellore,vellore_vaniyambadi,Tomato,Local,FAQ,1652,2043,1836,118.75,08 May 2026
629,Vellore,vellore_arakkonam,Tomato,Local,FAQ,1307,1590,1432,143.92,08 Nov 2025
630,Vellore,vellore_gudiyatham,Tomato,Local,FAQ,1385,1654,1502,124.29,08 Nov 2025
631,Vellore,vellore_market,Tomato,Local,FAQ,1436,1780,1585,105.34,08 Nov 2025
632,Vellore,vellore_vaniyambadi,Tomato,Local,FAQ,1458,1802,1637,104.95,08 Nov 2025
633,Vellore,vellore_arakkonam,Tomato,Local,FAQ,1077,1360,1226,116.18,08 Oct 2025
634,Vellore,vellore_gudiyatham,Tomato,Local,FAQ,1248,1501,1385,95.31,08 Oct 2025
635,Vellore,vellore_market,Tomato,Local,FAQ,1520,1922,1704,60.45,08 Oct 2025
636,Vellore,vellore_vaniyambadi,Tomato,Local,FAQ,1145,1386,1249,120.84,08 Oct 2025
637,Vellore,vellore_arakkonam,Tomato,Local,FAQ,1065,1284,1193,94.33,08 Sep 2025
638,Vellore,vellore_gudiyatham,Tomato,Local,FAQ,1179,1448,1322,84.93,08 Sep 2025
639,Vellore,vellore_market,Tomato,Local,FAQ,1135,1320,1221,83.02,08 Sep 2025
640,Vellore,vellore_vaniyambadi,Tomato,Local,FAQ,967,1240,1096,139.6,08 Sep 2025
641,Vellore,vellore_arakkonam,Tomato,Local,FAQ,1978,2603,2271,122.49,09 Apr 2025
642,Vellore,vellore_gudiyatham,Tomato,Local,FAQ,1989,2368,2195,122.5,09 Apr 2025
643,Vellore,vellore_market,Tomato,Local,FAQ,2369,2916,2662,80.48,09 Apr 2025
644,Vellore,vellore_vaniyambadi,Tomato,Local,FAQ,1839,2316,2077,147.37,09 Apr 2025
645,Vellore,vellore_arakkonam,Tomato,Local,FAQ,2229,2703,2488,96.18,09 Apr 2026
646,Vellore,vellore_gudiyatham,Tomato,Local,FAQ,2452,2928,2716,91.11,09 Apr 2026
647,Vellore,vellore_market,Tomato,Local,FAQ,1977,2466,2165,95.35,09 Apr 2026
648,Vellore,vellore_vaniyambadi,Tomato,Local,FAQ,2541,3228,2843,95.93,09 Apr 2026
649,Vellore,vellore_arakkonam,Tomato,Local,FAQ,1247,1582,1436,76.87,09 Aug 2025
650,Vellore,vellore_gudiyatham,Tomato,Local,FAQ,1241,1579,1394,69.74,09 Aug 2025
651,Vellore,vellore_market,Tomato,Local,FAQ,1172,1489,1322,69.66,09 Aug 2025
652,Vellore,vellore_vaniyambadi,Tomato,Local,FAQ,1476,1804,1668,61.98,09 Aug 2025
653,Vellore,vellore_arakkonam,Tomato,Local,FAQ,1019,1266,1158,95.56,09 Aug 2026
654,Vellore,vellore_gudiyatham,Tomato,Local,FAQ,1219,1470,1312,81.77,09 Aug 2026
655,Vellore,vellore_market,Tomato,Local,FAQ,1337,1662,1469,55.9,09 Aug 2026
656,Vellore,vellore_vaniyambadi,Tomato,Local,FAQ,1666,2025,1865,70.16,09 Aug 2026
657,Vellore,vellore_arakkonam,Tomato,Local,FAQ,1436,1689,1576,188.2,09 Dec 2025
658,Vellore,vellore_gudiyatham,Tomato,Local,FAQ,1942,2529,2239,88.11,09 Dec 2025
659,Vellore,vellore_market,Tomato,Local,FAQ,1258,1485,1371,190.09,09 Dec 2025
660,Vellore,vellore_vaniyambadi,Tomato,Local,FAQ,1407,1874,1635,184.33,09 Dec 2025
661,Vellore,vellore_arakkonam,Tomato,Local,FAQ,1373,1745,1592,274.95,09 Feb 2025
662,Vellore,vellore_gudiyatham,Tomato,Local,FAQ,1872,2259,2028,191.93,09 Feb 2025
663,Vellore,vellore_market,Tomato,Local,FAQ,2320,2987,2698,95.66,09 Feb 2025
664,Vellore,vellore_vaniyambadi,Tomato,Local,FAQ,1748,2204,2011,167.45,09 Feb 2025
665,Vellore,vellore_arakkonam,Tomato,Local,FAQ,2304,2882,2669,104.25,09 Feb 2026
666,Vellore,vellore_gudiyatham,Tomato,Local,FAQ,2420,2968,2703,103.93,09 Feb 2026
667,Vellore,vellore_market,Tomato,Local,FAQ,2179,2740,2446,116.1,09 Feb 2026
668,Vellore,vellore_vaniyambadi,Tomato,Local,FAQ,2074,2470,2252,164.54,09 Feb 2026
669,Vellore,vellore_arakkonam,Tomato,Local,FAQ,1813,2294,2026,148.49,09 Jan 2025
670,Vellore,vellore_gudiyatham,Tomato,Local,FAQ,2248,2832,2519,98.38,09 Jan 2025
671,Vellore,vellore_market,Tomato,Local,FAQ,1652,2021,1777,170.66,09 Jan 2025
672,Vellore,vellore_vaniyambadi,Tomato,Local,FAQ,1490,1830,1695,213.95,09 Jan 2025
673,Vellore,vellore_arakkonam,Tomato,Local,FAQ,1996,2534,2242,136.5,09 Jan 2026
674,Vellore,vellore_gudiyatham,Tomato,Local,FAQ,1863,2262,2093,153.13,09 Jan 2026
675,Vellore,vellore_market,Tomato,Local,FAQ,1812,2266,1981,127.58,09 Jan 2026
676,Vellore,vellore_vaniyambadi,Tomato,Local,FAQ,1489,1917,1707,194.57,09 Jan 2026
677,Vellore,vellore_arakkonam,Tomato,Local,FAQ,1549,1918,1700,65.08,09 Jul 2025
678,Vellore,vellore_gudiyatham,Tomato,Local,FAQ,1326,1670,1512,87.25,09 Jul 2025
679,Vellore,vellore_market,Tomato,Local,FAQ,1017,1290,1166,101.86,09 Jul 2025
680,Vellore,vellore_vaniyambadi,Tomato,Local,FAQ,1340,1606,1442,107.29,09 Jul 2025
681,Vellore,vellore_arakkonam,Tomato,Local,FAQ,1467,1900,1691,77.98,09 Jul 2026
682,Vellore,vellore_gudiyatham,Tomato,Local,FAQ,1432,1887,1654,82.31,09 Jul 2026
683,Vellore,vellore_market,Tomato,Local,FAQ,1491,1808,1672,54.58,09 Jul 2026
684,Vellore,vellore_vaniyambadi,Tomato,Local,FAQ,1909,2331,2142,77.16,09 Jul 2026
685,Vellore,vellore_arakkonam,Tomato,Local,FAQ,1553,1914,1754,119.7,09 Jun 2025
686,Vellore,vellore_gudiyatham,Tomato,Local,FAQ,1597,1859,1733,98.0,09 Jun 2025
687,Vellore,vellore_market,Tomato,Local,FAQ,2086,2583,2264,53.87,09 Jun 2025
688,Vellore,vellore_vaniyambadi,Tomato,Local,FAQ,1686,1958,1828,78.32,09 Jun 2025
689,Vellore,vellore_arakkonam,Tomato,Local,FAQ,1891,2315,2054,72.6,09 Jun 2026
690,Vellore,vellore_gudiyatham,Tomato,Local,FAQ,1658,2030,1805,85.43,09 Jun 2026
691,Vellore,vellore_market,Tomato,Local,FAQ,1818,2275,2107,56.91,09 Jun 2026
692,Vellore,vellore_vaniyambadi,Tomato,Local,FAQ,2068,2589,2344,86.5,09 Jun 2026
693,Vellore,vellore_arakkonam,Tomato,Local,FAQ,1959,2288,2113,189.72,09 Mar 2025
694,Vellore,vellore_gudiyatham,Tomato,Local,FAQ,2060,2646,2354,151.58,09 Mar 2025
695,Vellore,vellore_market,Tomato,Local,FAQ,1710,2252,1960,162.68,09 Mar 2025
696,Vellore,vellore_vaniyambadi,Tomato,Local,FAQ,2414,3008,2774,105.1,09 Mar 2025
697,Vellore,vellore_arakkonam,Tomato,Local,FAQ,1619,1951,1807,236.12,09 Mar 2026
698,Vellore,vellore_gudiyatham,Tomato,Local,FAQ,2445,3035,2709,131.49,09 Mar 2026
699,Vellore,vellore_market,Tomato,Local,FAQ,2535,2959,2736,83.57,09 Mar 2026
700,Vellore,vellore_vaniyambadi,Tomato,Local,FAQ,2232,2763,2576,123.19,09 Mar 2026
701,Vellore,vellore_arakkonam,Tomato,Local,FAQ,1965,2516,2219,94.75,09 May 2025
702,Vellore,vellore_gudiyatham,Tomato,Local,FAQ,2071,2597,2308,97.92,09 May 2025
703,Vellore,vellore_market,Tomato,Local,FAQ,2368,2880,2606,56.73,09 May 2025
704,Vellore,vellore_vaniyambadi,Tomato,Local,FAQ,1499,1832,1701,161.06,09 May 2025
705,Vellore,vellore_arakkonam,Tomato,Local,FAQ,2070,2522,2316,86.6,09 May 2026
706,Vellore,vellore_gudiyatham,Tomato,Local,FAQ,1776,2151,1933,131.7,09 May 2026
707,Vellore,vellore_market,Tomato,Local,FAQ,1707,2117,1924,113.59,09 May 2026
708,Vellore,vellore_vaniyambadi,Tomato,Local,FAQ,1581,1966,1808,124.8,09 May 2026
709,Vellore,vellore_arakkonam,Tomato,Local,FAQ,1450,1791,1581,118.63,09 Nov 2025
710,Vellore,vellore_gudiyatham,Tomato,Local,FAQ,1602,1943,1813,94.95,09 Nov 2025
711,Vellore,vellore_market,Tomato,Local,FAQ,1579,1964,1784,82.66,09 Nov 2025
712,Vellore,vellore_vaniyambadi,Tomato,Local,FAQ,1177,1487,1348,146.44,09 Nov 2025
713,Vellore,vellore_arakkonam,Tomato,Local,FAQ,1188,1469,1336,110.57,09 Oct 2025
714,Vellore,vellore_gudiyatham,Tomato,Local,FAQ,1036,1299,1138,137.8,09 Oct 2025
715,Vellore,vellore_market,Tomato,Local,FAQ,1082,1347,1244,106.87,09 Oct 2025
716,Vellore,vellore_vaniyambadi,Tomato,Local,FAQ,1143,1339,1234,127.99,09 Oct 2025
717,Vellore,vellore_arakkonam,Tomato,Local,FAQ,1156,1449,1297,77.48,09 Sep 2025
718,Vellore,vellore_gudiyatham,Tomato,Local,FAQ,1758,2273,2017,43.71,09 Sep 2025
719,Vellore,vellore_market,Tomato,Local,FAQ,1370,1678,1519,54.32,09 Sep 2025
720,Vellore,vellore_vaniyambadi,Tomato,Local,FAQ,1320,1628,1436,87.68,09 Sep 2025
721,Vellore,vellore_arakkonam,Tomato,Local,FAQ,2172,2608,2409,113.5,10 Apr 2025
722,Vellore,vellore_gudiyatham,Tomato,Local,FAQ,2024,2564,2229,124.01,10 Apr 2025
723,Vellore,vellore_market,Tomato,Local,FAQ,1751,2327,2034,132.95,10 Apr 2025
724,Vellore,vellore_vaniyambadi,Tomato,Local,FAQ,1599,2103,1837,186.84,10 Apr 2025
725,Vellore,vellore_arakkonam,Tomato,Local,FAQ,2106,2662,2420,106.15,10 Apr 2026
726,Vellore,vellore_gudiyatham,Tomato,Local,FAQ,2307,2858,2526,106.16,10 Apr 2026
727,Vellore,vellore_market,Tomato,Local,FAQ,2279,2864,2588,70.43,10 Apr 2026
728,Vellore,vellore_vaniyambadi,Tomato,Local,FAQ,1911,2485,2200,150.64,10 Apr 2026
729,Vellore,vellore_arakkonam,Tomato,Local,FAQ,1125,1440,1282,91.38,10 Aug 2025
730,Vellore,vellore_gudiyatham,Tomato,Local,FAQ,1350,1558,1453,67.83,10 Aug 2025
731,Vellore,vellore_market,Tomato,Local,FAQ,1226,1500,1339,66.97,10 Aug 2025
732,Vellore,vellore_vaniyambadi,Tomato,Local,FAQ,1388,1683,1572,64.78,10 Aug 2025
733,Vellore,vellore_arakkonam,Tomato,Local,FAQ,1194,1544,1380,69.52,10 Aug 2026
734,Vellore,vellore_gudiyatham,Tomato,Local,FAQ,1159,1398,1304,78.0,10 Aug 2026
735,Vellore,vellore_market,Tomato,Local,FAQ,946,1193,1093,101.66,10 Aug 2026
736,Vellore,vellore_vaniyambadi,Tomato,Local,FAQ,1623,2077,1862,90.3,10 Aug 2026
737,Vellore,vellore_arakkonam,Tomato,Local,FAQ,1687,2131,1892,122.93,10 Dec 2025
738,Vellore,vellore_gudiyatham,Tomato,Local,FAQ,1998,2567,2300,84.25,10 Dec 2025
739,Vellore,vellore_market,Tomato,Local,FAQ,1543,1953,1698,136.88,10 Dec 2025
740,Vellore,vellore_vaniyambadi,Tomato,Local,FAQ,1795,2209,2018,128.47,10 Dec 2025
741,Vellore,vellore_arakkonam,Tomato,Local,FAQ,1918,2255,2085,166.84,10 Feb 2025
742,Vellore,vellore_gudiyatham,Tomato,Local,FAQ,2047,2443,2222,157.65,10 Feb 2025
743,Vellore,vellore_market,Tomato,Local,FAQ,1817,2191,2037,151.67,10 Feb 2025
744,Vellore,vellore_vaniyambadi,Tomato,Local,FAQ,1645,2004,1806,203.78,10 Feb 2025
745,Vellore,vellore_arakkonam,Tomato,Local,FAQ,1602,2022,1820,204.57,10 Feb 2026
746,Vellore,vellore_gudiyatham,Tomato,Local,FAQ,2267,2696,2495,125.65,10 Feb 2026
747,Vellore,vellore_market,Tomato,Local,FAQ,2074,2633,2408,118.59,10 Feb 2026
748,Vellore,vellore_vaniyambadi,Tomato,Local,FAQ,2437,2968,2673,119.99,10 Feb 2026
749,Vellore,vellore_arakkonam,Tomato,Local,FAQ,1891,2233,2058,146.56,10 Jan 2025
750,Vellore,vellore_gudiyatham,Tomato,Local,FAQ,2465,2879,2686,93.33,10 Jan 2025
751,Vellore,vellore_market,Tomato,Local,FAQ,2728,3506,3064,74.43,10 Jan 2025
752,Vellore,vellore_vaniyambadi,Tomato,Local,FAQ,1666,2059,1808,184.07,10 Jan 2025
753,Vellore,vellore_arakkonam,Tomato,Local,FAQ,1929,2335,2092,154.45,10 Jan 2026
754,Vellore,vellore_gudiyatham,Tomato,Local,FAQ,1808,2194,1996,151.24,10 Jan 2026
755,Vellore,vellore_market,Tomato,Local,FAQ,1967,2429,2251,105.32,10 Jan 2026
756,Vellore,vellore_vaniyambadi,Tomato,Local,FAQ,2082,2617,2405,104.42,10 Jan 2026
757,Vellore,vellore_arakkonam,Tomato,Local,FAQ,1237,1475,1331,101.48,10 Jul 2025
758,Vellore,vellore_gudiyatham,Tomato,Local,FAQ,1322,1613,1460,91.75,10 Jul 2025
759,Vellore,vellore_market,Tomato,Local,FAQ,1674,2118,1918,40.35,10 Jul 2025
760,Vellore,vellore_vaniyambadi,Tomato,Local,FAQ,1402,1776,1610,85.25,10 Jul 2025
761,Vellore,vellore_arakkonam,Tomato,Local,FAQ,1770,2085,1917,65.13,10 Jul 2026
762,Vellore,vellore_gudiyatham,Tomato,Local,FAQ,1311,1623,1420,108.68,10 Jul 2026
763,Vellore,vellore_market,Tomato,Local,FAQ,1486,1836,1613,56.15,10 Jul 2026
764,Vellore,vellore_vaniyambadi,Tomato,Local,FAQ,1873,2338,2126,83.08,10 Jul 2026
765,Vellore,vellore_arakkonam,Tomato,Local,FAQ,1775,2322,2042,79.84,10 Jun 2025
766,Vellore,vellore_gudiyatham,Tomato,Local,FAQ,1680,2138,1924,82.95,10 Jun 2025
767,Vellore,vellore_market,Tomato,Local,FAQ,1681,2206,1945,71.41,10 Jun 2025
768,Vellore,vellore_vaniyambadi,Tomato,Local,FAQ,1518,1920,1755,84.57,10 Jun 2025
769,Vellore,vellore_arakkonam,Tomato,Local,FAQ,1405,1727,1572,111.64,10 Jun 2026
770,Vellore,vellore_gudiyatham,Tomato,Local,FAQ,1508,1863,1631,100.73,10 Jun 2026
771,Vellore,vellore_market,Tomato,Local,FAQ,1555,1834,1689,84.91,10 Jun 2026
772,Vellore,vellore_vaniyambadi,Tomato,Local,FAQ,2219,2686,2401,144.57,10 Jun 2026
773,Vellore,vellore_arakkonam,Tomato,Local,FAQ,1684,2108,1945,200.0,10 Mar 2025
774,Vellore,vellore_gudiyatham,Tomato,Local,FAQ,2308,2815,2547,134.75,10 Mar 2025
775,Vellore,vellore_market,Tomato,Local,FAQ,2152,2689,2399,108.73,10 Mar 2025
776,Vellore,vellore_vaniyambadi,Tomato,Local,FAQ,1945,2387,2198,163.49,10 Mar 2025
777,Vellore,vellore_arakkonam,Tomato,Local,FAQ,1926,2341,2168,167.39,10 Mar 2026
778,Vellore,vellore_gudiyatham,Tomato,Local,FAQ,2134,2581,2390,150.0,10 Mar 2026
779,Vellore,vellore_market,Tomato,Local,FAQ,2366,3032,2669,89.95,10 Mar 2026
780,Vellore,vellore_vaniyambadi,Tomato,Local,FAQ,1848,2323,2146,165.21,10 Mar 2026
781,Vellore,vellore_arakkonam,Tomato,Local,FAQ,2163,2639,2348,90.33,10 May 2025
782,Vellore,vellore_gudiyatham,Tomato,Local,FAQ,1913,2385,2216,104.71,10 May 2025
783,Vellore,vellore_market,Tomato,Local,FAQ,2086,2617,2287,69.5,10 May 2025
784,Vellore,vellore_vaniyambadi,Tomato,Local,FAQ,2334,2982,2594,74.46,10 May 2025
785,Vellore,vellore_arakkonam,Tomato,Local,FAQ,1562,1971,1779,133.48,10 May 2026
786,Vellore,vellore_gudiyatham,Tomato,Local,FAQ,2154,2574,2356,82.76,10 May 2026
787,Vellore,vellore_market,Tomato,Local,FAQ,2623,3283,2906,54.64,10 May 2026
788,Vellore,vellore_vaniyambadi,Tomato,Local,FAQ,1840,2216,1990,107.71,10 May 2026
789,Vellore,vellore_arakkonam,Tomato,Local,FAQ,1301,1519,1415,153.05,10 Nov 2025
790,Vellore,vellore_gudiyatham,Tomato,Local,FAQ,1479,1853,1644,119.69,10 Nov 2025
791,Vellore,vellore_market,Tomato,Local,FAQ,1452,1781,1649,95.25,10 Nov 2025
792,Vellore,vellore_vaniyambadi,Tomato,Local,FAQ,1180,1490,1322,150.55,10 Nov 2025
793,Vellore,vellore_arakkonam,Tomato,Local,FAQ,1361,1730,1534,90.77,10 Oct 2025
794,Vellore,vellore_gudiyatham,Tomato,Local,FAQ,1347,1691,1550,76.64,10 Oct 2025
795,Vellore,vellore_market,Tomato,Local,FAQ,1389,1762,1605,70.95,10 Oct 2025
796,Vellore,vellore_vaniyambadi,Tomato,Local,FAQ,1179,1461,1363,107.05,10 Oct 2025
797,Vellore,vellore_arakkonam,Tomato,Local,FAQ,971,1259,1096,103.86,10 Sep 2025
798,Vellore,vellore_gudiyatham,Tomato,Local,FAQ,1116,1397,1294,96.32,10 Sep 2025
799,Vellore,vellore_market,Tomato,Local,FAQ,1246,1528,1400,63.23,10 Sep 2025
800,Vellore,vellore_vaniyambadi,Tomato,Local,FAQ,1226,1558,1401,90.33,10 Sep 2025
801,Vellore,vellore_arakkonam,Tomato,Local,FAQ,1811,2278,2024,157.21,11 Apr 2025
802,Vellore,vellore_gudiyatham,Tomato,Local,FAQ,2402,2944,2629,96.02,11 Apr 2025
803,Vellore,vellore_market,Tomato,Local,FAQ,1973,2374,2193,122.21,11 Apr 2025
804,Vellore,vellore_vaniyambadi,Tomato,Local,FAQ,2101,2561,2340,113.35,11 Apr 2025
805,Vellore,vellore_arakkonam,Tomato,Local,FAQ,2001,2513,2287,125.45,11 Apr 2026
806,Vellore,vellore_gudiyatham,Tomato,Local,FAQ,1953,2532,2214,150.02,11 Apr 2026
807,Vellore,vellore_market,Tomato,Local,FAQ,2202,2743,2531,77.0,11 Apr 2026
808,Vellore,vellore_vaniyambadi,Tomato,Local,FAQ,1650,2072,1853,209.4,11 Apr 2026
809,Vellore,vellore_arakkonam,Tomato,Local,FAQ,1172,1463,1336,76.57,11 Aug 2025
810,Vellore,vellore_gudiyatham,Tomato,Local,FAQ,1292,1604,1428,69.58,11 Aug 2025
811,Vellore,vellore_market,Tomato,Local,FAQ,1513,1874,1681,46.33,11 Aug 2025
812,Vellore,vellore_vaniyambadi,Tomato,Local,FAQ,1439,1809,1581,64.84,11 Aug 2025
813,Vellore,vellore_arakkonam,Tomato,Local,FAQ,1481,1842,1656,161.18,11 Dec 2025
814,Vellore,vellore_gudiyatham,Tomato,Local,FAQ,1594,1960,1751,137.96,11 Dec 2025
815,Vellore,vellore_market,Tomato,Local,FAQ,2487,3019,2695,62.47,11 Dec 2025
816,Vellore,vellore_vaniyambadi,Tomato,Local,FAQ,1640,1980,1815,152.72,11 Dec 2025
817,Vellore,vellore_arakkonam,Tomato,Local,FAQ,1713,2088,1928,198.31,11 Feb 2025
818,Vellore,vellore_gudiyatham,Tomato,Local,FAQ,2433,3043,2656,117.42,11 Feb 2025
819,Vellore,vellore_market,Tomato,Local,FAQ,2315,2930,2674,93.67,11 Feb 2025
820,Vellore,vellore_vaniyambadi,Tomato,Local,FAQ,1945,2345,2158,151.2,11 Feb 2025
821,Vellore,vellore_arakkonam,Tomato,Local,FAQ,2229,2666,2469,122.85,11 Feb 2026
822,Vellore,vellore_gudiyatham,Tomato,Local,FAQ,2353,2999,2675,110.67,11 Feb 2026
823,Vellore,vellore_market,Tomato,Local,FAQ,2310,2776,2510,107.39,11 Feb 2026
824,Vellore,vellore_vaniyambadi,Tomato,Local,FAQ,2688,3327,2898,103.68,11 Feb 2026
825,Vellore,vellore_arakkonam,Tomato,Local,FAQ,1705,2231,1967,164.56,11 Jan 2025
826,Vellore,vellore_gudiyatham,Tomato,Local,FAQ,1856,2294,2122,139.91,11 Jan 2025
827,Vellore,vellore_market,Tomato,Local,FAQ,2055,2631,2306,128.94,11 Jan 2025
828,Vellore,vellore_vaniyambadi,Tomato,Local,FAQ,1769,2085,1939,160.6,11 Jan 2025
829,Vellore,vellore_arakkonam,Tomato,Local,FAQ,1911,2430,2140,133.15,11 Jan 2026
830,Vellore,vellore_gudiyatham,Tomato,Local,FAQ,1390,1758,1612,244.67,11 Jan 2026
831,Vellore,vellore_market,Tomato,Local,FAQ,1604,2086,1861,146.93,11 Jan 2026
832,Vellore,vellore_vaniyambadi,Tomato,Local,FAQ,1685,2045,1827,182.42,11 Jan 2026
833,Vellore,vellore_arakkonam,Tomato,Local,FAQ,1309,1552,1451,84.49,11 Jul 2025
834,Vellore,vellore_gudiyatham,Tomato,Local,FAQ,1218,1520,1355,99.93,11 Jul 2025
835,Vellore,vellore_market,Tomato,Local,FAQ,1266,1653,1454,64.33,11 Jul 2025
836,Vellore,vellore_vaniyambadi,Tomato,Local,FAQ,1408,1651,1529,85.0,11 Jul 2025
837,Vellore,vellore_arakkonam,Tomato,Local,FAQ,1752,2243,1955,63.13,11 Jul 2026
838,Vellore,vellore_gudiyatham,Tomato,Local,FAQ,1354,1715,1513,94.84,11 Jul 2026
839,Vellore,vellore_market,Tomato,Local,FAQ,1526,1933,1693,50.65,11 Jul 2026
840,Vellore,vellore_vaniyambadi,Tomato,Local,FAQ,1943,2423,2109,83.62,11 Jul 2026
841,Vellore,vellore_arakkonam,Tomato,Local,FAQ,1485,1860,1660,115.07,11 Jun 2025
842,Vellore,vellore_gudiyatham,Tomato,Local,FAQ,1480,1856,1699,106.86,11 Jun 2025
843,Vellore,vellore_market,Tomato,Local,FAQ,2002,2483,2260,56.97,11 Jun 2025
844,Vellore,vellore_vaniyambadi,Tomato,Local,FAQ,1591,2023,1789,94.45,11 Jun 2025
845,Vellore,vellore_arakkonam,Tomato,Local,FAQ,1644,2008,1768,95.32,11 Jun 2026
846,Vellore,vellore_gudiyatham,Tomato,Local,FAQ,1618,2096,1863,80.16,11 Jun 2026
847,Vellore,vellore_market,Tomato,Local,FAQ,1527,1920,1757,80.37,11 Jun 2026
848,Vellore,vellore_vaniyambadi,Tomato,Local,FAQ,2111,2768,2453,96.68,11 Jun 2026
849,Vellore,vellore_arakkonam,Tomato,Local,FAQ,2121,2585,2289,156.51,11 Mar 2025
850,Vellore,vellore_gudiyatham,Tomato,Local,FAQ,2731,3411,3064,91.23,11 Mar 2025
851,Vellore,vellore_market,Tomato,Local,FAQ,2105,2546,2330,117.09,11 Mar 2025
852,Vellore,vellore_vaniyambadi,Tomato,Local,FAQ,2026,2490,2323,147.2,11 Mar 2025
853,Vellore,vellore_arakkonam,Tomato,Local,FAQ,2142,2596,2354,134.69,11 Mar 2026
854,Vellore,vellore_gudiyatham,Tomato,Local,FAQ,2035,2642,2354,154.97,11 Mar 2026
855,Vellore,vellore_market,Tomato,Local,FAQ,2027,2565,2338,121.75,11 Mar 2026
856,Vellore,vellore_vaniyambadi,Tomato,Local,FAQ,2057,2507,2231,151.81,11 Mar 2026
857,Vellore,vellore_arakkonam,Tomato,Local,FAQ,1852,2310,2084,109.59,11 May 2025
858,Vellore,vellore_gudiyatham,Tomato,Local,FAQ,1557,2020,1791,153.75,11 May 2025
859,Vellore,vellore_market,Tomato,Local,FAQ,1660,2043,1879,96.79,11 May 2025
860,Vellore,vellore_vaniyambadi,Tomato,Local,FAQ,1882,2439,2138,113.84,11 May 2025
861,Vellore,vellore_arakkonam,Tomato,Local,FAQ,1460,1905,1667,150.26,11 May 2026
862,Vellore,vellore_gudiyatham,Tomato,Local,FAQ,1741,2124,1903,122.48,11 May 2026
863,Vellore,vellore_market,Tomato,Local,FAQ,2063,2525,2325,79.78,11 May 2026
864,Vellore,vellore_vaniyambadi,Tomato,Local,FAQ,2201,2827,2473,75.06,11 May 2026
865,Vellore,vellore_arakkonam,Tomato,Local,FAQ,1390,1676,1539,136.82,11 Nov 2025
866,Vellore,vellore_gudiyatham,Tomato,Local,FAQ,1507,1835,1670,111.43,11 Nov 2025
867,Vellore,vellore_market,Tomato,Local,FAQ,1609,1992,1742,87.68,11 Nov 2025
868,Vellore,vellore_vaniyambadi,Tomato,Local,FAQ,1248,1485,1355,144.69,11 Nov 2025
869,Vellore,vellore_arakkonam,Tomato,Local,FAQ,942,1170,1093,153.91,11 Oct 2025
870,Vellore,vellore_gudiyatham,Tomato,Local,FAQ,1118,1395,1284,113.58,11 Oct 2025
871,Vellore,vellore_market,Tomato,Local,FAQ,1554,1920,1714,60.84,11 Oct 2025
872,Vellore,vellore_vaniyambadi,Tomato,Local,FAQ,1096,1376,1229,126.97,11 Oct 2025
873,Vellore,vellore_arakkonam,Tomato,Local,FAQ,1178,1448,1311,73.58,11 Sep 2025
874,Vellore,vellore_gudiyatham,Tomato,Local,FAQ,1253,1509,1392,89.31,11 Sep 2025
875,Vellore,vellore_market,Tomato,Local,FAQ,1308,1621,1472,59.53,11 Sep 2025
876,Vellore,vellore_vaniyambadi,Tomato,Local,FAQ,1030,1325,1170,120.23,11 Sep 2025
877,Vellore,vellore_arakkonam,Tomato,Local,FAQ,2216,2851,2552,100.58,12 Apr 2025
878,Vellore,vellore_gudiyatham,Tomato,Local,FAQ,2388,2884,2631,96.18,12 Apr 2025
879,Vellore,vellore_market,Tomato,Local,FAQ,2368,2868,2651,83.75,12 Apr 2025
880,Vellore,vellore_vaniyambadi,Tomato,Local,FAQ,2206,2803,2466,105.79,12 Apr 2025
881,Vellore,vellore_arakkonam,Tomato,Local,FAQ,1821,2408,2104,135.56,12 Apr 2026
882,Vellore,vellore_gudiyatham,Tomato,Local,FAQ,2173,2659,2436,121.0,12 Apr 2026
883,Vellore,vellore_market,Tomato,Local,FAQ,2431,3024,2670,73.92,12 Apr 2026
884,Vellore,vellore_vaniyambadi,Tomato,Local,FAQ,1805,2300,2077,163.85,12 Apr 2026
885,Vellore,vellore_arakkonam,Tomato,Local,FAQ,913,1205,1048,119.67,12 Aug 2025
886,Vellore,vellore_gudiyatham,Tomato,Local,FAQ,1126,1366,1234,90.13,12 Aug 2025
887,Vellore,vellore_market,Tomato,Local,FAQ,1425,1743,1577,53.19,12 Aug 2025
888,Vellore,vellore_vaniyambadi,Tomato,Local,FAQ,1161,1444,1306,95.98,12 Aug 2025
889,Vellore,vellore_arakkonam,Tomato,Local,FAQ,1670,2055,1908,122.51,12 Dec 2025
890,Vellore,vellore_gudiyatham,Tomato,Local,FAQ,1506,1903,1664,151.3,12 Dec 2025
891,Vellore,vellore_market,Tomato,Local,FAQ,1871,2452,2138,83.34,12 Dec 2025
892,Vellore,vellore_vaniyambadi,Tomato,Local,FAQ,2041,2371,2205,109.34,12 Dec 2025
893,Vellore,vellore_arakkonam,Tomato,Local,FAQ,2067,2478,2284,147.69,12 Feb 2025
894,Vellore,vellore_gudiyatham,Tomato,Local,FAQ,2044,2592,2363,143.92,12 Feb 2025
895,Vellore,vellore_market,Tomato,Local,FAQ,2377,3005,2635,91.32,12 Feb 2025
896,Vellore,vellore_vaniyambadi,Tomato,Local,FAQ,2311,2832,2575,106.3,12 Feb 2025
897,Vellore,vellore_arakkonam,Tomato,Local,FAQ,2363,3057,2662,109.24,12 Feb 2026
898,Vellore,vellore_gudiyatham,Tomato,Local,FAQ,1943,2512,2228,156.64,12 Feb 2026
899,Vellore,vellore_market,Tomato,Local,FAQ,2329,2827,2569,108.45,12 Feb 2026
900,Vellore,vellore_vaniyambadi,Tomato,Local,FAQ,2162,2709,2432,130.75,12 Feb 2026
901,Vellore,vellore_arakkonam,Tomato,Local,FAQ,1908,2299,2138,135.89,12 Jan 2025
902,Vellore,vellore_gudiyatham,Tomato,Local,FAQ,2291,2847,2540,98.4,12 Jan 2025
903,Vellore,vellore_market,Tomato,Local,FAQ,1772,2294,2014,160.99,12 Jan 2025
904,Vellore,vellore_vaniyambadi,Tomato,Local,FAQ,1480,1925,1696,210.78,12 Jan 2025
905,Vellore,vellore_arakkonam,Tomato,Local,FAQ,2146,2750,2401,108.04,12 Jan 2026
906,Vellore,vellore_gudiyatham,Tomato,Local,FAQ,2134,2648,2387,122.7,12 Jan 2026
907,Vellore,vellore_market,Tomato,Local,FAQ,1899,2282,2101,130.03,12 Jan 2026
908,Vellore,vellore_vaniyambadi,Tomato,Local,FAQ,2007,2411,2181,134.24,12 Jan 2026
909,Vellore,vellore_arakkonam,Tomato,Local,FAQ,1380,1740,1518,85.82,12 Jul 2025
910,Vellore,vellore_gudiyatham,Tomato,Local,FAQ,1612,2059,1851,59.02,12 Jul 2025
911,Vellore,vellore_market,Tomato,Local,FAQ,1365,1712,1528,64.72,12 Jul 2025
912,Vellore,vellore_vaniyambadi,Tomato,Local,FAQ,1207,1503,1365,101.36,12 Jul 2025
913,Vellore,vellore_arakkonam,Tomato,Local,FAQ,1524,1850,1657,83.28,12 Jul 2026
914,Vellore,vellore_gudiyatham,Tomato,Local,FAQ,1437,1813,1638,72.4,12 Jul 2026
915,Vellore,vellore_market,Tomato,Local,FAQ,1357,1691,1527,60.07,12 Jul 2026
916,Vellore,vellore_vaniyambadi,Tomato,Local,FAQ,1903,2310,2105,85.18,12 Jul 2026
917,Vellore,vellore_arakkonam,Tomato,Local,FAQ,1303,1635,1486,131.3,12 Jun 2025
918,Vellore,vellore_gudiyatham,Tomato,Local,FAQ,1480,1874,1691,93.7,12 Jun 2025
919,Vellore,vellore_market,Tomato,Local,FAQ,1859,2276,2011,66.9,12 Jun 2025
920,Vellore,vellore_vaniyambadi,Tomato,Local,FAQ,1391,1707,1517,118.95,12 Jun 2025
921,Vellore,vellore_arakkonam,Tomato,Local,FAQ,1957,2424,2213,63.57,12 Jun 2026
922,Vellore,vellore_gudiyatham,Tomato,Local,FAQ,1513,1862,1635,101.63,12 Jun 2026
923,Vellore,vellore_market,Tomato,Local,FAQ,2270,2718,2480,42.71,12 Jun 2026
924,Vellore,vellore_vaniyambadi,Tomato,Local,FAQ,2117,2733,2430,97.26,12 Jun 2026
925,Vellore,vellore_arakkonam,Tomato,Local,FAQ,2078,2686,2347,136.83,12 Mar 2025
926,Vellore,vellore_gudiyatham,Tomato,Local,FAQ,2383,2954,2631,121.65,12 Mar 2025
927,Vellore,vellore_market,Tomato,Local,FAQ,1659,2029,1805,176.55,12 Mar 2025
928,Vellore,vellore_vaniyambadi,Tomato,Local,FAQ,2376,2906,2568,122.39,12 Mar 2025
929,Vellore,vellore_arakkonam,Tomato,Local,FAQ,1805,2363,2070,148.95,12 Mar 2026
930,Vellore,vellore_gudiyatham,Tomato,Local,FAQ,2819,3397,3059,95.08,12 Mar 2026
931,Vellore,vellore_market,Tomato,Local,FAQ,3416,4187,3684,54.81,12 Mar 2026
932,Vellore,vellore_vaniyambadi,Tomato,Local,FAQ,2250,2791,2553,119.28,12 Mar 2026
933,Vellore,vellore_arakkonam,Tomato,Local,FAQ,1651,2023,1818,137.44,12 May 2025
934,Vellore,vellore_gudiyatham,Tomato,Local,FAQ,2231,2748,2528,78.44,12 May 2025
935,Vellore,vellore_market,Tomato,Local,FAQ,1938,2474,2157,73.26,12 May 2025
936,Vellore,vellore_vaniyambadi,Tomato,Local,FAQ,1662,2087,1920,136.11,12 May 2025
937,Vellore,vellore_arakkonam,Tomato,Local,FAQ,2119,2594,2305,82.29,12 May 2026
938,Vellore,vellore_gudiyatham,Tomato,Local,FAQ,1943,2405,2128,100.59,12 May 2026
939,Vellore,vellore_market,Tomato,Local,FAQ,2335,2818,2512,62.74,12 May 2026
940,Vellore,vellore_vaniyambadi,Tomato,Local,FAQ,1910,2394,2137,94.76,12 May 2026
941,Vellore,vellore_arakkonam,Tomato,Local,FAQ,1516,1824,1688,109.35,12 Nov 2025
942,Vellore,vellore_gudiyatham,Tomato,Local,FAQ,1390,1729,1587,114.16,12 Nov 2025
943,Vellore,vellore_market,Tomato,Local,FAQ,1272,1533,1394,127.21,12 Nov 2025
944,Vellore,vellore_vaniyambadi,Tomato,Local,FAQ,1056,1351,1199,192.71,12 Nov 2025
945,Vellore,vellore_arakkonam,Tomato,Local,FAQ,1794,2382,2078,49.77,12 Oct 2025
946,Vellore,vellore_gudiyatham,Tomato,Local,FAQ,1362,1731,1534,83.41,12 Oct 2025
947,Vellore,vellore_market,Tomato,Local,FAQ,1411,1818,1617,67.78,12 Oct 2025
948,Vellore,vellore_vaniyambadi,Tomato,Local,FAQ,1228,1589,1426,86.43,12 Oct 2025
949,Vellore,vellore_arakkonam,Tomato,Local,FAQ,921,1182,1033,125.81,12 Sep 2025
950,Vellore,vellore_gudiyatham,Tomato,Local,FAQ,1443,1856,1658,62.93,12 Sep 2025
951,Vellore,vellore_market,Tomato,Local,FAQ,1503,1840,1673,46.64,12 Sep 2025
952,Vellore,vellore_vaniyambadi,Tomato,Local,FAQ,1037,1267,1158,116.9,12 Sep 2025
953,Vellore,vellore_arakkonam,Tomato,Local,FAQ,1935,2371,2081,141.5,13 Apr 2025
954,Vellore,vellore_gudiyatham,Tomato,Local,FAQ,2180,2788,2470,97.35,13 Apr 2025
955,Vellore,vellore_market,Tomato,Local,FAQ,2471,3013,2806,71.95,13 Apr 2025
956,Vellore,vellore_vaniyambadi,Tomato,Local,FAQ,1707,2191,1972,150.12,13 Apr 2025
957,Vellore,vellore_arakkonam,Tomato,Local,FAQ,2159,2801,2510,107.18,13 Apr 2026
958,Vellore,vellore_gudiyatham,Tomato,Local,FAQ,2623,3197,2867,94.41,13 Apr 2026
959,Vellore,vellore_market,Tomato,Local,FAQ,2530,3067,2851,64.7,13 Apr 2026
960,Vellore,vellore_vaniyambadi,Tomato,Local,FAQ,2111,2560,2284,145.6,13 Apr 2026
961,Vellore,vellore_arakkonam,Tomato,Local,FAQ,1089,1351,1231,93.42,13 Aug 2025
962,Vellore,vellore_gudiyatham,Tomato,Local,FAQ,913,1121,1036,118.26,13 Aug 2025
963,Vellore,vellore_market,Tomato,Local,FAQ,1089,1360,1195,90.44,13 Aug 2025
964,Vellore,vellore_vaniyambadi,Tomato,Local,FAQ,1357,1681,1466,74.97,13 Aug 2025
965,Vellore,vellore_arakkonam,Tomato,Local,FAQ,1281,1630,1419,210.75,13 Dec 2025
966,Vellore,vellore_gudiyatham,Tomato,Local,FAQ,1914,2363,2128,106.02,13 Dec 2025
967,Vellore,vellore_market,Tomato,Local,FAQ,1904,2329,2076,90.09,13 Dec 2025
968,Vellore,vellore_vaniyambadi,Tomato,Local,FAQ,1567,1883,1690,175.18,13 Dec 2025
969,Vellore,vellore_arakkonam,Tomato,Local,FAQ,2088,2574,2359,138.08,13 Feb 2025
970,Vellore,vellore_gudiyatham,Tomato,Local,FAQ,1630,2121,1882,220.36,13 Feb 2025
971,Vellore,vellore_market,Tomato,Local,FAQ,2363,2911,2613,95.88,13 Feb 2025
972,Vellore,vellore_vaniyambadi,Tomato,Local,FAQ,1442,1740,1598,271.66,13 Feb 2025
973,Vellore,vellore_arakkonam,Tomato,Local,FAQ,1886,2412,2173,161.9,13 Feb 2026
974,Vellore,vellore_gudiyatham,Tomato,Local,FAQ,2532,3070,2831,114.48,13 Feb 2026
975,Vellore,vellore_market,Tomato,Local,FAQ,2288,2730,2542,120.88,13 Feb 2026
976,Vellore,vellore_vaniyambadi,Tomato,Local,FAQ,2086,2445,2279,143.54,13 Feb 2026
977,Vellore,vellore_arakkonam,Tomato,Local,FAQ,1647,2046,1873,165.13,13 Jan 2025
978,Vellore,vellore_gudiyatham,Tomato,Local,FAQ,2079,2749,2401,108.43,13 Jan 2025
979,Vellore,vellore_market,Tomato,Local,FAQ,2309,2805,2588,99.81,13 Jan 2025
980,Vellore,vellore_vaniyambadi,Tomato,Local,FAQ,1966,2328,2175,141.75,13 Jan 2025
981,Vellore,vellore_arakkonam,Tomato,Local,FAQ,1544,1975,1766,208.55,13 Jan 2026
982,Vellore,vellore_gudiyatham,Tomato,Local,FAQ,1847,2233,2041,166.67,13 Jan 2026
983,Vellore,vellore_market,Tomato,Local,FAQ,1961,2320,2117,122.21,13 Jan 2026
984,Vellore,vellore_vaniyambadi,Tomato,Local,FAQ,1849,2235,2037,145.61,13 Jan 2026
985,Vellore,vellore_arakkonam,Tomato,Local,FAQ,1455,1800,1592,76.0,13 Jul 2025
986,Vellore,vellore_gudiyatham,Tomato,Local,FAQ,1529,1824,1651,70.85,13 Jul 2025
987,Vellore,vellore_market,Tomato,Local,FAQ,1444,1742,1578,54.83,13 Jul 2025
988,Vellore,vellore_vaniyambadi,Tomato,Local,FAQ,1262,1487,1367,94.16,13 Jul 2025
989,Vellore,vellore_arakkonam,Tomato,Local,FAQ,1563,1892,1726,74.97,13 Jul 2026
990,Vellore,vellore_gudiyatham,Tomato,Local,FAQ,1246,1554,1420,87.68,13 Jul 2026
991,Vellore,vellore_market,Tomato,Local,FAQ,1683,2033,1811,42.51,13 Jul 2026
992,Vellore,vellore_vaniyambadi,Tomato,Local,FAQ,1879,2299,2105,83.63,13 Jul 2026
993,Vellore,vellore_arakkonam,Tomato,Local,FAQ,1830,2289,2000,71.11,13 Jun 2025
994,Vellore,vellore_gudiyatham,Tomato,Local,FAQ,1641,2175,1901,81.47,13 Jun 2025
995,Vellore,vellore_market,Tomato,Local,FAQ,1661,2150,1914,74.76,13 Jun 2025
996,Vellore,vellore_vaniyambadi,Tomato,Local,FAQ,1552,1995,1749,91.57,13 Jun 2025
997,Vellore,vellore_arakkonam,Tomato,Local,FAQ,1538,1917,1681,104.0,13 Jun 2026
998,Vellore,vellore_gudiyatham,Tomato,Local,FAQ,1482,1856,1616,105.04,13 Jun 2026
999,Vellore,vellore_market,Tomato,Local,FAQ,1956,2354,2129,53.96,13 Jun 2026
1000,Vellore,vellore_vaniyambadi,Tomato,Local,FAQ,2104,2688,2425,102.0,13 Jun 2026
1001,Vellore,vellore_arakkonam,Tomato,Local,FAQ,1558,1998,1799,241.42,13 Mar 2025
1002,Vellore,vellore_gudiyatham,Tomato,Local,FAQ,1943,2352,2183,161.48,13 Mar 2025
1003,Vellore,vellore_market,Tomato,Local,FAQ,2671,3146,2878,77.86,13 Mar 2025
1004,Vellore,vellore_vaniyambadi,Tomato,Local,FAQ,2340,3075,2681,114.93,13 Mar 2025
1005,Vellore,vellore_arakkonam,Tomato,Local,FAQ,1899,2321,2141,145.96,13 Mar 2026
1006,Vellore,vellore_gudiyatham,Tomato,Local,FAQ,2579,3285,2909,106.99,13 Mar 2026
1007,Vellore,vellore_market,Tomato,Local,FAQ,2400,3055,2685,91.01,13 Mar 2026
1008,Vellore,vellore_vaniyambadi,Tomato,Local,FAQ,2045,2512,2308,135.05,13 Mar 2026
1009,Vellore,vellore_arakkonam,Tomato,Local,FAQ,2341,2704,2524,74.26,13 May 2025
1010,Vellore,vellore_gudiyatham,Tomato,Local,FAQ,1677,1971,1807,127.34,13 May 2025
1011,Vellore,vellore_market,Tomato,Local,FAQ,1824,2201,2041,78.7,13 May 2025
1012,Vellore,vellore_vaniyambadi,Tomato,Local,FAQ,1786,2193,1979,123.33,13 May 2025
1013,Vellore,vellore_arakkonam,Tomato,Local,FAQ,1691,2021,1848,124.7,13 May 2026
1014,Vellore,vellore_gudiyatham,Tomato,Local,FAQ,2273,2807,2471,81.83,13 May 2026
1015,Vellore,vellore_market,Tomato,Local,FAQ,2253,2969,2613,56.26,13 May 2026
1016,Vellore,vellore_vaniyambadi,Tomato,Local,FAQ,1740,2020,1885,105.21,13 May 2026
1017,Vellore,vellore_arakkonam,Tomato,Local,FAQ,1466,1804,1586,133.14,13 Nov 2025
1018,Vellore,vellore_gudiyatham,Tomato,Local,FAQ,1692,2054,1833,93.73,13 Nov 2025
1019,Vellore,vellore_market,Tomato,Local,FAQ,1350,1616,1492,110.89,13 Nov 2025
1020,Vellore,vellore_vaniyambadi,Tomato,Local,FAQ,1347,1726,1555,111.59,13 Nov 2025
1021,Vellore,vellore_arakkonam,Tomato,Local,FAQ,1761,2135,1957,57.29,13 Oct 2025
1022,Vellore,vellore_gudiyatham,Tomato,Local,FAQ,1147,1370,1272,124.55,13 Oct 2025
1023,Vellore,vellore_market,Tomato,Local,FAQ,1447,1878,1664,62.48,13 Oct 2025
1024,Vellore,vellore_vaniyambadi,Tomato,Local,FAQ,1014,1244,1132,138.4,13 Oct 2025
1025,Vellore,vellore_arakkonam,Tomato,Local,FAQ,1135,1361,1240,90.47,13 Sep 2025
1026,Vellore,vellore_gudiyatham,Tomato,Local,FAQ,1363,1666,1496,77.06,13 Sep 2025
1027,Vellore,vellore_market,Tomato,Local,FAQ,1280,1600,1404,63.42,13 Sep 2025
1028,Vellore,vellore_vaniyambadi,Tomato,Local,FAQ,990,1281,1116,125.66,13 Sep 2025
1029,Vellore,vellore_arakkonam,Tomato,Local,FAQ,2301,2884,2544,96.15,14 Apr 2025
1030,Vellore,vellore_gudiyatham,Tomato,Local,FAQ,1814,2232,2069,136.23,14 Apr 2025
1031,Vellore,vellore_market,Tomato,Local,FAQ,2458,3042,2655,78.81,14 Apr 2025
1032,Vellore,vellore_vaniyambadi,Tomato,Local,FAQ,1926,2319,2093,136.99,14 Apr 2025
1033,Vellore,vellore_arakkonam,Tomato,Local,FAQ,2334,3018,2676,98.24,14 Apr 2026
1034,Vellore,vellore_gudiyatham,Tomato,Local,FAQ,2562,3380,2963,82.98,14 Apr 2026
1035,Vellore,vellore_market,Tomato,Local,FAQ,1772,2192,1937,133.61,14 Apr 2026
1036,Vellore,vellore_vaniyambadi,Tomato,Local,FAQ,1870,2334,2097,161.31,14 Apr 2026
1037,Vellore,vellore_arakkonam,Tomato,Local,FAQ,947,1163,1084,106.64,14 Aug 2025
1038,Vellore,vellore_gudiyatham,Tomato,Local,FAQ,1289,1585,1480,65.02,14 Aug 2025
1039,Vellore,vellore_market,Tomato,Local,FAQ,1305,1549,1430,63.13,14 Aug 2025
1040,Vellore,vellore_vaniyambadi,Tomato,Local,FAQ,896,1139,1035,141.45,14 Aug 2025
1041,Vellore,vellore_arakkonam,Tomato,Local,FAQ,1921,2430,2124,100.64,14 Dec 2025
1042,Vellore,vellore_gudiyatham,Tomato,Local,FAQ,1676,2107,1869,129.37,14 Dec 2025
1043,Vellore,vellore_market,Tomato,Local,FAQ,1900,2446,2134,88.02,14 Dec 2025
1044,Vellore,vellore_vaniyambadi,Tomato,Local,FAQ,1872,2339,2154,121.53,14 Dec 2025
1045,Vellore,vellore_arakkonam,Tomato,Local,FAQ,2209,2626,2389,123.08,14 Feb 2025
1046,Vellore,vellore_gudiyatham,Tomato,Local,FAQ,2196,2817,2463,136.9,14 Feb 2025
1047,Vellore,vellore_market,Tomato,Local,FAQ,2239,2596,2411,120.19,14 Feb 2025
1048,Vellore,vellore_vaniyambadi,Tomato,Local,FAQ,1607,2027,1850,208.13,14 Feb 2025
1049,Vellore,vellore_arakkonam,Tomato,Local,FAQ,2425,3031,2662,114.64,14 Feb 2026
1050,Vellore,vellore_gudiyatham,Tomato,Local,FAQ,1877,2362,2062,193.62,14 Feb 2026
1051,Vellore,vellore_market,Tomato,Local,FAQ,1882,2383,2154,156.47,14 Feb 2026
1052,Vellore,vellore_vaniyambadi,Tomato,Local,FAQ,1729,2251,2004,172.84,14 Feb 2026
1053,Vellore,vellore_arakkonam,Tomato,Local,FAQ,2118,2523,2325,115.7,14 Jan 2025
1054,Vellore,vellore_gudiyatham,Tomato,Local,FAQ,2164,2625,2422,112.29,14 Jan 2025
1055,Vellore,vellore_market,Tomato,Local,FAQ,1971,2367,2133,132.21,14 Jan 2025
1056,Vellore,vellore_vaniyambadi,Tomato,Local,FAQ,2024,2541,2302,132.14,14 Jan 2025
1057,Vellore,vellore_arakkonam,Tomato,Local,FAQ,1966,2311,2136,149.55,14 Jan 2026
1058,Vellore,vellore_gudiyatham,Tomato,Local,FAQ,1938,2421,2123,141.15,14 Jan 2026
1059,Vellore,vellore_market,Tomato,Local,FAQ,2075,2587,2326,103.26,14 Jan 2026
1060,Vellore,vellore_vaniyambadi,Tomato,Local,FAQ,1592,2005,1801,194.05,14 Jan 2026
1061,Vellore,vellore_arakkonam,Tomato,Local,FAQ,1404,1766,1599,76.66,14 Jul 2025
1062,Vellore,vellore_gudiyatham,Tomato,Local,FAQ,1377,1716,1595,71.01,14 Jul 2025
1063,Vellore,vellore_market,Tomato,Local,FAQ,1308,1644,1504,62.72,14 Jul 2025
1064,Vellore,vellore_vaniyambadi,Tomato,Local,FAQ,1178,1388,1291,95.03,14 Jul 2025
1065,Vellore,vellore_arakkonam,Tomato,Local,FAQ,1346,1705,1528,93.69,14 Jul 2026
1066,Vellore,vellore_gudiyatham,Tomato,Local,FAQ,1594,2052,1838,52.48,14 Jul 2026
1067,Vellore,vellore_market,Tomato,Local,FAQ,1388,1666,1555,58.12,14 Jul 2026
1068,Vellore,vellore_vaniyambadi,Tomato,Local,FAQ,1891,2350,2091,89.74,14 Jul 2026
1069,Vellore,vellore_arakkonam,Tomato,Local,FAQ,1564,1873,1742,95.8,14 Jun 2025
1070,Vellore,vellore_gudiyatham,Tomato,Local,FAQ,1881,2206,2048,78.04,14 Jun 2025
1071,Vellore,vellore_market,Tomato,Local,FAQ,1291,1639,1475,112.78,14 Jun 2025
1072,Vellore,vellore_vaniyambadi,Tomato,Local,FAQ,1272,1581,1465,127.26,14 Jun 2025
1073,Vellore,vellore_arakkonam,Tomato,Local,FAQ,1790,2151,1981,77.63,14 Jun 2026
1074,Vellore,vellore_gudiyatham,Tomato,Local,FAQ,1560,2021,1813,86.42,14 Jun 2026
1075,Vellore,vellore_market,Tomato,Local,FAQ,1723,2093,1951,58.91,14 Jun 2026
1076,Vellore,vellore_vaniyambadi,Tomato,Local,FAQ,2109,2625,2407,103.82,14 Jun 2026
1077,Vellore,vellore_arakkonam,Tomato,Local,FAQ,2133,2623,2354,149.82,14 Mar 2025
1078,Vellore,vellore_gudiyatham,Tomato,Local,FAQ,2057,2662,2387,133.93,14 Mar 2025
1079,Vellore,vellore_market,Tomato,Local,FAQ,2339,3022,2629,88.51,14 Mar 2025
1080,Vellore,vellore_vaniyambadi,Tomato,Local,FAQ,1937,2514,2247,172.98,14 Mar 2025
1081,Vellore,vellore_arakkonam,Tomato,Local,FAQ,1902,2300,2096,141.58,14 Mar 2026
1082,Vellore,vellore_gudiyatham,Tomato,Local,FAQ,2617,3096,2850,107.57,14 Mar 2026
1083,Vellore,vellore_market,Tomato,Local,FAQ,2605,3024,2814,94.56,14 Mar 2026
1084,Vellore,vellore_vaniyambadi,Tomato,Local,FAQ,2174,2573,2358,136.24,14 Mar 2026
1085,Vellore,vellore_arakkonam,Tomato,Local,FAQ,2142,2686,2396,79.4,14 May 2025
1086,Vellore,vellore_gudiyatham,Tomato,Local,FAQ,1959,2455,2272,72.09,14 May 2025
1087,Vellore,vellore_market,Tomato,Local,FAQ,2166,2517,2344,59.06,14 May 2025
1088,Vellore,vellore_vaniyambadi,Tomato,Local,FAQ,1718,2241,1996,114.34,14 May 2025
1089,Vellore,vellore_arakkonam,Tomato,Local,FAQ,1661,2061,1835,122.44,14 May 2026
1090,Vellore,vellore_gudiyatham,Tomato,Local,FAQ,1624,1882,1757,133.82,14 May 2026
1091,Vellore,vellore_market,Tomato,Local,FAQ,1679,2083,1928,95.67,14 May 2026
1092,Vellore,vellore_vaniyambadi,Tomato,Local,FAQ,1772,2265,1991,94.01,14 May 2026
1093,Vellore,vellore_arakkonam,Tomato,Local,FAQ,1378,1723,1523,144.11,14 Nov 2025
1094,Vellore,vellore_gudiyatham,Tomato,Local,FAQ,1420,1775,1589,122.57,14 Nov 2025
1095,Vellore,vellore_market,Tomato,Local,FAQ,1569,2018,1784,85.83,14 Nov 2025
1096,Vellore,vellore_vaniyambadi,Tomato,Local,FAQ,1507,1921,1727,92.69,14 Nov 2025
1097,Vellore,vellore_arakkonam,Tomato,Local,FAQ,1191,1541,1358,118.54,14 Oct 2025
1098,Vellore,vellore_gudiyatham,Tomato,Local,FAQ,1291,1591,1393,118.96,14 Oct 2025
1099,Vellore,vellore_market,Tomato,Local,FAQ,1221,1594,1409,83.64,14 Oct 2025
1100,Vellore,vellore_vaniyambadi,Tomato,Local,FAQ,1150,1395,1303,114.02,14 Oct 2025
1101,Vellore,vellore_arakkonam,Tomato,Local,FAQ,1618,2002,1762,52.18,14 Sep 2025
1102,Vellore,vellore_gudiyatham,Tomato,Local,FAQ,1129,1486,1299,93.39,14 Sep 2025
1103,Vellore,vellore_market,Tomato,Local,FAQ,1279,1527,1412,59.5,14 Sep 2025
1104,Vellore,vellore_vaniyambadi,Tomato,Local,FAQ,1104,1457,1272,96.28,14 Sep 2025
1105,Vellore,vellore_arakkonam,Tomato,Local,FAQ,1606,2053,1804,189.16,15 Apr 2025
1106,Vellore,vellore_gudiyatham,Tomato,Local,FAQ,2008,2442,2245,122.21,15 Apr 2025
1107,Vellore,vellore_market,Tomato,Local,FAQ,2565,3080,2871,74.16,15 Apr 2025
1108,Vellore,vellore_vaniyambadi,Tomato,Local,FAQ,2361,2958,2589,97.15,15 Apr 2025
1109,Vellore,vellore_arakkonam,Tomato,Local,FAQ,2430,2942,2680,95.94,15 Apr 2026
1110,Vellore,vellore_gudiyatham,Tomato,Local,FAQ,2275,2921,2593,95.78,15 Apr 2026
1111,Vellore,vellore_market,Tomato,Local,FAQ,2058,2651,2368,86.04,15 Apr 2026
1112,Vellore,vellore_vaniyambadi,Tomato,Local,FAQ,1709,2165,1918,184.28,15 Apr 2026
1113,Vellore,vellore_arakkonam,Tomato,Local,FAQ,981,1233,1086,100.89,15 Aug 2025
1114,Vellore,vellore_gudiyatham,Tomato,Local,FAQ,1301,1588,1443,70.94,15 Aug 2025
1115,Vellore,vellore_market,Tomato,Local,FAQ,1207,1509,1343,67.52,15 Aug 2025
1116,Vellore,vellore_vaniyambadi,Tomato,Local,FAQ,953,1165,1075,124.02,15 Aug 2025
1117,Vellore,vellore_arakkonam,Tomato,Local,FAQ,1186,1488,1296,259.51,15 Dec 2025
1118,Vellore,vellore_gudiyatham,Tomato,Local,FAQ,1879,2270,2088,107.02,15 Dec 2025
1119,Vellore,vellore_market,Tomato,Local,FAQ,1937,2447,2175,84.05,15 Dec 2025
1120,Vellore,vellore_vaniyambadi,Tomato,Local,FAQ,1963,2411,2139,124.75,15 Dec 2025
1121,Vellore,vellore_arakkonam,Tomato,Local,FAQ,1849,2269,2019,168.99,15 Feb 2025
1122,Vellore,vellore_gudiyatham,Tomato,Local,FAQ,2822,3656,3246,85.82,15 Feb 2025
1123,Vellore,vellore_market,Tomato,Local,FAQ,2272,2899,2625,101.23,15 Feb 2025
1124,Vellore,vellore_vaniyambadi,Tomato,Local,FAQ,2267,2761,2448,133.21,15 Feb 2025
1125,Vellore,vellore_arakkonam,Tomato,Local,FAQ,2065,2644,2386,159.03,15 Feb 2026
1126,Vellore,vellore_gudiyatham,Tomato,Local,FAQ,2438,2981,2693,109.62,15 Feb 2026
1127,Vellore,vellore_market,Tomato,Local,FAQ,2316,2906,2634,106.85,15 Feb 2026
1128,Vellore,vellore_vaniyambadi,Tomato,Local,FAQ,1393,1738,1580,274.29,15 Feb 2026
1129,Vellore,vellore_arakkonam,Tomato,Local,FAQ,1956,2296,2144,141.54,15 Jan 2025
1130,Vellore,vellore_gudiyatham,Tomato,Local,FAQ,2267,2770,2507,119.04,15 Jan 2025
1131,Vellore,vellore_market,Tomato,Local,FAQ,1930,2291,2083,136.66,15 Jan 2025
1132,Vellore,vellore_vaniyambadi,Tomato,Local,FAQ,2328,2697,2510,108.76,15 Jan 2025
1133,Vellore,vellore_arakkonam,Tomato,Local,FAQ,1816,2350,2081,164.74,15 Jan 2026
1134,Vellore,vellore_gudiyatham,Tomato,Local,FAQ,1925,2507,2220,135.21,15 Jan 2026
1135,Vellore,vellore_market,Tomato,Local,FAQ,2290,2785,2513,92.95,15 Jan 2026
1136,Vellore,vellore_vaniyambadi,Tomato,Local,FAQ,1976,2458,2151,153.12,15 Jan 2026
1137,Vellore,vellore_arakkonam,Tomato,Local,FAQ,1377,1822,1601,74.04,15 Jul 2025
1138,Vellore,vellore_gudiyatham,Tomato,Local,FAQ,1216,1553,1376,93.78,15 Jul 2025
1139,Vellore,vellore_market,Tomato,Local,FAQ,1240,1521,1373,70.76,15 Jul 2025
1140,Vellore,vellore_vaniyambadi,Tomato,Local,FAQ,1018,1291,1136,118.13,15 Jul 2025
1141,Vellore,vellore_arakkonam,Tomato,Local,FAQ,1263,1509,1403,115.04,15 Jul 2026
1142,Vellore,vellore_gudiyatham,Tomato,Local,FAQ,1130,1449,1282,96.9,15 Jul 2026
1143,Vellore,vellore_market,Tomato,Local,FAQ,1175,1421,1270,80.01,15 Jul 2026
1144,Vellore,vellore_vaniyambadi,Tomato,Local,FAQ,1903,2254,2069,106.27,15 Jul 2026
1145,Vellore,vellore_arakkonam,Tomato,Local,FAQ,1232,1537,1415,115.11,15 Jun 2025
1146,Vellore,vellore_gudiyatham,Tomato,Local,FAQ,1538,1914,1784,97.95,15 Jun 2025
1147,Vellore,vellore_market,Tomato,Local,FAQ,1596,1949,1749,69.59,15 Jun 2025
1148,Vellore,vellore_vaniyambadi,Tomato,Local,FAQ,1550,1907,1701,84.3,15 Jun 2025
1149,Vellore,vellore_arakkonam,Tomato,Local,FAQ,1648,2077,1870,81.12,15 Jun 2026
1150,Vellore,vellore_gudiyatham,Tomato,Local,FAQ,1898,2321,2139,68.17,15 Jun 2026
1151,Vellore,vellore_market,Tomato,Local,FAQ,1581,2010,1749,70.19,15 Jun 2026
1152,Vellore,vellore_vaniyambadi,Tomato,Local,FAQ,2168,2662,2392,82.46,15 Jun 2026
1153,Vellore,vellore_arakkonam,Tomato,Local,FAQ,2062,2467,2273,156.49,15 Mar 2025
1154,Vellore,vellore_gudiyatham,Tomato,Local,FAQ,2513,3243,2832,104.12,15 Mar 2025
1155,Vellore,vellore_market,Tomato,Local,FAQ,2384,3108,2747,84.3,15 Mar 2025
1156,Vellore,vellore_vaniyambadi,Tomato,Local,FAQ,2069,2587,2263,155.89,15 Mar 2025
1157,Vellore,vellore_arakkonam,Tomato,Local,FAQ,1925,2448,2212,125.61,15 Mar 2026
1158,Vellore,vellore_gudiyatham,Tomato,Local,FAQ,2389,3181,2777,124.89,15 Mar 2026
1159,Vellore,vellore_market,Tomato,Local,FAQ,2048,2472,2236,140.96,15 Mar 2026
1160,Vellore,vellore_vaniyambadi,Tomato,Local,FAQ,1698,2176,1964,185.0,15 Mar 2026
1161,Vellore,vellore_arakkonam,Tomato,Local,FAQ,1930,2286,2126,99.63,15 May 2025
1162,Vellore,vellore_gudiyatham,Tomato,Local,FAQ,1605,2056,1831,102.21,15 May 2025
1163,Vellore,vellore_market,Tomato,Local,FAQ,1616,2136,1878,89.24,15 May 2025
1164,Vellore,vellore_vaniyambadi,Tomato,Local,FAQ,1932,2324,2083,98.35,15 May 2025
1165,Vellore,vellore_arakkonam,Tomato,Local,FAQ,1968,2429,2186,91.52,15 May 2026
1166,Vellore,vellore_gudiyatham,Tomato,Local,FAQ,1826,2279,2052,107.38,15 May 2026
1167,Vellore,vellore_market,Tomato,Local,FAQ,2207,2768,2441,63.2,15 May 2026
1168,Vellore,vellore_vaniyambadi,Tomato,Local,FAQ,1866,2203,2022,103.1,15 May 2026
1169,Vellore,vellore_arakkonam,Tomato,Local,FAQ,1609,1944,1732,118.7,15 Nov 2025
1170,Vellore,vellore_gudiyatham,Tomato,Local,FAQ,1221,1490,1378,156.06,15 Nov 2025
1171,Vellore,vellore_market,Tomato,Local,FAQ,1279,1500,1386,144.6,15 Nov 2025
1172,Vellore,vellore_vaniyambadi,Tomato,Local,FAQ,1273,1583,1401,139.3,15 Nov 2025
1173,Vellore,vellore_arakkonam,Tomato,Local,FAQ,1375,1744,1581,82.57,15 Oct 2025
1174,Vellore,vellore_gudiyatham,Tomato,Local,FAQ,1191,1408,1312,131.93,15 Oct 2025
1175,Vellore,vellore_market,Tomato,Local,FAQ,1191,1477,1337,91.86,15 Oct 2025
1176,Vellore,vellore_vaniyambadi,Tomato,Local,FAQ,1097,1375,1218,128.41,15 Oct 2025
1177,Vellore,vellore_arakkonam,Tomato,Local,FAQ,1386,1633,1522,72.11,15 Sep 2025
1178,Vellore,vellore_gudiyatham,Tomato,Local,FAQ,1263,1580,1379,86.76,15 Sep 2025
1179,Vellore,vellore_market,Tomato,Local,FAQ,1117,1424,1290,73.83,15 Sep 2025
1180,Vellore,vellore_vaniyambadi,Tomato,Local,FAQ,1290,1685,1485,75.21,15 Sep 2025
1181,Vellore,vellore_arakkonam,Tomato,Local,FAQ,1889,2372,2150,130.11,16 Apr 2025
1182,Vellore,vellore_gudiyatham,Tomato,Local,FAQ,2442,3046,2730,94.01,16 Apr 2025
1183,Vellore,vellore_market,Tomato,Local,FAQ,2211,2785,2551,88.72,16 Apr 2025
1184,Vellore,vellore_vaniyambadi,Tomato,Local,FAQ,1832,2270,2103,134.46,16 Apr 2025
1185,Vellore,vellore_arakkonam,Tomato,Local,FAQ,1981,2625,2288,139.02,16 Apr 2026
1186,Vellore,vellore_gudiyatham,Tomato,Local,FAQ,1928,2532,2233,118.34,16 Apr 2026
1187,Vellore,vellore_market,Tomato,Local,FAQ,1917,2415,2171,97.04,16 Apr 2026
1188,Vellore,vellore_vaniyambadi,Tomato,Local,FAQ,1850,2240,2051,151.48,16 Apr 2026
1189,Vellore,vellore_arakkonam,Tomato,Local,FAQ,1437,1721,1547,51.23,16 Aug 2025
1190,Vellore,vellore_gudiyatham,Tomato,Local,FAQ,1218,1548,1401,80.15,16 Aug 2025
1191,Vellore,vellore_market,Tomato,Local,FAQ,1375,1704,1541,49.63,16 Aug 2025
1192,Vellore,vellore_vaniyambadi,Tomato,Local,FAQ,1281,1674,1481,65.77,16 Aug 2025
1193,Vellore,vellore_arakkonam,Tomato,Local,FAQ,1638,2004,1851,145.89,16 Dec 2025
1194,Vellore,vellore_gudiyatham,Tomato,Local,FAQ,1376,1721,1561,186.57,16 Dec 2025
1195,Vellore,vellore_market,Tomato,Local,FAQ,1988,2491,2203,81.43,16 Dec 2025
1196,Vellore,vellore_vaniyambadi,Tomato,Local,FAQ,1916,2252,2080,138.26,16 Dec 2025
1197,Vellore,vellore_arakkonam,Tomato,Local,FAQ,1910,2362,2190,151.55,16 Feb 2025
1198,Vellore,vellore_gudiyatham,Tomato,Local,FAQ,2246,2843,2559,141.61,16 Feb 2025
1199,Vellore,vellore_market,Tomato,Local,FAQ,2593,3060,2833,87.23,16 Feb 2025
1200,Vellore,vellore_vaniyambadi,Tomato,Local,FAQ,2039,2466,2197,154.72,16 Feb 2025
1201,Vellore,vellore_arakkonam,Tomato,Local,FAQ,2187,2784,2476,145.68,16 Feb 2026
1202,Vellore,vellore_gudiyatham,Tomato,Local,FAQ,1900,2499,2177,158.45,16 Feb 2026
1203,Vellore,vellore_market,Tomato,Local,FAQ,2189,2828,2496,122.76,16 Feb 2026
1204,Vellore,vellore_vaniyambadi,Tomato,Local,FAQ,1938,2403,2201,153.12,16 Feb 2026
1205,Vellore,vellore_arakkonam,Tomato,Local,FAQ,2026,2461,2299,130.18,16 Jan 2025
1206,Vellore,vellore_gudiyatham,Tomato,Local,FAQ,2249,2807,2460,121.19,16 Jan 2025
1207,Vellore,vellore_market,Tomato,Local,FAQ,2329,2935,2643,82.34,16 Jan 2025
1208,Vellore,vellore_vaniyambadi,Tomato,Local,FAQ,1551,1878,1726,202.64,16 Jan 2025
1209,Vellore,vellore_arakkonam,Tomato,Local,FAQ,1754,2161,1908,188.57,16 Jan 2026
1210,Vellore,vellore_gudiyatham,Tomato,Local,FAQ,1690,2214,1947,178.81,16 Jan 2026
1211,Vellore,vellore_market,Tomato,Local,FAQ,1655,2019,1874,169.56,16 Jan 2026
1212,Vellore,vellore_vaniyambadi,Tomato,Local,FAQ,1644,2103,1873,195.85,16 Jan 2026
1213,Vellore,vellore_arakkonam,Tomato,Local,FAQ,1198,1493,1335,101.05,16 Jul 2025
1214,Vellore,vellore_gudiyatham,Tomato,Local,FAQ,1452,1819,1587,73.79,16 Jul 2025
1215,Vellore,vellore_market,Tomato,Local,FAQ,1370,1795,1570,55.12,16 Jul 2025
1216,Vellore,vellore_vaniyambadi,Tomato,Local,FAQ,1343,1631,1448,78.99,16 Jul 2025
1217,Vellore,vellore_arakkonam,Tomato,Local,FAQ,1590,1965,1715,79.87,16 Jul 2026
1218,Vellore,vellore_gudiyatham,Tomato,Local,FAQ,1370,1615,1495,76.17,16 Jul 2026
1219,Vellore,vellore_market,Tomato,Local,FAQ,1239,1500,1371,73.69,16 Jul 2026
1220,Vellore,vellore_vaniyambadi,Tomato,Local,FAQ,1824,2245,2068,85.79,16 Jul 2026
1221,Vellore,vellore_arakkonam,Tomato,Local,FAQ,1657,2029,1784,74.01,16 Jun 2025
1222,Vellore,vellore_gudiyatham,Tomato,Local,FAQ,1794,2267,1979,80.79,16 Jun 2025
1223,Vellore,vellore_market,Tomato,Local,FAQ,1543,1873,1681,71.14,16 Jun 2025
1224,Vellore,vellore_vaniyambadi,Tomato,Local,FAQ,1278,1536,1423,114.2,16 Jun 2025
1225,Vellore,vellore_arakkonam,Tomato,Local,FAQ,1353,1652,1490,121.39,16 Jun 2026
1226,Vellore,vellore_gudiyatham,Tomato,Local,FAQ,1664,2048,1869,90.78,16 Jun 2026
1227,Vellore,vellore_market,Tomato,Local,FAQ,1636,2135,1888,56.01,16 Jun 2026
1228,Vellore,vellore_vaniyambadi,Tomato,Local,FAQ,2160,2690,2392,88.7,16 Jun 2026
1229,Vellore,vellore_arakkonam,Tomato,Local,FAQ,2497,3144,2848,106.41,16 Mar 2025
1230,Vellore,vellore_gudiyatham,Tomato,Local,FAQ,2237,2669,2463,142.18,16 Mar 2025
1231,Vellore,vellore_market,Tomato,Local,FAQ,2134,2632,2392,114.05,16 Mar 2025
1232,Vellore,vellore_vaniyambadi,Tomato,Local,FAQ,1696,2131,1914,190.1,16 Mar 2025
1233,Vellore,vellore_arakkonam,Tomato,Local,FAQ,1942,2368,2157,150.13,16 Mar 2026
1234,Vellore,vellore_gudiyatham,Tomato,Local,FAQ,2012,2580,2307,165.24,16 Mar 2026
1235,Vellore,vellore_market,Tomato,Local,FAQ,2183,2755,2449,128.66,16 Mar 2026
1236,Vellore,vellore_vaniyambadi,Tomato,Local,FAQ,1929,2324,2152,146.03,16 Mar 2026
1237,Vellore,vellore_arakkonam,Tomato,Local,FAQ,1874,2231,2041,101.9,16 May 2025
1238,Vellore,vellore_gudiyatham,Tomato,Local,FAQ,1536,2038,1773,110.48,16 May 2025
1239,Vellore,vellore_market,Tomato,Local,FAQ,1864,2294,2039,75.62,16 May 2025
1240,Vellore,vellore_vaniyambadi,Tomato,Local,FAQ,1759,2115,1911,116.88,16 May 2025
1241,Vellore,vellore_arakkonam,Tomato,Local,FAQ,1846,2405,2145,95.48,16 May 2026
1242,Vellore,vellore_gudiyatham,Tomato,Local,FAQ,1915,2216,2070,112.97,16 May 2026
1243,Vellore,vellore_market,Tomato,Local,FAQ,2206,2773,2472,60.17,16 May 2026
1244,Vellore,vellore_vaniyambadi,Tomato,Local,FAQ,1575,2031,1795,126.7,16 May 2026
1245,Vellore,vellore_arakkonam,Tomato,Local,FAQ,1328,1706,1487,145.98,16 Nov 2025
1246,Vellore,vellore_gudiyatham,Tomato,Local,FAQ,1195,1495,1333,166.87,16 Nov 2025
1247,Vellore,vellore_market,Tomato,Local,FAQ,1701,2176,1930,76.69,16 Nov 2025
1248,Vellore,vellore_vaniyambadi,Tomato,Local,FAQ,1371,1707,1515,133.93,16 Nov 2025
1249,Vellore,vellore_arakkonam,Tomato,Local,FAQ,1080,1301,1165,148.05,16 Oct 2025
1250,Vellore,vellore_gudiyatham,Tomato,Local,FAQ,1580,1919,1761,79.42,16 Oct 2025
1251,Vellore,vellore_market,Tomato,Local,FAQ,1307,1629,1441,89.07,16 Oct 2025
1252,Vellore,vellore_vaniyambadi,Tomato,Local,FAQ,1173,1460,1313,129.03,16 Oct 2025
1253,Vellore,vellore_arakkonam,Tomato,Local,FAQ,1106,1378,1285,102.72,16 Sep 2025
1254,Vellore,vellore_gudiyatham,Tomato,Local,FAQ,942,1171,1055,139.59,16 Sep 2025
1255,Vellore,vellore_market,Tomato,Local,FAQ,1142,1406,1297,70.6,16 Sep 2025
1256,Vellore,vellore_vaniyambadi,Tomato,Local,FAQ,1131,1461,1286,95.75,16 Sep 2025
1257,Vellore,vellore_arakkonam,Tomato,Local,FAQ,2350,2753,2551,98.96,17 Apr 2025
1258,Vellore,vellore_gudiyatham,Tomato,Local,FAQ,2086,2704,2352,113.11,17 Apr 2025
1259,Vellore,vellore_market,Tomato,Local,FAQ,2119,2621,2299,98.45,17 Apr 2025
1260,Vellore,vellore_vaniyambadi,Tomato,Local,FAQ,1991,2449,2178,123.75,17 Apr 2025
1261,Vellore,vellore_arakkonam,Tomato,Local,FAQ,1948,2453,2220,140.74,17 Apr 2026
1262,Vellore,vellore_gudiyatham,Tomato,Local,FAQ,2316,2925,2584,90.45,17 Apr 2026
1263,Vellore,vellore_market,Tomato,Local,FAQ,1680,2076,1823,134.28,17 Apr 2026
1264,Vellore,vellore_vaniyambadi,Tomato,Local,FAQ,2123,2665,2404,114.44,17 Apr 2026
1265,Vellore,vellore_arakkonam,Tomato,Local,FAQ,1353,1666,1493,59.57,17 Aug 2025
1266,Vellore,vellore_gudiyatham,Tomato,Local,FAQ,1252,1662,1447,71.96,17 Aug 2025
1267,Vellore,vellore_market,Tomato,Local,FAQ,1006,1266,1143,85.54,17 Aug 2025
1268,Vellore,vellore_vaniyambadi,Tomato,Local,FAQ,889,1082,973,146.66,17 Aug 2025
1269,Vellore,vellore_arakkonam,Tomato,Local,FAQ,1850,2390,2085,128.91,17 Dec 2025
1270,Vellore,vellore_gudiyatham,Tomato,Local,FAQ,1707,2173,1894,139.14,17 Dec 2025
1271,Vellore,vellore_market,Tomato,Local,FAQ,1586,2066,1832,112.05,17 Dec 2025
1272,Vellore,vellore_vaniyambadi,Tomato,Local,FAQ,1934,2435,2228,129.49,17 Dec 2025
1273,Vellore,vellore_arakkonam,Tomato,Local,FAQ,1534,1914,1774,210.55,17 Feb 2025
1274,Vellore,vellore_gudiyatham,Tomato,Local,FAQ,2792,3463,3054,99.12,17 Feb 2025
1275,Vellore,vellore_market,Tomato,Local,FAQ,1729,2154,1965,165.79,17 Feb 2025
1276,Vellore,vellore_vaniyambadi,Tomato,Local,FAQ,1985,2559,2248,150.47,17 Feb 2025
1277,Vellore,vellore_arakkonam,Tomato,Local,FAQ,2498,3056,2836,113.25,17 Feb 2026
1278,Vellore,vellore_gudiyatham,Tomato,Local,FAQ,2067,2493,2255,138.83,17 Feb 2026
1279,Vellore,vellore_market,Tomato,Local,FAQ,2700,3191,2945,96.92,17 Feb 2026
1280,Vellore,vellore_vaniyambadi,Tomato,Local,FAQ,2065,2572,2293,138.51,17 Feb 2026
1281,Vellore,vellore_arakkonam,Tomato,Local,FAQ,2019,2446,2185,146.86,17 Jan 2025
1282,Vellore,vellore_gudiyatham,Tomato,Local,FAQ,1833,2191,2038,172.91,17 Jan 2025
1283,Vellore,vellore_market,Tomato,Local,FAQ,1996,2500,2233,111.69,17 Jan 2025
1284,Vellore,vellore_vaniyambadi,Tomato,Local,FAQ,1577,1888,1750,192.71,17 Jan 2025
1285,Vellore,vellore_arakkonam,Tomato,Local,FAQ,2079,2564,2323,127.7,17 Jan 2026
1286,Vellore,vellore_gudiyatham,Tomato,Local,FAQ,1991,2468,2288,134.09,17 Jan 2026
1287,Vellore,vellore_market,Tomato,Local,FAQ,2317,2927,2550,103.81,17 Jan 2026
1288,Vellore,vellore_vaniyambadi,Tomato,Local,FAQ,2076,2522,2293,144.56,17 Jan 2026
1289,Vellore,vellore_arakkonam,Tomato,Local,FAQ,1157,1474,1307,100.32,17 Jul 2025
1290,Vellore,vellore_gudiyatham,Tomato,Local,FAQ,1643,2097,1879,49.67,17 Jul 2025
1291,Vellore,vellore_market,Tomato,Local,FAQ,1452,1681,1567,53.92,17 Jul 2025
1292,Vellore,vellore_vaniyambadi,Tomato,Local,FAQ,1417,1677,1563,71.89,17 Jul 2025
1293,Vellore,vellore_arakkonam,Tomato,Local,FAQ,1599,1975,1746,79.54,17 Jul 2026
1294,Vellore,vellore_gudiyatham,Tomato,Local,FAQ,1577,1939,1754,57.92,17 Jul 2026
1295,Vellore,vellore_market,Tomato,Local,FAQ,1595,1951,1729,49.91,17 Jul 2026
1296,Vellore,vellore_vaniyambadi,Tomato,Local,FAQ,1897,2273,2048,98.27,17 Jul 2026
1297,Vellore,vellore_arakkonam,Tomato,Local,FAQ,1281,1532,1402,115.14,17 Jun 2025
1298,Vellore,vellore_gudiyatham,Tomato,Local,FAQ,1742,2185,1921,85.71,17 Jun 2025
1299,Vellore,vellore_market,Tomato,Local,FAQ,1674,2054,1914,56.03,17 Jun 2025
1300,Vellore,vellore_vaniyambadi,Tomato,Local,FAQ,1739,2232,1955,71.73,17 Jun 2025
1301,Vellore,vellore_arakkonam,Tomato,Local,FAQ,1493,1954,1716,98.01,17 Jun 2026
1302,Vellore,vellore_gudiyatham,Tomato,Local,FAQ,1865,2332,2133,64.61,17 Jun 2026
1303,Vellore,vellore_market,Tomato,Local,FAQ,1573,1912,1692,75.08,17 Jun 2026
1304,Vellore,vellore_vaniyambadi,Tomato,Local,FAQ,2083,2637,2392,93.79,17 Jun 2026
1305,Vellore,vellore_arakkonam,Tomato,Local,FAQ,2005,2394,2212,165.46,17 Mar 2025
1306,Vellore,vellore_gudiyatham,Tomato,Local,FAQ,2512,3057,2809,105.07,17 Mar 2025
1307,Vellore,vellore_market,Tomato,Local,FAQ,2333,2878,2548,102.43,17 Mar 2025
1308,Vellore,vellore_vaniyambadi,Tomato,Local,FAQ,2187,2638,2357,131.35,17 Mar 2025
1309,Vellore,vellore_arakkonam,Tomato,Local,FAQ,1937,2498,2195,154.33,17 Mar 2026
1310,Vellore,vellore_gudiyatham,Tomato,Local,FAQ,2494,3085,2713,112.72,17 Mar 2026
1311,Vellore,vellore_market,Tomato,Local,FAQ,2667,3118,2869,98.33,17 Mar 2026
1312,Vellore,vellore_vaniyambadi,Tomato,Local,FAQ,1682,2158,1925,182.33,17 Mar 2026
1313,Vellore,vellore_arakkonam,Tomato,Local,FAQ,1836,2308,2037,92.88,17 May 2025
1314,Vellore,vellore_gudiyatham,Tomato,Local,FAQ,1842,2276,2111,76.35,17 May 2025
1315,Vellore,vellore_market,Tomato,Local,FAQ,1911,2354,2118,74.89,17 May 2025
1316,Vellore,vellore_vaniyambadi,Tomato,Local,FAQ,1529,1862,1725,136.98,17 May 2025
1317,Vellore,vellore_arakkonam,Tomato,Local,FAQ,2065,2618,2295,90.13,17 May 2026
1318,Vellore,vellore_gudiyatham,Tomato,Local,FAQ,1890,2340,2144,101.3,17 May 2026
1319,Vellore,vellore_market,Tomato,Local,FAQ,1865,2370,2081,77.99,17 May 2026
1320,Vellore,vellore_vaniyambadi,Tomato,Local,FAQ,1685,2026,1847,121.48,17 May 2026
1321,Vellore,vellore_arakkonam,Tomato,Local,FAQ,1122,1454,1279,176.35,17 Nov 2025
1322,Vellore,vellore_gudiyatham,Tomato,Local,FAQ,1634,2035,1869,98.27,17 Nov 2025
1323,Vellore,vellore_market,Tomato,Local,FAQ,1342,1746,1544,118.67,17 Nov 2025
1324,Vellore,vellore_vaniyambadi,Tomato,Local,FAQ,1377,1788,1594,115.19,17 Nov 2025
1325,Vellore,vellore_arakkonam,Tomato,Local,FAQ,1086,1388,1234,132.84,17 Oct 2025
1326,Vellore,vellore_gudiyatham,Tomato,Local,FAQ,1391,1741,1530,107.26,17 Oct 2025
1327,Vellore,vellore_market,Tomato,Local,FAQ,1405,1771,1618,73.09,17 Oct 2025
1328,Vellore,vellore_vaniyambadi,Tomato,Local,FAQ,1084,1405,1237,143.04,17 Oct 2025
1329,Vellore,vellore_arakkonam,Tomato,Local,FAQ,938,1199,1048,139.87,17 Sep 2025
1330,Vellore,vellore_gudiyatham,Tomato,Local,FAQ,1247,1565,1426,82.98,17 Sep 2025
1331,Vellore,vellore_market,Tomato,Local,FAQ,1233,1496,1379,60.88,17 Sep 2025
1332,Vellore,vellore_vaniyambadi,Tomato,Local,FAQ,992,1292,1127,119.45,17 Sep 2025
1333,Vellore,vellore_arakkonam,Tomato,Local,FAQ,1550,1909,1765,190.4,18 Apr 2025
1334,Vellore,vellore_gudiyatham,Tomato,Local,FAQ,2626,3125,2878,80.34,18 Apr 2025
1335,Vellore,vellore_market,Tomato,Local,FAQ,1918,2289,2133,114.01,18 Apr 2025
1336,Vellore,vellore_vaniyambadi,Tomato,Local,FAQ,2107,2587,2297,105.64,18 Apr 2025
1337,Vellore,vellore_arakkonam,Tomato,Local,FAQ,1767,2277,1983,164.71,18 Apr 2026
1338,Vellore,vellore_gudiyatham,Tomato,Local,FAQ,2201,2555,2376,109.55,18 Apr 2026
1339,Vellore,vellore_market,Tomato,Local,FAQ,1680,2150,1940,114.99,18 Apr 2026
1340,Vellore,vellore_vaniyambadi,Tomato,Local,FAQ,2014,2498,2298,123.53,18 Apr 2026
1341,Vellore,vellore_arakkonam,Tomato,Local,FAQ,1120,1302,1207,88.29,18 Aug 2025
1342,Vellore,vellore_gudiyatham,Tomato,Local,FAQ,1350,1728,1565,59.03,18 Aug 2025
1343,Vellore,vellore_market,Tomato,Local,FAQ,1064,1340,1234,70.3,18 Aug 2025
1344,Vellore,vellore_vaniyambadi,Tomato,Local,FAQ,1325,1693,1519,70.66,18 Aug 2025
1345,Vellore,vellore_arakkonam,Tomato,Local,FAQ,1766,2143,1975,141.56,18 Dec 2025
1346,Vellore,vellore_gudiyatham,Tomato,Local,FAQ,1799,2272,2086,114.53,18 Dec 2025
1347,Vellore,vellore_market,Tomato,Local,FAQ,1325,1590,1449,163.34,18 Dec 2025
1348,Vellore,vellore_vaniyambadi,Tomato,Local,FAQ,1798,2190,1996,141.76,18 Dec 2025
1349,Vellore,vellore_arakkonam,Tomato,Local,FAQ,1971,2387,2191,145.93,18 Feb 2025
1350,Vellore,vellore_gudiyatham,Tomato,Local,FAQ,2172,2762,2413,139.25,18 Feb 2025
1351,Vellore,vellore_market,Tomato,Local,FAQ,2177,2732,2494,105.17,18 Feb 2025
1352,Vellore,vellore_vaniyambadi,Tomato,Local,FAQ,2450,3162,2841,102.04,18 Feb 2025
1353,Vellore,vellore_arakkonam,Tomato,Local,FAQ,2810,3358,3063,93.4,18 Feb 2026
1354,Vellore,vellore_gudiyatham,Tomato,Local,FAQ,2126,2622,2446,139.08,18 Feb 2026
1355,Vellore,vellore_market,Tomato,Local,FAQ,2462,3242,2856,99.93,18 Feb 2026
1356,Vellore,vellore_vaniyambadi,Tomato,Local,FAQ,1615,2030,1818,220.8,18 Feb 2026
1357,Vellore,vellore_arakkonam,Tomato,Local,FAQ,1771,2191,2030,187.94,18 Jan 2025
1358,Vellore,vellore_gudiyatham,Tomato,Local,FAQ,1860,2221,2038,168.4,18 Jan 2025
1359,Vellore,vellore_market,Tomato,Local,FAQ,2094,2545,2263,113.43,18 Jan 2025
1360,Vellore,vellore_vaniyambadi,Tomato,Local,FAQ,1561,2030,1766,188.88,18 Jan 2025
1361,Vellore,vellore_arakkonam,Tomato,Local,FAQ,1552,1819,1696,208.78,18 Jan 2026
1362,Vellore,vellore_gudiyatham,Tomato,Local,FAQ,2149,2744,2479,121.01,18 Jan 2026
1363,Vellore,vellore_market,Tomato,Local,FAQ,1928,2374,2079,138.26,18 Jan 2026
1364,Vellore,vellore_vaniyambadi,Tomato,Local,FAQ,2557,3144,2905,98.68,18 Jan 2026
1365,Vellore,vellore_arakkonam,Tomato,Local,FAQ,1340,1622,1448,85.14,18 Jul 2025
1366,Vellore,vellore_gudiyatham,Tomato,Local,FAQ,992,1242,1093,129.14,18 Jul 2025
1367,Vellore,vellore_market,Tomato,Local,FAQ,1706,2056,1885,39.59,18 Jul 2025
1368,Vellore,vellore_vaniyambadi,Tomato,Local,FAQ,1166,1527,1345,87.12,18 Jul 2025
1369,Vellore,vellore_arakkonam,Tomato,Local,FAQ,1485,1956,1713,78.21,18 Jul 2026
1370,Vellore,vellore_gudiyatham,Tomato,Local,FAQ,1275,1673,1482,77.41,18 Jul 2026
1371,Vellore,vellore_market,Tomato,Local,FAQ,1684,2064,1823,48.32,18 Jul 2026
1372,Vellore,vellore_vaniyambadi,Tomato,Local,FAQ,1835,2206,2023,87.66,18 Jul 2026
1373,Vellore,vellore_arakkonam,Tomato,Local,FAQ,1553,1950,1723,80.74,18 Jun 2025
1374,Vellore,vellore_gudiyatham,Tomato,Local,FAQ,2019,2494,2231,68.09,18 Jun 2025
1375,Vellore,vellore_market,Tomato,Local,FAQ,1569,1975,1798,63.89,18 Jun 2025
1376,Vellore,vellore_vaniyambadi,Tomato,Local,FAQ,1404,1784,1625,99.92,18 Jun 2025
1377,Vellore,vellore_arakkonam,Tomato,Local,FAQ,1450,1804,1577,110.51,18 Jun 2026
1378,Vellore,vellore_gudiyatham,Tomato,Local,FAQ,1977,2377,2134,67.67,18 Jun 2026
1379,Vellore,vellore_market,Tomato,Local,FAQ,1773,2237,1965,56.73,18 Jun 2026
1380,Vellore,vellore_vaniyambadi,Tomato,Local,FAQ,2088,2747,2390,147.27,18 Jun 2026
1381,Vellore,vellore_arakkonam,Tomato,Local,FAQ,2076,2473,2292,149.56,18 Mar 2025
1382,Vellore,vellore_gudiyatham,Tomato,Local,FAQ,2470,3071,2722,110.56,18 Mar 2025
1383,Vellore,vellore_market,Tomato,Local,FAQ,1951,2355,2106,126.18,18 Mar 2025
1384,Vellore,vellore_vaniyambadi,Tomato,Local,FAQ,2089,2415,2252,142.59,18 Mar 2025
1385,Vellore,vellore_arakkonam,Tomato,Local,FAQ,1992,2421,2205,153.52,18 Mar 2026
1386,Vellore,vellore_gudiyatham,Tomato,Local,FAQ,2446,3213,2806,100.68,18 Mar 2026
1387,Vellore,vellore_market,Tomato,Local,FAQ,1811,2147,1952,167.95,18 Mar 2026
1388,Vellore,vellore_vaniyambadi,Tomato,Local,FAQ,2438,3141,2787,96.83,18 Mar 2026
1389,Vellore,vellore_arakkonam,Tomato,Local,FAQ,1661,2119,1872,108.51,18 May 2025
1390,Vellore,vellore_gudiyatham,Tomato,Local,FAQ,1698,2172,1925,94.34,18 May 2025
1391,Vellore,vellore_market,Tomato,Local,FAQ,1910,2243,2096,69.8,18 May 2025
1392,Vellore,vellore_vaniyambadi,Tomato,Local,FAQ,1645,1942,1805,129.15,18 May 2025
1393,Vellore,vellore_arakkonam,Tomato,Local,FAQ,2003,2370,2185,101.74,18 May 2026
1394,Vellore,vellore_gudiyatham,Tomato,Local,FAQ,2001,2490,2206,94.94,18 May 2026
1395,Vellore,vellore_market,Tomato,Local,FAQ,2112,2539,2285,66.14,18 May 2026
1396,Vellore,vellore_vaniyambadi,Tomato,Local,FAQ,1653,1997,1857,117.66,18 May 2026
1397,Vellore,vellore_arakkonam,Tomato,Local,FAQ,1335,1755,1541,122.04,18 Nov 2025
1398,Vellore,vellore_gudiyatham,Tomato,Local,FAQ,1484,1838,1671,118.81,18 Nov 2025
1399,Vellore,vellore_market,Tomato,Local,FAQ,1632,2002,1780,92.01,18 Nov 2025
1400,Vellore,vellore_vaniyambadi,Tomato,Local,FAQ,1248,1555,1417,155.66,18 Nov 2025
1401,Vellore,vellore_arakkonam,Tomato,Local,FAQ,1053,1391,1221,143.86,18 Oct 2025
1402,Vellore,vellore_gudiyatham,Tomato,Local,FAQ,1266,1531,1384,127.65,18 Oct 2025
1403,Vellore,vellore_market,Tomato,Local,FAQ,1549,1936,1738,66.22,18 Oct 2025
1404,Vellore,vellore_vaniyambadi,Tomato,Local,FAQ,1385,1664,1517,103.0,18 Oct 2025
1405,Vellore,vellore_arakkonam,Tomato,Local,FAQ,1128,1426,1262,96.59,18 Sep 2025
1406,Vellore,vellore_gudiyatham,Tomato,Local,FAQ,1472,1835,1667,60.15,18 Sep 2025
1407,Vellore,vellore_market,Tomato,Local,FAQ,893,1104,1003,104.85,18 Sep 2025
1408,Vellore,vellore_vaniyambadi,Tomato,Local,FAQ,1235,1495,1336,80.03,18 Sep 2025
1409,Vellore,vellore_arakkonam,Tomato,Local,FAQ,2359,2797,2589,94.43,19 Apr 2025
1410,Vellore,vellore_gudiyatham,Tomato,Local,FAQ,1968,2336,2174,132.76,19 Apr 2025
1411,Vellore,vellore_market,Tomato,Local,FAQ,2275,2987,2624,73.15,19 Apr 2025
1412,Vellore,vellore_vaniyambadi,Tomato,Local,FAQ,1737,2079,1897,155.74,19 Apr 2025
1413,Vellore,vellore_arakkonam,Tomato,Local,FAQ,1641,2107,1858,183.59,19 Apr 2026
1414,Vellore,vellore_gudiyatham,Tomato,Local,FAQ,1990,2436,2159,129.4,19 Apr 2026
1415,Vellore,vellore_market,Tomato,Local,FAQ,1887,2253,2084,95.11,19 Apr 2026
1416,Vellore,vellore_vaniyambadi,Tomato,Local,FAQ,2181,2701,2373,122.17,19 Apr 2026
1417,Vellore,vellore_arakkonam,Tomato,Local,FAQ,984,1211,1107,105.28,19 Aug 2025
1418,Vellore,vellore_gudiyatham,Tomato,Local,FAQ,991,1257,1098,107.89,19 Aug 2025
1419,Vellore,vellore_market,Tomato,Local,FAQ,1248,1568,1430,54.67,19 Aug 2025
1420,Vellore,vellore_vaniyambadi,Tomato,Local,FAQ,1092,1298,1186,109.5,19 Aug 2025
1421,Vellore,vellore_arakkonam,Tomato,Local,FAQ,1456,1783,1619,196.71,19 Dec 2025
1422,Vellore,vellore_gudiyatham,Tomato,Local,FAQ,1719,2132,1938,133.57,19 Dec 2025
1423,Vellore,vellore_market,Tomato,Local,FAQ,1727,2059,1907,112.05,19 Dec 2025
1424,Vellore,vellore_vaniyambadi,Tomato,Local,FAQ,2136,2511,2306,114.91,19 Dec 2025
1425,Vellore,vellore_arakkonam,Tomato,Local,FAQ,1684,2229,1953,185.47,19 Feb 2025
1426,Vellore,vellore_gudiyatham,Tomato,Local,FAQ,1870,2340,2088,180.66,19 Feb 2025
1427,Vellore,vellore_market,Tomato,Local,FAQ,1893,2434,2118,138.69,19 Feb 2025
1428,Vellore,vellore_vaniyambadi,Tomato,Local,FAQ,1468,1808,1660,262.83,19 Feb 2025
1429,Vellore,vellore_arakkonam,Tomato,Local,FAQ,2375,3057,2660,123.14,19 Feb 2026
1430,Vellore,vellore_gudiyatham,Tomato,Local,FAQ,2503,2914,2706,119.86,19 Feb 2026
1431,Vellore,vellore_market,Tomato,Local,FAQ,2716,3458,3108,76.51,19 Feb 2026
1432,Vellore,vellore_vaniyambadi,Tomato,Local,FAQ,1732,2174,1967,196.14,19 Feb 2026
1433,Vellore,vellore_arakkonam,Tomato,Local,FAQ,2066,2587,2327,145.59,19 Jan 2025
1434,Vellore,vellore_gudiyatham,Tomato,Local,FAQ,1769,2284,2013,168.37,19 Jan 2025
1435,Vellore,vellore_market,Tomato,Local,FAQ,1818,2175,1964,142.51,19 Jan 2025
1436,Vellore,vellore_vaniyambadi,Tomato,Local,FAQ,1928,2396,2212,137.32,19 Jan 2025
1437,Vellore,vellore_arakkonam,Tomato,Local,FAQ,1980,2505,2300,116.51,19 Jan 2026
1438,Vellore,vellore_gudiyatham,Tomato,Local,FAQ,2336,2833,2557,113.34,19 Jan 2026
1439,Vellore,vellore_market,Tomato,Local,FAQ,2112,2617,2336,102.03,19 Jan 2026
1440,Vellore,vellore_vaniyambadi,Tomato,Local,FAQ,2027,2645,2342,150.03,19 Jan 2026
1441,Vellore,vellore_arakkonam,Tomato,Local,FAQ,1410,1776,1622,65.48,19 Jul 2025
1442,Vellore,vellore_gudiyatham,Tomato,Local,FAQ,1337,1592,1457,79.27,19 Jul 2025
1443,Vellore,vellore_market,Tomato,Local,FAQ,940,1228,1079,105.63,19 Jul 2025
1444,Vellore,vellore_vaniyambadi,Tomato,Local,FAQ,1198,1493,1347,87.88,19 Jul 2025
1445,Vellore,vellore_arakkonam,Tomato,Local,FAQ,1485,1940,1689,79.86,19 Jul 2026
1446,Vellore,vellore_gudiyatham,Tomato,Local,FAQ,1196,1515,1369,90.08,19 Jul 2026
1447,Vellore,vellore_market,Tomato,Local,FAQ,1480,1882,1648,58.88,19 Jul 2026
1448,Vellore,vellore_vaniyambadi,Tomato,Local,FAQ,1748,2218,2012,67.21,19 Jul 2026
1449,Vellore,vellore_arakkonam,Tomato,Local,FAQ,1203,1502,1329,131.6,19 Jun 2025
1450,Vellore,vellore_gudiyatham,Tomato,Local,FAQ,2076,2664,2362,59.92,19 Jun 2025
1451,Vellore,vellore_market,Tomato,Local,FAQ,1606,1876,1730,68.93,19 Jun 2025
1452,Vellore,vellore_vaniyambadi,Tomato,Local,FAQ,1543,1832,1663,95.67,19 Jun 2025
1453,Vellore,vellore_arakkonam,Tomato,Local,FAQ,1608,2020,1788,85.89,19 Jun 2026
1454,Vellore,vellore_gudiyatham,Tomato,Local,FAQ,1713,2206,1984,71.9,19 Jun 2026
1455,Vellore,vellore_market,Tomato,Local,FAQ,1844,2290,2020,57.37,19 Jun 2026
1456,Vellore,vellore_vaniyambadi,Tomato,Local,FAQ,2027,2520,2346,111.12,19 Jun 2026
1457,Vellore,vellore_arakkonam,Tomato,Local,FAQ,2201,2624,2383,137.69,19 Mar 2025
1458,Vellore,vellore_gudiyatham,Tomato,Local,FAQ,2178,2783,2524,127.8,19 Mar 2025
1459,Vellore,vellore_market,Tomato,Local,FAQ,1877,2328,2099,127.44,19 Mar 2025
1460,Vellore,vellore_vaniyambadi,Tomato,Local,FAQ,1876,2394,2158,165.89,19 Mar 2025
1461,Vellore,vellore_arakkonam,Tomato,Local,FAQ,2255,2783,2556,114.59,19 Mar 2026
1462,Vellore,vellore_gudiyatham,Tomato,Local,FAQ,2267,2853,2532,118.76,19 Mar 2026
1463,Vellore,vellore_market,Tomato,Local,FAQ,2650,3455,3056,74.54,19 Mar 2026
1464,Vellore,vellore_vaniyambadi,Tomato,Local,FAQ,2627,3261,2994,95.01,19 Mar 2026
1465,Vellore,vellore_arakkonam,Tomato,Local,FAQ,2029,2501,2207,82.71,19 May 2025
1466,Vellore,vellore_gudiyatham,Tomato,Local,FAQ,1862,2425,2159,84.42,19 May 2025
1467,Vellore,vellore_market,Tomato,Local,FAQ,2195,2625,2438,58.06,19 May 2025
1468,Vellore,vellore_vaniyambadi,Tomato,Local,FAQ,1874,2321,2118,93.13,19 May 2025
1469,Vellore,vellore_arakkonam,Tomato,Local,FAQ,1804,2155,1946,110.09,19 May 2026
1470,Vellore,vellore_gudiyatham,Tomato,Local,FAQ,1809,2251,1963,114.13,19 May 2026
1471,Vellore,vellore_market,Tomato,Local,FAQ,2089,2530,2257,63.55,19 May 2026
1472,Vellore,vellore_vaniyambadi,Tomato,Local,FAQ,1873,2334,2088,87.49,19 May 2026
1473,Vellore,vellore_arakkonam,Tomato,Local,FAQ,1447,1771,1599,119.67,19 Nov 2025
1474,Vellore,vellore_gudiyatham,Tomato,Local,FAQ,1421,1813,1610,129.59,19 Nov 2025
1475,Vellore,vellore_market,Tomato,Local,FAQ,1440,1865,1637,106.82,19 Nov 2025
1476,Vellore,vellore_vaniyambadi,Tomato,Local,FAQ,1526,1803,1644,122.96,19 Nov 2025
1477,Vellore,vellore_arakkonam,Tomato,Local,FAQ,1263,1509,1362,111.79,19 Oct 2025
1478,Vellore,vellore_gudiyatham,Tomato,Local,FAQ,1330,1717,1534,109.17,19 Oct 2025
1479,Vellore,vellore_market,Tomato,Local,FAQ,1284,1666,1487,83.91,19 Oct 2025
1480,Vellore,vellore_vaniyambadi,Tomato,Local,FAQ,1263,1597,1393,120.41,19 Oct 2025
1481,Vellore,vellore_arakkonam,Tomato,Local,FAQ,1236,1527,1346,87.86,19 Sep 2025
1482,Vellore,vellore_gudiyatham,Tomato,Local,FAQ,1377,1724,1516,76.74,19 Sep 2025
1483,Vellore,vellore_market,Tomato,Local,FAQ,1239,1585,1401,60.16,19 Sep 2025
1484,Vellore,vellore_vaniyambadi,Tomato,Local,FAQ,1080,1350,1230,92.28,19 Sep 2025
1485,Vellore,vellore_arakkonam,Tomato,Local,FAQ,1764,2172,1945,149.99,20 Apr 2025
1486,Vellore,vellore_gudiyatham,Tomato,Local,FAQ,1945,2488,2248,119.63,20 Apr 2025
1487,Vellore,vellore_market,Tomato,Local,FAQ,2005,2456,2158,97.86,20 Apr 2025
1488,Vellore,vellore_vaniyambadi,Tomato,Local,FAQ,1899,2301,2128,119.25,20 Apr 2025
1489,Vellore,vellore_arakkonam,Tomato,Local,FAQ,2028,2573,2265,132.36,20 Apr 2026
1490,Vellore,vellore_gudiyatham,Tomato,Local,FAQ,2038,2603,2307,109.64,20 Apr 2026
1491,Vellore,vellore_market,Tomato,Local,FAQ,2095,2587,2282,86.51,20 Apr 2026
1492,Vellore,vellore_vaniyambadi,Tomato,Local,FAQ,1850,2312,2086,155.44,20 Apr 2026
1493,Vellore,vellore_arakkonam,Tomato,Local,FAQ,1108,1404,1223,84.25,20 Aug 2025
1494,Vellore,vellore_gudiyatham,Tomato,Local,FAQ,1228,1514,1391,78.18,20 Aug 2025
1495,Vellore,vellore_market,Tomato,Local,FAQ,1130,1390,1289,66.47,20 Aug 2025
1496,Vellore,vellore_vaniyambadi,Tomato,Local,FAQ,1247,1536,1348,83.73,20 Aug 2025
1497,Vellore,vellore_arakkonam,Tomato,Local,FAQ,1732,2064,1885,155.85,20 Dec 2025
1498,Vellore,vellore_gudiyatham,Tomato,Local,FAQ,1855,2319,2056,128.88,20 Dec 2025
1499,Vellore,vellore_market,Tomato,Local,FAQ,2341,3024,2643,67.36,20 Dec 2025
1500,Vellore,vellore_vaniyambadi,Tomato,Local,FAQ,1750,2181,2014,153.57,20 Dec 2025
1501,Vellore,vellore_arakkonam,Tomato,Local,FAQ,2122,2460,2298,141.3,20 Feb 2025
1502,Vellore,vellore_gudiyatham,Tomato,Local,FAQ,1756,2116,1937,223.6,20 Feb 2025
1503,Vellore,vellore_market,Tomato,Local,FAQ,2881,3414,3117,76.35,20 Feb 2025
1504,Vellore,vellore_vaniyambadi,Tomato,Local,FAQ,2103,2568,2364,131.59,20 Feb 2025
1505,Vellore,vellore_arakkonam,Tomato,Local,FAQ,2503,2957,2727,120.97,20 Feb 2026
1506,Vellore,vellore_gudiyatham,Tomato,Local,FAQ,1893,2333,2066,196.98,20 Feb 2026
1507,Vellore,vellore_market,Tomato,Local,FAQ,2343,2936,2693,92.04,20 Feb 2026
1508,Vellore,vellore_vaniyambadi,Tomato,Local,FAQ,2097,2595,2298,153.14,20 Feb 2026
1509,Vellore,vellore_arakkonam,Tomato,Local,FAQ,2050,2399,2235,156.44,20 Jan 2025
1510,Vellore,vellore_gudiyatham,Tomato,Local,FAQ,2054,2538,2316,121.99,20 Jan 2025
1511,Vellore,vellore_market,Tomato,Local,FAQ,1969,2421,2190,115.49,20 Jan 2025
1512,Vellore,vellore_vaniyambadi,Tomato,Local,FAQ,1715,2041,1886,177.34,20 Jan 2025
1513,Vellore,vellore_arakkonam,Tomato,Local,FAQ,2149,2606,2312,117.65,20 Jan 2026
1514,Vellore,vellore_gudiyatham,Tomato,Local,FAQ,2175,2785,2466,122.63,20 Jan 2026
1515,Vellore,vellore_market,Tomato,Local,FAQ,1601,1976,1741,160.25,20 Jan 2026
1516,Vellore,vellore_vaniyambadi,Tomato,Local,FAQ,1780,2332,2047,187.04,20 Jan 2026
1517,Vellore,vellore_arakkonam,Tomato,Local,FAQ,1222,1560,1412,78.01,20 Jul 2025
1518,Vellore,vellore_gudiyatham,Tomato,Local,FAQ,1381,1777,1574,72.4,20 Jul 2025
1519,Vellore,vellore_market,Tomato,Local,FAQ,1242,1577,1414,69.21,20 Jul 2025
1520,Vellore,vellore_vaniyambadi,Tomato,Local,FAQ,1229,1558,1412,84.58,20 Jul 2025
1521,Vellore,vellore_arakkonam,Tomato,Local,FAQ,1429,1804,1591,83.24,20 Jul 2026
1522,Vellore,vellore_gudiyatham,Tomato,Local,FAQ,1348,1685,1481,76.97,20 Jul 2026
1523,Vellore,vellore_market,Tomato,Local,FAQ,1763,2142,1991,42.77,20 Jul 2026
1524,Vellore,vellore_vaniyambadi,Tomato,Local,FAQ,1816,2210,2020,128.32,20 Jul 2026
1525,Vellore,vellore_arakkonam,Tomato,Local,FAQ,1103,1380,1274,137.08,20 Jun 2025
1526,Vellore,vellore_gudiyatham,Tomato,Local,FAQ,1948,2374,2129,70.76,20 Jun 2025
1527,Vellore,vellore_market,Tomato,Local,FAQ,1277,1487,1375,107.16,20 Jun 2025
1528,Vellore,vellore_vaniyambadi,Tomato,Local,FAQ,1272,1660,1457,120.25,20 Jun 2025
1529,Vellore,vellore_arakkonam,Tomato,Local,FAQ,1677,2024,1814,80.78,20 Jun 2026
1530,Vellore,vellore_gudiyatham,Tomato,Local,FAQ,1873,2280,2098,64.04,20 Jun 2026
1531,Vellore,vellore_market,Tomato,Local,FAQ,1845,2314,2120,54.0,20 Jun 2026
1532,Vellore,vellore_vaniyambadi,Tomato,Local,FAQ,2128,2650,2330,78.82,20 Jun 2026
1533,Vellore,vellore_arakkonam,Tomato,Local,FAQ,1765,2130,1941,194.9,20 Mar 2025
1534,Vellore,vellore_gudiyatham,Tomato,Local,FAQ,2188,2705,2399,137.3,20 Mar 2025
1535,Vellore,vellore_market,Tomato,Local,FAQ,1702,2186,1975,135.05,20 Mar 2025
1536,Vellore,vellore_vaniyambadi,Tomato,Local,FAQ,2843,3400,3073,80.21,20 Mar 2025
1537,Vellore,vellore_arakkonam,Tomato,Local,FAQ,1869,2373,2129,150.32,20 Mar 2026
1538,Vellore,vellore_gudiyatham,Tomato,Local,FAQ,2338,3023,2697,99.44,20 Mar 2026
1539,Vellore,vellore_market,Tomato,Local,FAQ,2527,3342,2918,73.89,20 Mar 2026
1540,Vellore,vellore_vaniyambadi,Tomato,Local,FAQ,1930,2357,2182,158.67,20 Mar 2026
1541,Vellore,vellore_arakkonam,Tomato,Local,FAQ,1672,2103,1881,113.0,20 May 2025
1542,Vellore,vellore_gudiyatham,Tomato,Local,FAQ,1532,2008,1750,114.72,20 May 2025
1543,Vellore,vellore_market,Tomato,Local,FAQ,1802,2320,2062,75.54,20 May 2025
1544,Vellore,vellore_vaniyambadi,Tomato,Local,FAQ,1779,2207,2029,101.96,20 May 2025
1545,Vellore,vellore_arakkonam,Tomato,Local,FAQ,1673,2180,1925,104.45,20 May 2026
1546,Vellore,vellore_gudiyatham,Tomato,Local,FAQ,1446,1785,1635,147.46,20 May 2026
1547,Vellore,vellore_market,Tomato,Local,FAQ,2146,2608,2336,58.71,20 May 2026
1548,Vellore,vellore_vaniyambadi,Tomato,Local,FAQ,1600,1893,1753,124.67,20 May 2026
1549,Vellore,vellore_arakkonam,Tomato,Local,FAQ,1442,1791,1569,133.74,20 Nov 2025
1550,Vellore,vellore_gudiyatham,Tomato,Local,FAQ,1938,2397,2111,80.16,20 Nov 2025
1551,Vellore,vellore_market,Tomato,Local,FAQ,1408,1737,1597,117.56,20 Nov 2025
1552,Vellore,vellore_vaniyambadi,Tomato,Local,FAQ,1142,1467,1320,187.04,20 Nov 2025
1553,Vellore,vellore_arakkonam,Tomato,Local,FAQ,920,1106,995,184.23,20 Oct 2025
1554,Vellore,vellore_gudiyatham,Tomato,Local,FAQ,1630,1985,1795,78.0,20 Oct 2025
1555,Vellore,vellore_market,Tomato,Local,FAQ,1356,1727,1507,86.2,20 Oct 2025
1556,Vellore,vellore_vaniyambadi,Tomato,Local,FAQ,1455,1844,1646,83.58,20 Oct 2025
1557,Vellore,vellore_arakkonam,Tomato,Local,FAQ,1008,1256,1133,117.6,20 Sep 2025
1558,Vellore,vellore_gudiyatham,Tomato,Local,FAQ,1249,1607,1432,83.15,20 Sep 2025
1559,Vellore,vellore_market,Tomato,Local,FAQ,1111,1400,1276,66.03,20 Sep 2025
1560,Vellore,vellore_vaniyambadi,Tomato,Local,FAQ,1231,1611,1403,76.65,20 Sep 2025
1561,Vellore,vellore_arakkonam,Tomato,Local,FAQ,2214,2725,2414,107.08,21 Apr 2025
1562,Vellore,vellore_gudiyatham,Tomato,Local,FAQ,2173,2746,2526,95.43,21 Apr 2025
1563,Vellore,vellore_market,Tomato,Local,FAQ,2100,2650,2332,85.9,21 Apr 2025
1564,Vellore,vellore_vaniyambadi,Tomato,Local,FAQ,1995,2423,2183,120.95,21 Apr 2025
1565,Vellore,vellore_arakkonam,Tomato,Local,FAQ,1909,2401,2216,136.63,21 Apr 2026
1566,Vellore,vellore_gudiyatham,Tomato,Local,FAQ,1728,2138,1947,137.01,21 Apr 2026
1567,Vellore,vellore_market,Tomato,Local,FAQ,1859,2334,2127,100.43,21 Apr 2026
1568,Vellore,vellore_vaniyambadi,Tomato,Local,FAQ,2600,3077,2803,84.73,21 Apr 2026
1569,Vellore,vellore_arakkonam,Tomato,Local,FAQ,1100,1359,1205,85.96,21 Aug 2025
1570,Vellore,vellore_gudiyatham,Tomato,Local,FAQ,1539,1947,1754,48.95,21 Aug 2025
1571,Vellore,vellore_market,Tomato,Local,FAQ,1146,1448,1276,69.58,21 Aug 2025
1572,Vellore,vellore_vaniyambadi,Tomato,Local,FAQ,1481,1874,1658,55.4,21 Aug 2025
1573,Vellore,vellore_arakkonam,Tomato,Local,FAQ,2295,2789,2502,104.11,21 Dec 2025
1574,Vellore,vellore_gudiyatham,Tomato,Local,FAQ,1869,2379,2125,127.87,21 Dec 2025
1575,Vellore,vellore_market,Tomato,Local,FAQ,1609,1984,1788,146.86,21 Dec 2025
1576,Vellore,vellore_vaniyambadi,Tomato,Local,FAQ,1978,2307,2147,142.1,21 Dec 2025
1577,Vellore,vellore_arakkonam,Tomato,Local,FAQ,2619,3248,2946,99.66,21 Feb 2025
1578,Vellore,vellore_gudiyatham,Tomato,Local,FAQ,1983,2575,2294,159.14,21 Feb 2025
1579,Vellore,vellore_market,Tomato,Local,FAQ,2360,2974,2590,109.29,21 Feb 2025
1580,Vellore,vellore_vaniyambadi,Tomato,Local,FAQ,1537,1881,1726,229.5,21 Feb 2025
1581,Vellore,vellore_arakkonam,Tomato,Local,FAQ,2533,3147,2752,112.94,21 Feb 2026
1582,Vellore,vellore_gudiyatham,Tomato,Local,FAQ,1989,2462,2206,175.56,21 Feb 2026
1583,Vellore,vellore_market,Tomato,Local,FAQ,2865,3592,3124,64.95,21 Feb 2026
1584,Vellore,vellore_vaniyambadi,Tomato,Local,FAQ,1541,1918,1721,233.27,21 Feb 2026
1585,Vellore,vellore_arakkonam,Tomato,Local,FAQ,2034,2582,2324,148.96,21 Jan 2025
1586,Vellore,vellore_gudiyatham,Tomato,Local,FAQ,2255,2708,2482,116.91,21 Jan 2025
1587,Vellore,vellore_market,Tomato,Local,FAQ,2185,2624,2371,105.78,21 Jan 2025
1588,Vellore,vellore_vaniyambadi,Tomato,Local,FAQ,2006,2384,2173,135.52,21 Jan 2025
1589,Vellore,vellore_arakkonam,Tomato,Local,FAQ,1983,2538,2292,131.26,21 Jan 2026
1590,Vellore,vellore_gudiyatham,Tomato,Local,FAQ,2020,2436,2270,143.3,21 Jan 2026
1591,Vellore,vellore_market,Tomato,Local,FAQ,1649,2109,1867,156.72,21 Jan 2026
1592,Vellore,vellore_vaniyambadi,Tomato,Local,FAQ,1413,1770,1586,267.44,21 Jan 2026
1593,Vellore,vellore_arakkonam,Tomato,Local,FAQ,1217,1513,1391,83.73,21 Jul 2025
1594,Vellore,vellore_gudiyatham,Tomato,Local,FAQ,1603,1927,1763,61.68,21 Jul 2025
1595,Vellore,vellore_market,Tomato,Local,FAQ,1691,1990,1845,43.18,21 Jul 2025
1596,Vellore,vellore_vaniyambadi,Tomato,Local,FAQ,1147,1401,1247,108.21,21 Jul 2025
1597,Vellore,vellore_arakkonam,Tomato,Local,FAQ,1379,1593,1488,90.61,21 Jul 2026
1598,Vellore,vellore_gudiyatham,Tomato,Local,FAQ,1354,1796,1563,70.49,21 Jul 2026
1599,Vellore,vellore_market,Tomato,Local,FAQ,1602,1903,1737,50.3,21 Jul 2026
1600,Vellore,vellore_vaniyambadi,Tomato,Local,FAQ,1843,2281,2022,78.73,21 Jul 2026
1601,Vellore,vellore_arakkonam,Tomato,Local,FAQ,1739,2096,1949,68.85,21 Jun 2025
1602,Vellore,vellore_gudiyatham,Tomato,Local,FAQ,1495,1794,1634,104.05,21 Jun 2025
1603,Vellore,vellore_market,Tomato,Local,FAQ,1827,2243,2076,52.14,21 Jun 2025
1604,Vellore,vellore_vaniyambadi,Tomato,Local,FAQ,1323,1637,1506,118.8,21 Jun 2025
1605,Vellore,vellore_arakkonam,Tomato,Local,FAQ,2019,2415,2234,54.03,21 Jun 2026
1606,Vellore,vellore_gudiyatham,Tomato,Local,FAQ,1740,2190,1987,72.88,21 Jun 2026
1607,Vellore,vellore_market,Tomato,Local,FAQ,2004,2441,2176,49.38,21 Jun 2026
1608,Vellore,vellore_vaniyambadi,Tomato,Local,FAQ,2071,2645,2316,119.92,21 Jun 2026
1609,Vellore,vellore_arakkonam,Tomato,Local,FAQ,1994,2562,2257,142.56,21 Mar 2025
1610,Vellore,vellore_gudiyatham,Tomato,Local,FAQ,2578,3256,2963,92.45,21 Mar 2025
1611,Vellore,vellore_market,Tomato,Local,FAQ,2117,2526,2332,103.42,21 Mar 2025
1612,Vellore,vellore_vaniyambadi,Tomato,Local,FAQ,2146,2611,2426,123.86,21 Mar 2025
1613,Vellore,vellore_arakkonam,Tomato,Local,FAQ,2174,2679,2377,128.68,21 Mar 2026
1614,Vellore,vellore_gudiyatham,Tomato,Local,FAQ,2537,3253,2905,91.12,21 Mar 2026
1615,Vellore,vellore_market,Tomato,Local,FAQ,1990,2525,2209,122.81,21 Mar 2026
1616,Vellore,vellore_vaniyambadi,Tomato,Local,FAQ,2004,2449,2231,148.3,21 Mar 2026
1617,Vellore,vellore_arakkonam,Tomato,Local,FAQ,1968,2621,2279,81.87,21 May 2025
1618,Vellore,vellore_gudiyatham,Tomato,Local,FAQ,1921,2356,2071,88.62,21 May 2025
1619,Vellore,vellore_market,Tomato,Local,FAQ,2054,2508,2257,65.14,21 May 2025
1620,Vellore,vellore_vaniyambadi,Tomato,Local,FAQ,1831,2271,1991,97.54,21 May 2025
1621,Vellore,vellore_arakkonam,Tomato,Local,FAQ,1694,2140,1926,102.58,21 May 2026
1622,Vellore,vellore_gudiyatham,Tomato,Local,FAQ,1858,2255,2053,93.33,21 May 2026
1623,Vellore,vellore_market,Tomato,Local,FAQ,1933,2296,2127,69.78,21 May 2026
1624,Vellore,vellore_vaniyambadi,Tomato,Local,FAQ,1820,2284,2013,98.55,21 May 2026
1625,Vellore,vellore_arakkonam,Tomato,Local,FAQ,1171,1476,1353,175.82,21 Nov 2025
1626,Vellore,vellore_gudiyatham,Tomato,Local,FAQ,1527,1812,1662,126.48,21 Nov 2025
1627,Vellore,vellore_market,Tomato,Local,FAQ,1901,2207,2057,73.22,21 Nov 2025
1628,Vellore,vellore_vaniyambadi,Tomato,Local,FAQ,1424,1793,1608,128.07,21 Nov 2025
1629,Vellore,vellore_arakkonam,Tomato,Local,FAQ,1124,1333,1229,140.32,21 Oct 2025
1630,Vellore,vellore_gudiyatham,Tomato,Local,FAQ,1447,1793,1636,86.6,21 Oct 2025
1631,Vellore,vellore_market,Tomato,Local,FAQ,1552,2030,1790,64.51,21 Oct 2025
1632,Vellore,vellore_vaniyambadi,Tomato,Local,FAQ,1069,1349,1224,145.98,21 Oct 2025
1633,Vellore,vellore_arakkonam,Tomato,Local,FAQ,1084,1293,1167,123.41,21 Sep 2025
1634,Vellore,vellore_gudiyatham,Tomato,Local,FAQ,1324,1691,1527,73.88,21 Sep 2025
1635,Vellore,vellore_market,Tomato,Local,FAQ,1149,1405,1266,70.42,21 Sep 2025
1636,Vellore,vellore_vaniyambadi,Tomato,Local,FAQ,1146,1424,1294,92.25,21 Sep 2025
1637,Vellore,vellore_arakkonam,Tomato,Local,FAQ,1867,2163,2015,150.43,22 Apr 2025
1638,Vellore,vellore_gudiyatham,Tomato,Local,FAQ,2314,2979,2595,91.58,22 Apr 2025
1639,Vellore,vellore_market,Tomato,Local,FAQ,2383,2909,2697,68.0,22 Apr 2025
1640,Vellore,vellore_vaniyambadi,Tomato,Local,FAQ,1732,2133,1956,157.25,22 Apr 2025
1641,Vellore,vellore_arakkonam,Tomato,Local,FAQ,2221,2757,2524,94.2,22 Apr 2026
1642,Vellore,vellore_gudiyatham,Tomato,Local,FAQ,1891,2375,2184,105.42,22 Apr 2026
1643,Vellore,vellore_market,Tomato,Local,FAQ,1673,2164,1883,117.94,22 Apr 2026
1644,Vellore,vellore_vaniyambadi,Tomato,Local,FAQ,1847,2268,2048,132.13,22 Apr 2026
1645,Vellore,vellore_arakkonam,Tomato,Local,FAQ,1005,1309,1144,93.0,22 Aug 2025
1646,Vellore,vellore_gudiyatham,Tomato,Local,FAQ,1093,1321,1226,86.7,22 Aug 2025
1647,Vellore,vellore_market,Tomato,Local,FAQ,1218,1523,1343,67.15,22 Aug 2025
1648,Vellore,vellore_vaniyambadi,Tomato,Local,FAQ,1429,1764,1564,66.42,22 Aug 2025
1649,Vellore,vellore_arakkonam,Tomato,Local,FAQ,1463,1810,1610,224.66,22 Dec 2025
1650,Vellore,vellore_gudiyatham,Tomato,Local,FAQ,1556,1966,1736,177.89,22 Dec 2025
1651,Vellore,vellore_market,Tomato,Local,FAQ,2094,2691,2419,87.36,22 Dec 2025
1652,Vellore,vellore_vaniyambadi,Tomato,Local,FAQ,1976,2419,2140,130.66,22 Dec 2025
1653,Vellore,vellore_arakkonam,Tomato,Local,FAQ,2035,2665,2329,150.3,22 Feb 2025
1654,Vellore,vellore_gudiyatham,Tomato,Local,FAQ,2548,3218,2893,98.98,22 Feb 2025
1655,Vellore,vellore_market,Tomato,Local,FAQ,2345,2925,2566,103.69,22 Feb 2025
1656,Vellore,vellore_vaniyambadi,Tomato,Local,FAQ,1982,2601,2266,142.23,22 Feb 2025
1657,Vellore,vellore_arakkonam,Tomato,Local,FAQ,2399,3083,2693,114.61,22 Feb 2026
1658,Vellore,vellore_gudiyatham,Tomato,Local,FAQ,2043,2608,2357,141.01,22 Feb 2026
1659,Vellore,vellore_market,Tomato,Local,FAQ,1649,2154,1879,161.59,22 Feb 2026
1660,Vellore,vellore_vaniyambadi,Tomato,Local,FAQ,1413,1810,1637,266.12,22 Feb 2026
1661,Vellore,vellore_arakkonam,Tomato,Local,FAQ,1817,2231,2033,190.27,22 Jan 2025
1662,Vellore,vellore_gudiyatham,Tomato,Local,FAQ,1901,2385,2179,143.15,22 Jan 2025
1663,Vellore,vellore_market,Tomato,Local,FAQ,1802,2215,1955,135.51,22 Jan 2025
1664,Vellore,vellore_vaniyambadi,Tomato,Local,FAQ,1476,1726,1594,233.47,22 Jan 2025
1665,Vellore,vellore_arakkonam,Tomato,Local,FAQ,1844,2381,2089,172.05,22 Jan 2026
1666,Vellore,vellore_gudiyatham,Tomato,Local,FAQ,2460,2953,2721,102.03,22 Jan 2026
1667,Vellore,vellore_market,Tomato,Local,FAQ,2100,2500,2262,110.43,22 Jan 2026
1668,Vellore,vellore_vaniyambadi,Tomato,Local,FAQ,1609,1949,1767,215.53,22 Jan 2026
1669,Vellore,vellore_arakkonam,Tomato,Local,FAQ,1422,1741,1590,64.87,22 Jul 2025
1670,Vellore,vellore_gudiyatham,Tomato,Local,FAQ,1476,1874,1634,74.33,22 Jul 2025
1671,Vellore,vellore_market,Tomato,Local,FAQ,1255,1553,1443,66.95,22 Jul 2025
1672,Vellore,vellore_vaniyambadi,Tomato,Local,FAQ,1324,1604,1480,82.58,22 Jul 2025
1673,Vellore,vellore_arakkonam,Tomato,Local,FAQ,1766,2129,1954,54.68,22 Jul 2026
1674,Vellore,vellore_gudiyatham,Tomato,Local,FAQ,1482,1860,1643,63.59,22 Jul 2026
1675,Vellore,vellore_market,Tomato,Local,FAQ,1833,2233,2033,35.88,22 Jul 2026
1676,Vellore,vellore_vaniyambadi,Tomato,Local,FAQ,1777,2284,2010,68.5,22 Jul 2026
1677,Vellore,vellore_arakkonam,Tomato,Local,FAQ,1334,1659,1472,103.54,22 Jun 2025
1678,Vellore,vellore_gudiyatham,Tomato,Local,FAQ,1492,1718,1606,105.38,22 Jun 2025
1679,Vellore,vellore_market,Tomato,Local,FAQ,1677,2134,1878,61.78,22 Jun 2025
1680,Vellore,vellore_vaniyambadi,Tomato,Local,FAQ,1457,1752,1605,107.83,22 Jun 2025
1681,Vellore,vellore_arakkonam,Tomato,Local,FAQ,1368,1760,1558,99.5,22 Jun 2026
1682,Vellore,vellore_gudiyatham,Tomato,Local,FAQ,1625,1975,1818,90.74,22 Jun 2026
1683,Vellore,vellore_market,Tomato,Local,FAQ,1398,1822,1624,79.76,22 Jun 2026
1684,Vellore,vellore_vaniyambadi,Tomato,Local,FAQ,1995,2618,2312,100.11,22 Jun 2026
1685,Vellore,vellore_arakkonam,Tomato,Local,FAQ,1887,2272,2075,166.99,22 Mar 2025
1686,Vellore,vellore_gudiyatham,Tomato,Local,FAQ,2149,2769,2460,127.13,22 Mar 2025
1687,Vellore,vellore_market,Tomato,Local,FAQ,1853,2336,2046,130.94,22 Mar 2025
1688,Vellore,vellore_vaniyambadi,Tomato,Local,FAQ,1752,2189,1943,189.8,22 Mar 2025
1689,Vellore,vellore_arakkonam,Tomato,Local,FAQ,2042,2554,2316,129.2,22 Mar 2026
1690,Vellore,vellore_gudiyatham,Tomato,Local,FAQ,2524,2934,2738,97.6,22 Mar 2026
1691,Vellore,vellore_market,Tomato,Local,FAQ,2031,2646,2330,100.33,22 Mar 2026
1692,Vellore,vellore_vaniyambadi,Tomato,Local,FAQ,1830,2254,2060,167.93,22 Mar 2026
1693,Vellore,vellore_arakkonam,Tomato,Local,FAQ,1484,1821,1652,132.84,22 May 2025
1694,Vellore,vellore_gudiyatham,Tomato,Local,FAQ,1967,2317,2137,76.01,22 May 2025
1695,Vellore,vellore_market,Tomato,Local,FAQ,1915,2248,2061,75.6,22 May 2025
1696,Vellore,vellore_vaniyambadi,Tomato,Local,FAQ,1934,2443,2247,78.52,22 May 2025
1697,Vellore,vellore_arakkonam,Tomato,Local,FAQ,1572,2012,1774,120.13,22 May 2026
1698,Vellore,vellore_gudiyatham,Tomato,Local,FAQ,1817,2369,2074,86.84,22 May 2026
1699,Vellore,vellore_market,Tomato,Local,FAQ,1400,1727,1600,116.71,22 May 2026
1700,Vellore,vellore_vaniyambadi,Tomato,Local,FAQ,1725,2135,1993,101.2,22 May 2026
1701,Vellore,vellore_arakkonam,Tomato,Local,FAQ,1381,1766,1549,134.29,22 Nov 2025
1702,Vellore,vellore_gudiyatham,Tomato,Local,FAQ,1484,1952,1721,123.18,22 Nov 2025
1703,Vellore,vellore_market,Tomato,Local,FAQ,1838,2180,1986,76.19,22 Nov 2025
1704,Vellore,vellore_vaniyambadi,Tomato,Local,FAQ,1233,1492,1329,192.68,22 Nov 2025
1705,Vellore,vellore_arakkonam,Tomato,Local,FAQ,1353,1703,1557,87.95,22 Oct 2025
1706,Vellore,vellore_gudiyatham,Tomato,Local,FAQ,1327,1683,1502,99.09,22 Oct 2025
1707,Vellore,vellore_market,Tomato,Local,FAQ,1249,1569,1401,95.77,22 Oct 2025
1708,Vellore,vellore_vaniyambadi,Tomato,Local,FAQ,1338,1629,1440,112.39,22 Oct 2025
1709,Vellore,vellore_arakkonam,Tomato,Local,FAQ,1047,1343,1188,115.04,22 Sep 2025
1710,Vellore,vellore_gudiyatham,Tomato,Local,FAQ,1203,1485,1303,100.7,22 Sep 2025
1711,Vellore,vellore_market,Tomato,Local,FAQ,898,1084,1007,105.8,22 Sep 2025
1712,Vellore,vellore_vaniyambadi,Tomato,Local,FAQ,1110,1473,1282,96.71,22 Sep 2025
1713,Vellore,vellore_arakkonam,Tomato,Local,FAQ,1735,2199,2002,154.08,23 Apr 2025
1714,Vellore,vellore_gudiyatham,Tomato,Local,FAQ,2175,2674,2411,105.02,23 Apr 2025
1715,Vellore,vellore_market,Tomato,Local,FAQ,2040,2569,2349,77.5,23 Apr 2025
1716,Vellore,vellore_vaniyambadi,Tomato,Local,FAQ,1507,1878,1655,201.66,23 Apr 2025
1717,Vellore,vellore_arakkonam,Tomato,Local,FAQ,1584,1998,1807,165.5,23 Apr 2026
1718,Vellore,vellore_gudiyatham,Tomato,Local,FAQ,1862,2310,2087,122.38,23 Apr 2026
1719,Vellore,vellore_market,Tomato,Local,FAQ,2316,2713,2518,70.92,23 Apr 2026
1720,Vellore,vellore_vaniyambadi,Tomato,Local,FAQ,1666,2060,1924,161.58,23 Apr 2026
1721,Vellore,vellore_arakkonam,Tomato,Local,FAQ,874,1047,960,131.49,23 Aug 2025
1722,Vellore,vellore_gudiyatham,Tomato,Local,FAQ,920,1096,1021,113.6,23 Aug 2025
1723,Vellore,vellore_market,Tomato,Local,FAQ,1497,1912,1687,48.44,23 Aug 2025
1724,Vellore,vellore_vaniyambadi,Tomato,Local,FAQ,967,1186,1085,123.8,23 Aug 2025
1725,Vellore,vellore_arakkonam,Tomato,Local,FAQ,1736,2163,1990,148.12,23 Dec 2025
1726,Vellore,vellore_gudiyatham,Tomato,Local,FAQ,1982,2458,2237,113.43,23 Dec 2025
1727,Vellore,vellore_market,Tomato,Local,FAQ,2041,2584,2311,93.23,23 Dec 2025
1728,Vellore,vellore_vaniyambadi,Tomato,Local,FAQ,2226,2697,2406,101.71,23 Dec 2025
1729,Vellore,vellore_arakkonam,Tomato,Local,FAQ,1859,2304,2047,179.28,23 Feb 2025
1730,Vellore,vellore_gudiyatham,Tomato,Local,FAQ,2088,2664,2393,136.79,23 Feb 2025
1731,Vellore,vellore_market,Tomato,Local,FAQ,2318,2777,2555,107.88,23 Feb 2025
1732,Vellore,vellore_vaniyambadi,Tomato,Local,FAQ,2206,2768,2415,140.46,23 Feb 2025
1733,Vellore,vellore_arakkonam,Tomato,Local,FAQ,2098,2468,2306,150.11,23 Feb 2026
1734,Vellore,vellore_gudiyatham,Tomato,Local,FAQ,1952,2513,2220,148.89,23 Feb 2026
1735,Vellore,vellore_market,Tomato,Local,FAQ,2144,2733,2480,103.83,23 Feb 2026
1736,Vellore,vellore_vaniyambadi,Tomato,Local,FAQ,2190,2835,2535,122.07,23 Feb 2026
1737,Vellore,vellore_arakkonam,Tomato,Local,FAQ,2102,2610,2411,147.15,23 Jan 2025
1738,Vellore,vellore_gudiyatham,Tomato,Local,FAQ,1926,2457,2221,138.69,23 Jan 2025
1739,Vellore,vellore_market,Tomato,Local,FAQ,1976,2512,2237,103.54,23 Jan 2025
1740,Vellore,vellore_vaniyambadi,Tomato,Local,FAQ,2490,2891,2684,96.19,23 Jan 2025
1741,Vellore,vellore_arakkonam,Tomato,Local,FAQ,2265,2671,2456,127.63,23 Jan 2026
1742,Vellore,vellore_gudiyatham,Tomato,Local,FAQ,1623,1995,1783,244.02,23 Jan 2026
1743,Vellore,vellore_market,Tomato,Local,FAQ,1832,2429,2125,133.23,23 Jan 2026
1744,Vellore,vellore_vaniyambadi,Tomato,Local,FAQ,1773,2120,1915,195.24,23 Jan 2026
1745,Vellore,vellore_arakkonam,Tomato,Local,FAQ,1423,1873,1651,63.42,23 Jul 2025
1746,Vellore,vellore_gudiyatham,Tomato,Local,FAQ,1405,1810,1601,71.34,23 Jul 2025
1747,Vellore,vellore_market,Tomato,Local,FAQ,1061,1277,1146,97.68,23 Jul 2025
1748,Vellore,vellore_vaniyambadi,Tomato,Local,FAQ,1329,1594,1463,82.87,23 Jul 2025
1749,Vellore,vellore_arakkonam,Tomato,Local,FAQ,1429,1732,1546,82.63,23 Jul 2026
1750,Vellore,vellore_gudiyatham,Tomato,Local,FAQ,1340,1619,1474,77.95,23 Jul 2026
1751,Vellore,vellore_market,Tomato,Local,FAQ,1195,1477,1363,74.14,23 Jul 2026
1752,Vellore,vellore_vaniyambadi,Tomato,Local,FAQ,1823,2216,2007,83.61,23 Jul 2026
1753,Vellore,vellore_arakkonam,Tomato,Local,FAQ,1419,1739,1534,96.96,23 Jun 2025
1754,Vellore,vellore_gudiyatham,Tomato,Local,FAQ,1902,2399,2171,54.21,23 Jun 2025
1755,Vellore,vellore_market,Tomato,Local,FAQ,1624,1985,1779,69.69,23 Jun 2025
1756,Vellore,vellore_vaniyambadi,Tomato,Local,FAQ,1828,2124,1970,71.35,23 Jun 2025
1757,Vellore,vellore_arakkonam,Tomato,Local,FAQ,1437,1871,1644,93.36,23 Jun 2026
1758,Vellore,vellore_gudiyatham,Tomato,Local,FAQ,2108,2544,2273,56.92,23 Jun 2026
1759,Vellore,vellore_market,Tomato,Local,FAQ,1752,2123,1979,54.65,23 Jun 2026
1760,Vellore,vellore_vaniyambadi,Tomato,Local,FAQ,1998,2543,2303,85.53,23 Jun 2026
1761,Vellore,vellore_arakkonam,Tomato,Local,FAQ,1790,2147,1974,179.78,23 Mar 2025
1762,Vellore,vellore_gudiyatham,Tomato,Local,FAQ,2416,2851,2659,112.32,23 Mar 2025
1763,Vellore,vellore_market,Tomato,Local,FAQ,2529,2989,2740,75.71,23 Mar 2025
1764,Vellore,vellore_vaniyambadi,Tomato,Local,FAQ,2303,2777,2522,122.05,23 Mar 2025
1765,Vellore,vellore_arakkonam,Tomato,Local,FAQ,1741,2160,1937,176.52,23 Mar 2026
1766,Vellore,vellore_gudiyatham,Tomato,Local,FAQ,1817,2352,2065,176.85,23 Mar 2026
1767,Vellore,vellore_market,Tomato,Local,FAQ,2249,2676,2457,90.72,23 Mar 2026
1768,Vellore,vellore_vaniyambadi,Tomato,Local,FAQ,2195,2670,2426,129.03,23 Mar 2026
1769,Vellore,vellore_arakkonam,Tomato,Local,FAQ,1886,2405,2137,89.03,23 May 2025
1770,Vellore,vellore_gudiyatham,Tomato,Local,FAQ,1748,2102,1934,95.17,23 May 2025
1771,Vellore,vellore_market,Tomato,Local,FAQ,1800,2114,1948,79.62,23 May 2025
1772,Vellore,vellore_vaniyambadi,Tomato,Local,FAQ,1708,2116,1977,93.96,23 May 2025
1773,Vellore,vellore_arakkonam,Tomato,Local,FAQ,1504,1797,1638,133.86,23 May 2026
1774,Vellore,vellore_gudiyatham,Tomato,Local,FAQ,2608,3273,2931,48.28,23 May 2026
1775,Vellore,vellore_market,Tomato,Local,FAQ,1731,2106,1891,91.2,23 May 2026
1776,Vellore,vellore_vaniyambadi,Tomato,Local,FAQ,1951,2539,2265,80.51,23 May 2026
1777,Vellore,vellore_arakkonam,Tomato,Local,FAQ,1224,1569,1419,149.15,23 Nov 2025
1778,Vellore,vellore_gudiyatham,Tomato,Local,FAQ,1408,1729,1573,135.49,23 Nov 2025
1779,Vellore,vellore_market,Tomato,Local,FAQ,1384,1699,1497,135.0,23 Nov 2025
1780,Vellore,vellore_vaniyambadi,Tomato,Local,FAQ,1414,1756,1588,147.63,23 Nov 2025
1781,Vellore,vellore_arakkonam,Tomato,Local,FAQ,1008,1302,1148,162.24,23 Oct 2025
1782,Vellore,vellore_gudiyatham,Tomato,Local,FAQ,1329,1576,1435,105.72,23 Oct 2025
1783,Vellore,vellore_market,Tomato,Local,FAQ,1447,1854,1646,72.45,23 Oct 2025
1784,Vellore,vellore_vaniyambadi,Tomato,Local,FAQ,1423,1766,1611,96.65,23 Oct 2025
1785,Vellore,vellore_arakkonam,Tomato,Local,FAQ,1011,1201,1106,137.33,23 Sep 2025
1786,Vellore,vellore_gudiyatham,Tomato,Local,FAQ,1119,1412,1242,105.8,23 Sep 2025
1787,Vellore,vellore_market,Tomato,Local,FAQ,1170,1464,1334,64.78,23 Sep 2025
1788,Vellore,vellore_vaniyambadi,Tomato,Local,FAQ,967,1147,1058,139.97,23 Sep 2025
1789,Vellore,vellore_arakkonam,Tomato,Local,FAQ,1873,2343,2122,138.51,24 Apr 2025
1790,Vellore,vellore_gudiyatham,Tomato,Local,FAQ,1870,2340,2140,122.83,24 Apr 2025
1791,Vellore,vellore_market,Tomato,Local,FAQ,1660,2075,1903,126.51,24 Apr 2025
1792,Vellore,vellore_vaniyambadi,Tomato,Local,FAQ,1894,2388,2098,121.61,24 Apr 2025
1793,Vellore,vellore_arakkonam,Tomato,Local,FAQ,1817,2265,2095,131.78,24 Apr 2026
1794,Vellore,vellore_gudiyatham,Tomato,Local,FAQ,2278,2854,2619,83.51,24 Apr 2026
1795,Vellore,vellore_market,Tomato,Local,FAQ,1651,2038,1883,116.78,24 Apr 2026
1796,Vellore,vellore_vaniyambadi,Tomato,Local,FAQ,1842,2306,2112,128.03,24 Apr 2026
1797,Vellore,vellore_arakkonam,Tomato,Local,FAQ,1006,1311,1161,89.41,24 Aug 2025
1798,Vellore,vellore_gudiyatham,Tomato,Local,FAQ,1043,1266,1173,86.04,24 Aug 2025
1799,Vellore,vellore_market,Tomato,Local,FAQ,1285,1580,1411,65.83,24 Aug 2025
1800,Vellore,vellore_vaniyambadi,Tomato,Local,FAQ,859,1108,966,143.07,24 Aug 2025
1801,Vellore,vellore_arakkonam,Tomato,Local,FAQ,1910,2427,2165,120.17,24 Dec 2025
1802,Vellore,vellore_gudiyatham,Tomato,Local,FAQ,1698,2107,1889,166.21,24 Dec 2025
1803,Vellore,vellore_market,Tomato,Local,FAQ,2167,2730,2429,82.92,24 Dec 2025
1804,Vellore,vellore_vaniyambadi,Tomato,Local,FAQ,1891,2374,2098,131.02,24 Dec 2025
1805,Vellore,vellore_arakkonam,Tomato,Local,FAQ,2206,2642,2426,134.64,24 Feb 2025
1806,Vellore,vellore_gudiyatham,Tomato,Local,FAQ,2282,2860,2529,126.17,24 Feb 2025
1807,Vellore,vellore_market,Tomato,Local,FAQ,2128,2671,2458,105.04,24 Feb 2025
1808,Vellore,vellore_vaniyambadi,Tomato,Local,FAQ,1922,2383,2092,186.26,24 Feb 2025
1809,Vellore,vellore_arakkonam,Tomato,Local,FAQ,1901,2389,2164,177.73,24 Feb 2026
1810,Vellore,vellore_gudiyatham,Tomato,Local,FAQ,2208,2567,2389,137.2,24 Feb 2026
1811,Vellore,vellore_market,Tomato,Local,FAQ,2180,2758,2444,97.03,24 Feb 2026
1812,Vellore,vellore_vaniyambadi,Tomato,Local,FAQ,1680,2077,1932,189.87,24 Feb 2026
1813,Vellore,vellore_arakkonam,Tomato,Local,FAQ,2220,2648,2454,130.87,24 Jan 2025
1814,Vellore,vellore_gudiyatham,Tomato,Local,FAQ,1931,2425,2158,159.95,24 Jan 2025
1815,Vellore,vellore_market,Tomato,Local,FAQ,1915,2311,2156,117.22,24 Jan 2025
1816,Vellore,vellore_vaniyambadi,Tomato,Local,FAQ,1764,2219,2050,156.92,24 Jan 2025
1817,Vellore,vellore_arakkonam,Tomato,Local,FAQ,2522,3273,2853,102.16,24 Jan 2026
1818,Vellore,vellore_gudiyatham,Tomato,Local,FAQ,2415,3102,2742,111.63,24 Jan 2026
1819,Vellore,vellore_market,Tomato,Local,FAQ,2600,3380,2984,73.38,24 Jan 2026
1820,Vellore,vellore_vaniyambadi,Tomato,Local,FAQ,1945,2458,2177,143.24,24 Jan 2026
1821,Vellore,vellore_arakkonam,Tomato,Local,FAQ,1299,1537,1399,92.93,24 Jul 2025
1822,Vellore,vellore_gudiyatham,Tomato,Local,FAQ,1243,1518,1383,90.25,24 Jul 2025
1823,Vellore,vellore_market,Tomato,Local,FAQ,1400,1665,1530,62.58,24 Jul 2025
1824,Vellore,vellore_vaniyambadi,Tomato,Local,FAQ,1246,1493,1356,90.19,24 Jul 2025
1825,Vellore,vellore_arakkonam,Tomato,Local,FAQ,1252,1543,1435,91.68,24 Jul 2026
1826,Vellore,vellore_gudiyatham,Tomato,Local,FAQ,1242,1533,1336,97.48,24 Jul 2026
1827,Vellore,vellore_market,Tomato,Local,FAQ,1351,1791,1570,54.64,24 Jul 2026
1828,Vellore,vellore_vaniyambadi,Tomato,Local,FAQ,1853,2254,2001,64.99,24 Jul 2026
1829,Vellore,vellore_arakkonam,Tomato,Local,FAQ,1585,2057,1842,70.73,24 Jun 2025
1830,Vellore,vellore_gudiyatham,Tomato,Local,FAQ,1716,2167,1934,69.99,24 Jun 2025
1831,Vellore,vellore_market,Tomato,Local,FAQ,1489,1907,1731,68.06,24 Jun 2025
1832,Vellore,vellore_vaniyambadi,Tomato,Local,FAQ,1571,1944,1691,93.39,24 Jun 2025
1833,Vellore,vellore_arakkonam,Tomato,Local,FAQ,1787,2199,1930,63.07,24 Jun 2026
1834,Vellore,vellore_gudiyatham,Tomato,Local,FAQ,1953,2576,2258,59.92,24 Jun 2026
1835,Vellore,vellore_market,Tomato,Local,FAQ,1541,1923,1704,72.05,24 Jun 2026
1836,Vellore,vellore_vaniyambadi,Tomato,Local,FAQ,2006,2475,2288,71.24,24 Jun 2026
1837,Vellore,vellore_arakkonam,Tomato,Local,FAQ,2748,3512,3194,67.63,24 Mar 2025
1838,Vellore,vellore_gudiyatham,Tomato,Local,FAQ,2256,2733,2514,129.68,24 Mar 2025
1839,Vellore,vellore_market,Tomato,Local,FAQ,1940,2444,2132,107.8,24 Mar 2025
1840,Vellore,vellore_vaniyambadi,Tomato,Local,FAQ,1873,2417,2112,157.33,24 Mar 2025
1841,Vellore,vellore_arakkonam,Tomato,Local,FAQ,1971,2395,2121,157.52,24 Mar 2026
1842,Vellore,vellore_gudiyatham,Tomato,Local,FAQ,2454,3109,2762,111.01,24 Mar 2026
1843,Vellore,vellore_market,Tomato,Local,FAQ,2173,2636,2364,102.9,24 Mar 2026
1844,Vellore,vellore_vaniyambadi,Tomato,Local,FAQ,2123,2530,2317,156.76,24 Mar 2026
1845,Vellore,vellore_arakkonam,Tomato,Local,FAQ,1851,2281,2110,89.33,24 May 2025
1846,Vellore,vellore_gudiyatham,Tomato,Local,FAQ,1768,2250,2026,91.87,24 May 2025
1847,Vellore,vellore_market,Tomato,Local,FAQ,1683,2155,1902,78.31,24 May 2025
1848,Vellore,vellore_vaniyambadi,Tomato,Local,FAQ,1463,1701,1586,132.87,24 May 2025
1849,Vellore,vellore_arakkonam,Tomato,Local,FAQ,1801,2261,1981,101.85,24 May 2026
1850,Vellore,vellore_gudiyatham,Tomato,Local,FAQ,1862,2410,2138,79.8,24 May 2026
1851,Vellore,vellore_market,Tomato,Local,FAQ,1866,2337,2153,70.11,24 May 2026
1852,Vellore,vellore_vaniyambadi,Tomato,Local,FAQ,2177,2813,2457,69.51,24 May 2026
1853,Vellore,vellore_arakkonam,Tomato,Local,FAQ,1502,1818,1659,114.84,24 Nov 2025
1854,Vellore,vellore_gudiyatham,Tomato,Local,FAQ,1411,1744,1577,133.11,24 Nov 2025
1855,Vellore,vellore_market,Tomato,Local,FAQ,1602,2025,1810,100.65,24 Nov 2025
1856,Vellore,vellore_vaniyambadi,Tomato,Local,FAQ,1590,2019,1797,111.59,24 Nov 2025
1857,Vellore,vellore_arakkonam,Tomato,Local,FAQ,1181,1484,1310,126.68,24 Oct 2025
1858,Vellore,vellore_gudiyatham,Tomato,Local,FAQ,1152,1403,1258,137.06,24 Oct 2025
1859,Vellore,vellore_market,Tomato,Local,FAQ,1325,1592,1456,90.39,24 Oct 2025
1860,Vellore,vellore_vaniyambadi,Tomato,Local,FAQ,1237,1538,1391,133.03,24 Oct 2025
1861,Vellore,vellore_arakkonam,Tomato,Local,FAQ,1164,1462,1283,110.84,24 Sep 2025
1862,Vellore,vellore_gudiyatham,Tomato,Local,FAQ,1132,1478,1295,96.89,24 Sep 2025
1863,Vellore,vellore_market,Tomato,Local,FAQ,1276,1573,1414,61.93,24 Sep 2025
1864,Vellore,vellore_vaniyambadi,Tomato,Local,FAQ,1084,1367,1244,112.08,24 Sep 2025
1865,Vellore,vellore_arakkonam,Tomato,Local,FAQ,1817,2246,2095,130.52,25 Apr 2025
1866,Vellore,vellore_gudiyatham,Tomato,Local,FAQ,1930,2424,2199,111.66,25 Apr 2025
1867,Vellore,vellore_market,Tomato,Local,FAQ,2057,2461,2240,95.08,25 Apr 2025
1868,Vellore,vellore_vaniyambadi,Tomato,Local,FAQ,1709,2078,1846,146.73,25 Apr 2025
1869,Vellore,vellore_arakkonam,Tomato,Local,FAQ,2216,2731,2392,95.85,25 Apr 2026
1870,Vellore,vellore_gudiyatham,Tomato,Local,FAQ,2353,2809,2579,81.85,25 Apr 2026
1871,Vellore,vellore_market,Tomato,Local,FAQ,2311,2829,2591,68.93,25 Apr 2026
1872,Vellore,vellore_vaniyambadi,Tomato,Local,FAQ,2279,2762,2487,87.58,25 Apr 2026
1873,Vellore,vellore_arakkonam,Tomato,Local,FAQ,1177,1516,1366,69.58,25 Aug 2025
1874,Vellore,vellore_gudiyatham,Tomato,Local,FAQ,1144,1489,1302,65.61,25 Aug 2025
1875,Vellore,vellore_market,Tomato,Local,FAQ,1346,1711,1522,58.98,25 Aug 2025
1876,Vellore,vellore_vaniyambadi,Tomato,Local,FAQ,1180,1386,1272,84.17,25 Aug 2025
1877,Vellore,vellore_arakkonam,Tomato,Local,FAQ,1789,2271,1986,146.86,25 Dec 2025
1878,Vellore,vellore_gudiyatham,Tomato,Local,FAQ,1637,2010,1761,178.77,25 Dec 2025
1879,Vellore,vellore_market,Tomato,Local,FAQ,1562,1920,1759,155.0,25 Dec 2025
1880,Vellore,vellore_vaniyambadi,Tomato,Local,FAQ,1821,2274,2009,140.11,25 Dec 2025
1881,Vellore,vellore_arakkonam,Tomato,Local,FAQ,2266,2726,2490,132.68,25 Feb 2025
1882,Vellore,vellore_gudiyatham,Tomato,Local,FAQ,2005,2528,2213,157.88,25 Feb 2025
1883,Vellore,vellore_market,Tomato,Local,FAQ,2405,2976,2590,97.15,25 Feb 2025
1884,Vellore,vellore_vaniyambadi,Tomato,Local,FAQ,1796,2325,2067,179.36,25 Feb 2025
1885,Vellore,vellore_arakkonam,Tomato,Local,FAQ,2128,2623,2408,134.28,25 Feb 2026
1886,Vellore,vellore_gudiyatham,Tomato,Local,FAQ,1891,2240,2041,187.15,25 Feb 2026
1887,Vellore,vellore_market,Tomato,Local,FAQ,2480,3025,2710,81.29,25 Feb 2026
1888,Vellore,vellore_vaniyambadi,Tomato,Local,FAQ,1889,2189,2039,155.32,25 Feb 2026
1889,Vellore,vellore_arakkonam,Tomato,Local,FAQ,1728,2212,1964,193.08,25 Jan 2025
1890,Vellore,vellore_gudiyatham,Tomato,Local,FAQ,1908,2404,2106,162.45,25 Jan 2025
1891,Vellore,vellore_market,Tomato,Local,FAQ,1924,2401,2176,126.36,25 Jan 2025
1892,Vellore,vellore_vaniyambadi,Tomato,Local,FAQ,1660,2077,1807,207.24,25 Jan 2025
1893,Vellore,vellore_arakkonam,Tomato,Local,FAQ,1750,2239,2034,183.7,25 Jan 2026
1894,Vellore,vellore_gudiyatham,Tomato,Local,FAQ,2310,2767,2579,119.94,25 Jan 2026
1895,Vellore,vellore_market,Tomato,Local,FAQ,2306,2831,2542,92.84,25 Jan 2026
1896,Vellore,vellore_vaniyambadi,Tomato,Local,FAQ,1757,2092,1941,183.18,25 Jan 2026
1897,Vellore,vellore_arakkonam,Tomato,Local,FAQ,1225,1546,1360,94.71,25 Jul 2025
1898,Vellore,vellore_gudiyatham,Tomato,Local,FAQ,1277,1578,1440,86.0,25 Jul 2025
1899,Vellore,vellore_market,Tomato,Local,FAQ,1698,2057,1887,42.84,25 Jul 2025
1900,Vellore,vellore_vaniyambadi,Tomato,Local,FAQ,816,1008,896,188.05,25 Jul 2025
1901,Vellore,vellore_arakkonam,Tomato,Local,FAQ,1409,1707,1571,76.1,25 Jul 2026
1902,Vellore,vellore_gudiyatham,Tomato,Local,FAQ,1562,1826,1689,65.18,25 Jul 2026
1903,Vellore,vellore_market,Tomato,Local,FAQ,1073,1290,1166,92.75,25 Jul 2026
1904,Vellore,vellore_vaniyambadi,Tomato,Local,FAQ,1724,2137,1996,81.04,25 Jul 2026
1905,Vellore,vellore_arakkonam,Tomato,Local,FAQ,1511,1895,1685,88.22,25 Jun 2025
1906,Vellore,vellore_gudiyatham,Tomato,Local,FAQ,1449,1796,1573,108.06,25 Jun 2025
1907,Vellore,vellore_market,Tomato,Local,FAQ,1410,1738,1543,77.0,25 Jun 2025
1908,Vellore,vellore_vaniyambadi,Tomato,Local,FAQ,1650,1946,1817,79.94,25 Jun 2025
1909,Vellore,vellore_arakkonam,Tomato,Local,FAQ,1532,1899,1667,77.18,25 Jun 2026
1910,Vellore,vellore_gudiyatham,Tomato,Local,FAQ,1526,2025,1773,84.55,25 Jun 2026
1911,Vellore,vellore_market,Tomato,Local,FAQ,1683,2142,1946,58.44,25 Jun 2026
1912,Vellore,vellore_vaniyambadi,Tomato,Local,FAQ,2114,2486,2279,76.23,25 Jun 2026
1913,Vellore,vellore_arakkonam,Tomato,Local,FAQ,1927,2331,2103,152.05,25 Mar 2025
1914,Vellore,vellore_gudiyatham,Tomato,Local,FAQ,2199,2709,2419,128.94,25 Mar 2025
1915,Vellore,vellore_market,Tomato,Local,FAQ,1423,1714,1588,197.47,25 Mar 2025
1916,Vellore,vellore_vaniyambadi,Tomato,Local,FAQ,2281,2786,2582,107.68,25 Mar 2025
1917,Vellore,vellore_arakkonam,Tomato,Local,FAQ,1735,2192,1950,172.57,25 Mar 2026
1918,Vellore,vellore_gudiyatham,Tomato,Local,FAQ,2079,2746,2402,140.14,25 Mar 2026
1919,Vellore,vellore_market,Tomato,Local,FAQ,2180,2661,2353,105.63,25 Mar 2026
1920,Vellore,vellore_vaniyambadi,Tomato,Local,FAQ,2262,2758,2556,132.2,25 Mar 2026
1921,Vellore,vellore_arakkonam,Tomato,Local,FAQ,2068,2481,2249,77.1,25 May 2025
1922,Vellore,vellore_gudiyatham,Tomato,Local,FAQ,1770,2216,2041,91.75,25 May 2025
1923,Vellore,vellore_market,Tomato,Local,FAQ,1676,2121,1945,78.04,25 May 2025
1924,Vellore,vellore_vaniyambadi,Tomato,Local,FAQ,1425,1799,1639,118.47,25 May 2025
1925,Vellore,vellore_arakkonam,Tomato,Local,FAQ,1378,1678,1558,152.45,25 May 2026
1926,Vellore,vellore_gudiyatham,Tomato,Local,FAQ,1549,1989,1778,105.92,25 May 2026
1927,Vellore,vellore_market,Tomato,Local,FAQ,1692,2161,1958,81.42,25 May 2026
1928,Vellore,vellore_vaniyambadi,Tomato,Local,FAQ,1854,2274,2011,96.3,25 May 2026
1929,Vellore,vellore_arakkonam,Tomato,Local,FAQ,1705,2091,1877,95.68,25 Nov 2025
1930,Vellore,vellore_gudiyatham,Tomato,Local,FAQ,1505,1921,1692,118.74,25 Nov 2025
1931,Vellore,vellore_market,Tomato,Local,FAQ,1819,2193,1984,83.97,25 Nov 2025
1932,Vellore,vellore_vaniyambadi,Tomato,Local,FAQ,1479,1764,1598,147.73,25 Nov 2025
1933,Vellore,vellore_arakkonam,Tomato,Local,FAQ,1330,1643,1470,107.35,25 Oct 2025
1934,Vellore,vellore_gudiyatham,Tomato,Local,FAQ,1306,1673,1482,103.74,25 Oct 2025
1935,Vellore,vellore_market,Tomato,Local,FAQ,1229,1492,1344,99.79,25 Oct 2025
1936,Vellore,vellore_vaniyambadi,Tomato,Local,FAQ,1370,1813,1581,103.65,25 Oct 2025
1937,Vellore,vellore_arakkonam,Tomato,Local,FAQ,1121,1346,1220,125.29,25 Sep 2025
1938,Vellore,vellore_gudiyatham,Tomato,Local,FAQ,1335,1593,1483,74.19,25 Sep 2025
1939,Vellore,vellore_market,Tomato,Local,FAQ,1047,1292,1189,91.08,25 Sep 2025
1940,Vellore,vellore_vaniyambadi,Tomato,Local,FAQ,1370,1741,1517,83.44,25 Sep 2025
1941,Vellore,vellore_arakkonam,Tomato,Local,FAQ,1911,2363,2093,120.12,26 Apr 2025
1942,Vellore,vellore_gudiyatham,Tomato,Local,FAQ,2051,2581,2320,100.08,26 Apr 2025
1943,Vellore,vellore_market,Tomato,Local,FAQ,2000,2571,2250,85.47,26 Apr 2025
1944,Vellore,vellore_vaniyambadi,Tomato,Local,FAQ,1696,2202,1924,133.45,26 Apr 2025
1945,Vellore,vellore_arakkonam,Tomato,Local,FAQ,1517,1857,1724,176.06,26 Apr 2026
1946,Vellore,vellore_gudiyatham,Tomato,Local,FAQ,2186,2772,2473,82.2,26 Apr 2026
1947,Vellore,vellore_market,Tomato,Local,FAQ,1754,2126,1941,116.53,26 Apr 2026
1948,Vellore,vellore_vaniyambadi,Tomato,Local,FAQ,2012,2536,2331,95.92,26 Apr 2026
1949,Vellore,vellore_arakkonam,Tomato,Local,FAQ,1126,1387,1248,87.57,26 Aug 2025
1950,Vellore,vellore_gudiyatham,Tomato,Local,FAQ,1005,1179,1088,93.42,26 Aug 2025
1951,Vellore,vellore_market,Tomato,Local,FAQ,1348,1654,1522,57.01,26 Aug 2025
1952,Vellore,vellore_vaniyambadi,Tomato,Local,FAQ,1088,1364,1220,90.76,26 Aug 2025
1953,Vellore,vellore_arakkonam,Tomato,Local,FAQ,1720,2250,1973,148.1,26 Dec 2025
1954,Vellore,vellore_gudiyatham,Tomato,Local,FAQ,1722,2251,1985,134.53,26 Dec 2025
1955,Vellore,vellore_market,Tomato,Local,FAQ,1859,2254,2036,120.7,26 Dec 2025
1956,Vellore,vellore_vaniyambadi,Tomato,Local,FAQ,1839,2206,2018,137.58,26 Dec 2025
1957,Vellore,vellore_arakkonam,Tomato,Local,FAQ,2157,2714,2481,133.38,26 Feb 2025
1958,Vellore,vellore_gudiyatham,Tomato,Local,FAQ,1750,2167,1936,194.3,26 Feb 2025
1959,Vellore,vellore_market,Tomato,Local,FAQ,2439,2997,2679,83.56,26 Feb 2025
1960,Vellore,vellore_vaniyambadi,Tomato,Local,FAQ,1833,2283,2087,186.09,26 Feb 2025
1961,Vellore,vellore_arakkonam,Tomato,Local,FAQ,2089,2604,2268,160.78,26 Feb 2026
1962,Vellore,vellore_gudiyatham,Tomato,Local,FAQ,1837,2319,2096,198.05,26 Feb 2026
1963,Vellore,vellore_market,Tomato,Local,FAQ,2177,2764,2519,92.25,26 Feb 2026
1964,Vellore,vellore_vaniyambadi,Tomato,Local,FAQ,1858,2284,2075,148.55,26 Feb 2026
1965,Vellore,vellore_arakkonam,Tomato,Local,FAQ,2044,2642,2319,144.89,26 Jan 2025
1966,Vellore,vellore_gudiyatham,Tomato,Local,FAQ,2157,2777,2441,128.15,26 Jan 2025
1967,Vellore,vellore_market,Tomato,Local,FAQ,2496,2963,2717,89.68,26 Jan 2025
1968,Vellore,vellore_vaniyambadi,Tomato,Local,FAQ,1880,2297,2051,163.87,26 Jan 2025
1969,Vellore,vellore_arakkonam,Tomato,Local,FAQ,2615,3259,2866,96.85,26 Jan 2026
1970,Vellore,vellore_gudiyatham,Tomato,Local,FAQ,2062,2631,2358,126.9,26 Jan 2026
1971,Vellore,vellore_market,Tomato,Local,FAQ,1773,2169,1986,147.0,26 Jan 2026
1972,Vellore,vellore_vaniyambadi,Tomato,Local,FAQ,2063,2525,2305,130.67,26 Jan 2026
1973,Vellore,vellore_arakkonam,Tomato,Local,FAQ,1022,1266,1141,128.03,26 Jul 2025
1974,Vellore,vellore_gudiyatham,Tomato,Local,FAQ,1146,1401,1247,113.92,26 Jul 2025
1975,Vellore,vellore_market,Tomato,Local,FAQ,1663,2010,1806,46.67,26 Jul 2025
1976,Vellore,vellore_vaniyambadi,Tomato,Local,FAQ,1064,1414,1230,103.06,26 Jul 2025
1977,Vellore,vellore_arakkonam,Tomato,Local,FAQ,1053,1332,1175,118.46,26 Jul 2026
1978,Vellore,vellore_gudiyatham,Tomato,Local,FAQ,1705,2212,1970,47.0,26 Jul 2026
1979,Vellore,vellore_market,Tomato,Local,FAQ,1485,1840,1633,49.48,26 Jul 2026
1980,Vellore,vellore_vaniyambadi,Tomato,Local,FAQ,1777,2196,1990,52.41,26 Jul 2026
1981,Vellore,vellore_arakkonam,Tomato,Local,FAQ,1501,1963,1721,82.19,26 Jun 2025
1982,Vellore,vellore_gudiyatham,Tomato,Local,FAQ,1353,1680,1515,106.95,26 Jun 2025
1983,Vellore,vellore_market,Tomato,Local,FAQ,1691,2016,1855,52.97,26 Jun 2025
1984,Vellore,vellore_vaniyambadi,Tomato,Local,FAQ,1670,2024,1871,73.49,26 Jun 2025
1985,Vellore,vellore_arakkonam,Tomato,Local,FAQ,1516,1974,1719,77.22,26 Jun 2026
1986,Vellore,vellore_gudiyatham,Tomato,Local,FAQ,1637,2016,1773,88.43,26 Jun 2026
1987,Vellore,vellore_market,Tomato,Local,FAQ,1423,1803,1596,80.39,26 Jun 2026
1988,Vellore,vellore_vaniyambadi,Tomato,Local,FAQ,2051,2500,2282,96.98,26 Jun 2026
1989,Vellore,vellore_arakkonam,Tomato,Local,FAQ,1948,2435,2251,135.9,26 Mar 2025
1990,Vellore,vellore_gudiyatham,Tomato,Local,FAQ,2400,2977,2697,104.33,26 Mar 2025
1991,Vellore,vellore_market,Tomato,Local,FAQ,1872,2358,2171,103.86,26 Mar 2025
1992,Vellore,vellore_vaniyambadi,Tomato,Local,FAQ,1648,2015,1875,202.53,26 Mar 2025
1993,Vellore,vellore_arakkonam,Tomato,Local,FAQ,1919,2363,2071,172.3,26 Mar 2026
1994,Vellore,vellore_gudiyatham,Tomato,Local,FAQ,2983,3691,3264,85.43,26 Mar 2026
1995,Vellore,vellore_market,Tomato,Local,FAQ,1920,2264,2093,126.8,26 Mar 2026
1996,Vellore,vellore_vaniyambadi,Tomato,Local,FAQ,2131,2562,2339,141.12,26 Mar 2026
1997,Vellore,vellore_arakkonam,Tomato,Local,FAQ,1826,2292,2079,100.99,26 May 2025
1998,Vellore,vellore_gudiyatham,Tomato,Local,FAQ,1845,2229,2061,84.13,26 May 2025
1999,Vellore,vellore_market,Tomato,Local,FAQ,1920,2260,2097,68.38,26 May 2025
2000,Vellore,vellore_vaniyambadi,Tomato,Local,FAQ,1712,2179,1912,105.21,26 May 2025
2001,Vellore,vellore_arakkonam,Tomato,Local,FAQ,1410,1816,1614,134.26,26 May 2026
2002,Vellore,vellore_gudiyatham,Tomato,Local,FAQ,1695,2039,1840,102.05,26 May 2026
2003,Vellore,vellore_market,Tomato,Local,FAQ,1803,2214,1952,74.23,26 May 2026
2004,Vellore,vellore_vaniyambadi,Tomato,Local,FAQ,2024,2474,2183,82.88,26 May 2026
2005,Vellore,vellore_arakkonam,Tomato,Local,FAQ,1455,1744,1576,138.76,26 Nov 2025
2006,Vellore,vellore_gudiyatham,Tomato,Local,FAQ,1437,1702,1557,150.56,26 Nov 2025
2007,Vellore,vellore_market,Tomato,Local,FAQ,1745,2238,1990,81.94,26 Nov 2025
2008,Vellore,vellore_vaniyambadi,Tomato,Local,FAQ,1386,1738,1512,167.03,26 Nov 2025
2009,Vellore,vellore_arakkonam,Tomato,Local,FAQ,1068,1252,1158,163.22,26 Oct 2025
2010,Vellore,vellore_gudiyatham,Tomato,Local,FAQ,1133,1425,1300,125.21,26 Oct 2025
2011,Vellore,vellore_market,Tomato,Local,FAQ,1162,1491,1311,108.11,26 Oct 2025
2012,Vellore,vellore_vaniyambadi,Tomato,Local,FAQ,1221,1549,1353,158.16,26 Oct 2025
2013,Vellore,vellore_arakkonam,Tomato,Local,FAQ,1079,1326,1237,115.34,26 Sep 2025
2014,Vellore,vellore_gudiyatham,Tomato,Local,FAQ,956,1190,1062,133.72,26 Sep 2025
2015,Vellore,vellore_market,Tomato,Local,FAQ,1264,1605,1442,66.6,26 Sep 2025
2016,Vellore,vellore_vaniyambadi,Tomato,Local,FAQ,1277,1569,1466,82.24,26 Sep 2025
2017,Vellore,vellore_arakkonam,Tomato,Local,FAQ,2050,2477,2241,101.35,27 Apr 2025
2018,Vellore,vellore_gudiyatham,Tomato,Local,FAQ,1783,2267,2006,133.86,27 Apr 2025
2019,Vellore,vellore_market,Tomato,Local,FAQ,1869,2428,2173,86.9,27 Apr 2025
2020,Vellore,vellore_vaniyambadi,Tomato,Local,FAQ,2246,2857,2490,91.19,27 Apr 2025
2021,Vellore,vellore_arakkonam,Tomato,Local,FAQ,2001,2613,2313,97.25,27 Apr 2026
2022,Vellore,vellore_gudiyatham,Tomato,Local,FAQ,2303,2958,2678,70.78,27 Apr 2026
2023,Vellore,vellore_market,Tomato,Local,FAQ,1811,2252,2084,104.8,27 Apr 2026
2024,Vellore,vellore_vaniyambadi,Tomato,Local,FAQ,1607,1970,1838,155.07,27 Apr 2026
2025,Vellore,vellore_arakkonam,Tomato,Local,FAQ,1153,1455,1279,78.97,27 Aug 2025
2026,Vellore,vellore_gudiyatham,Tomato,Local,FAQ,1234,1533,1390,66.08,27 Aug 2025
2027,Vellore,vellore_market,Tomato,Local,FAQ,1114,1485,1294,78.66,27 Aug 2025
2028,Vellore,vellore_vaniyambadi,Tomato,Local,FAQ,956,1212,1106,106.8,27 Aug 2025
2029,Vellore,vellore_arakkonam,Tomato,Local,FAQ,1955,2318,2138,132.52,27 Dec 2025
2030,Vellore,vellore_gudiyatham,Tomato,Local,FAQ,1883,2317,2055,123.79,27 Dec 2025
2031,Vellore,vellore_market,Tomato,Local,FAQ,2270,2779,2472,85.74,27 Dec 2025
2032,Vellore,vellore_vaniyambadi,Tomato,Local,FAQ,1665,2180,1919,156.13,27 Dec 2025
2033,Vellore,vellore_arakkonam,Tomato,Local,FAQ,1788,2213,2052,193.64,27 Feb 2025
2034,Vellore,vellore_gudiyatham,Tomato,Local,FAQ,2530,3196,2874,98.96,27 Feb 2025
2035,Vellore,vellore_market,Tomato,Local,FAQ,2388,2923,2627,84.88,27 Feb 2025
2036,Vellore,vellore_vaniyambadi,Tomato,Local,FAQ,1793,2260,2009,209.94,27 Feb 2025
2037,Vellore,vellore_arakkonam,Tomato,Local,FAQ,1818,2227,1987,201.92,27 Feb 2026
2038,Vellore,vellore_gudiyatham,Tomato,Local,FAQ,2577,3284,2888,103.94,27 Feb 2026
2039,Vellore,vellore_market,Tomato,Local,FAQ,2080,2556,2292,113.74,27 Feb 2026
2040,Vellore,vellore_vaniyambadi,Tomato,Local,FAQ,1625,1963,1760,216.33,27 Feb 2026
2041,Vellore,vellore_arakkonam,Tomato,Local,FAQ,2068,2671,2338,150.97,27 Jan 2025
2042,Vellore,vellore_gudiyatham,Tomato,Local,FAQ,2016,2573,2287,151.94,27 Jan 2025
2043,Vellore,vellore_market,Tomato,Local,FAQ,1710,2077,1891,175.39,27 Jan 2025
2044,Vellore,vellore_vaniyambadi,Tomato,Local,FAQ,1855,2297,2003,162.83,27 Jan 2025
2045,Vellore,vellore_arakkonam,Tomato,Local,FAQ,2232,2631,2456,122.81,27 Jan 2026
2046,Vellore,vellore_gudiyatham,Tomato,Local,FAQ,1958,2480,2263,136.56,27 Jan 2026
2047,Vellore,vellore_market,Tomato,Local,FAQ,2145,2690,2442,98.85,27 Jan 2026
2048,Vellore,vellore_vaniyambadi,Tomato,Local,FAQ,1894,2370,2100,164.06,27 Jan 2026
2049,Vellore,vellore_arakkonam,Tomato,Local,FAQ,1177,1467,1326,95.4,27 Jul 2025
2050,Vellore,vellore_gudiyatham,Tomato,Local,FAQ,1153,1344,1248,102.17,27 Jul 2025
2051,Vellore,vellore_market,Tomato,Local,FAQ,1279,1590,1424,71.58,27 Jul 2025
2052,Vellore,vellore_vaniyambadi,Tomato,Local,FAQ,1103,1417,1254,100.84,27 Jul 2025
2053,Vellore,vellore_arakkonam,Tomato,Local,FAQ,1250,1592,1386,93.73,27 Jul 2026
2054,Vellore,vellore_gudiyatham,Tomato,Local,FAQ,1524,1852,1727,53.03,27 Jul 2026
2055,Vellore,vellore_market,Tomato,Local,FAQ,1642,2181,1909,37.6,27 Jul 2026
2056,Vellore,vellore_vaniyambadi,Tomato,Local,FAQ,1788,2109,1968,99.21,27 Jul 2026
2057,Vellore,vellore_arakkonam,Tomato,Local,FAQ,1605,1921,1728,76.78,27 Jun 2025
2058,Vellore,vellore_gudiyatham,Tomato,Local,FAQ,1234,1572,1400,109.47,27 Jun 2025
2059,Vellore,vellore_market,Tomato,Local,FAQ,1384,1668,1554,72.28,27 Jun 2025
2060,Vellore,vellore_vaniyambadi,Tomato,Local,FAQ,1343,1615,1492,112.14,27 Jun 2025
2061,Vellore,vellore_arakkonam,Tomato,Local,FAQ,1760,2272,1991,63.11,27 Jun 2026
2062,Vellore,vellore_gudiyatham,Tomato,Local,FAQ,1599,1965,1794,83.75,27 Jun 2026
2063,Vellore,vellore_market,Tomato,Local,FAQ,1263,1568,1397,90.16,27 Jun 2026
2064,Vellore,vellore_vaniyambadi,Tomato,Local,FAQ,2006,2537,2280,103.39,27 Jun 2026
2065,Vellore,vellore_arakkonam,Tomato,Local,FAQ,2053,2542,2275,136.84,27 Mar 2025
2066,Vellore,vellore_gudiyatham,Tomato,Local,FAQ,2174,2765,2452,125.42,27 Mar 2025
2067,Vellore,vellore_market,Tomato,Local,FAQ,1972,2392,2142,118.04,27 Mar 2025
2068,Vellore,vellore_vaniyambadi,Tomato,Local,FAQ,2564,3201,2839,92.63,27 Mar 2025
2069,Vellore,vellore_arakkonam,Tomato,Local,FAQ,1713,2031,1855,213.75,27 Mar 2026
2070,Vellore,vellore_gudiyatham,Tomato,Local,FAQ,2481,3147,2750,105.08,27 Mar 2026
2071,Vellore,vellore_market,Tomato,Local,FAQ,2320,3027,2674,80.23,27 Mar 2026
2072,Vellore,vellore_vaniyambadi,Tomato,Local,FAQ,2126,2555,2321,146.92,27 Mar 2026
2073,Vellore,vellore_arakkonam,Tomato,Local,FAQ,1918,2249,2083,96.85,27 May 2025
2074,Vellore,vellore_gudiyatham,Tomato,Local,FAQ,1982,2415,2154,72.93,27 May 2025
2075,Vellore,vellore_market,Tomato,Local,FAQ,2019,2630,2289,55.63,27 May 2025
2076,Vellore,vellore_vaniyambadi,Tomato,Local,FAQ,1683,2096,1883,108.58,27 May 2025
2077,Vellore,vellore_arakkonam,Tomato,Local,FAQ,1921,2525,2204,76.51,27 May 2026
2078,Vellore,vellore_gudiyatham,Tomato,Local,FAQ,1815,2242,2003,94.92,27 May 2026
2079,Vellore,vellore_market,Tomato,Local,FAQ,1600,1968,1803,80.6,27 May 2026
2080,Vellore,vellore_vaniyambadi,Tomato,Local,FAQ,1699,2014,1859,107.44,27 May 2026
2081,Vellore,vellore_arakkonam,Tomato,Local,FAQ,1319,1569,1455,165.96,27 Nov 2025
2082,Vellore,vellore_gudiyatham,Tomato,Local,FAQ,1606,2116,1862,113.14,27 Nov 2025
2083,Vellore,vellore_market,Tomato,Local,FAQ,1644,1997,1808,93.65,27 Nov 2025
2084,Vellore,vellore_vaniyambadi,Tomato,Local,FAQ,1400,1747,1598,144.14,27 Nov 2025
2085,Vellore,vellore_arakkonam,Tomato,Local,FAQ,965,1241,1121,165.14,27 Oct 2025
2086,Vellore,vellore_gudiyatham,Tomato,Local,FAQ,1282,1557,1448,108.83,27 Oct 2025
2087,Vellore,vellore_market,Tomato,Local,FAQ,1241,1534,1403,94.64,27 Oct 2025
2088,Vellore,vellore_vaniyambadi,Tomato,Local,FAQ,1303,1688,1474,131.03,27 Oct 2025
2089,Vellore,vellore_arakkonam,Tomato,Local,FAQ,1539,1790,1670,70.9,27 Sep 2025
2090,Vellore,vellore_gudiyatham,Tomato,Local,FAQ,1172,1466,1295,101.51,27 Sep 2025
2091,Vellore,vellore_market,Tomato,Local,FAQ,1287,1615,1436,67.71,27 Sep 2025
2092,Vellore,vellore_vaniyambadi,Tomato,Local,FAQ,1204,1471,1331,90.79,27 Sep 2025
2093,Vellore,vellore_arakkonam,Tomato,Local,FAQ,1647,2042,1872,134.48,28 Apr 2025
2094,Vellore,vellore_gudiyatham,Tomato,Local,FAQ,1628,2039,1884,139.03,28 Apr 2025
2095,Vellore,vellore_market,Tomato,Local,FAQ,1959,2461,2254,78.03,28 Apr 2025
2096,Vellore,vellore_vaniyambadi,Tomato,Local,FAQ,1847,2429,2144,126.01,28 Apr 2025
2097,Vellore,vellore_arakkonam,Tomato,Local,FAQ,1804,2367,2077,117.46,28 Apr 2026
2098,Vellore,vellore_gudiyatham,Tomato,Local,FAQ,2096,2530,2346,93.24,28 Apr 2026
2099,Vellore,vellore_market,Tomato,Local,FAQ,1935,2429,2188,98.53,28 Apr 2026
2100,Vellore,vellore_vaniyambadi,Tomato,Local,FAQ,2129,2556,2350,90.68,28 Apr 2026
2101,Vellore,vellore_arakkonam,Tomato,Local,FAQ,1138,1408,1232,83.51,28 Aug 2025
2102,Vellore,vellore_gudiyatham,Tomato,Local,FAQ,1002,1254,1119,105.48,28 Aug 2025
2103,Vellore,vellore_market,Tomato,Local,FAQ,1461,1840,1645,45.74,28 Aug 2025
2104,Vellore,vellore_vaniyambadi,Tomato,Local,FAQ,1104,1333,1242,88.13,28 Aug 2025
2105,Vellore,vellore_arakkonam,Tomato,Local,FAQ,2205,2623,2430,118.15,28 Dec 2025
2106,Vellore,vellore_gudiyatham,Tomato,Local,FAQ,2114,2562,2296,111.9,28 Dec 2025
2107,Vellore,vellore_market,Tomato,Local,FAQ,2125,2657,2428,91.33,28 Dec 2025
2108,Vellore,vellore_vaniyambadi,Tomato,Local,FAQ,1477,1819,1646,207.11,28 Dec 2025
2109,Vellore,vellore_arakkonam,Tomato,Local,FAQ,2374,3030,2666,110.0,28 Feb 2025
2110,Vellore,vellore_gudiyatham,Tomato,Local,FAQ,2272,2806,2557,123.04,28 Feb 2025
2111,Vellore,vellore_market,Tomato,Local,FAQ,1971,2456,2166,127.92,28 Feb 2025
2112,Vellore,vellore_vaniyambadi,Tomato,Local,FAQ,2242,2881,2579,134.7,28 Feb 2025
2113,Vellore,vellore_arakkonam,Tomato,Local,FAQ,1949,2460,2217,150.13,28 Feb 2026
2114,Vellore,vellore_gudiyatham,Tomato,Local,FAQ,2388,3176,2765,111.26,28 Feb 2026
2115,Vellore,vellore_market,Tomato,Local,FAQ,2336,2934,2703,87.77,28 Feb 2026
2116,Vellore,vellore_vaniyambadi,Tomato,Local,FAQ,2219,2586,2403,132.46,28 Feb 2026
2117,Vellore,vellore_arakkonam,Tomato,Local,FAQ,2304,2848,2526,136.51,28 Jan 2025
2118,Vellore,vellore_gudiyatham,Tomato,Local,FAQ,2436,3036,2653,110.96,28 Jan 2025
2119,Vellore,vellore_market,Tomato,Local,FAQ,2861,3495,3196,67.85,28 Jan 2025
2120,Vellore,vellore_vaniyambadi,Tomato,Local,FAQ,1740,2170,2011,181.39,28 Jan 2025
2121,Vellore,vellore_arakkonam,Tomato,Local,FAQ,1646,2091,1824,200.36,28 Jan 2026
2122,Vellore,vellore_gudiyatham,Tomato,Local,FAQ,2005,2618,2299,137.51,28 Jan 2026
2123,Vellore,vellore_market,Tomato,Local,FAQ,2271,3008,2627,88.44,28 Jan 2026
2124,Vellore,vellore_vaniyambadi,Tomato,Local,FAQ,1799,2192,1940,180.19,28 Jan 2026
2125,Vellore,vellore_arakkonam,Tomato,Local,FAQ,1120,1417,1242,103.34,28 Jul 2025
2126,Vellore,vellore_gudiyatham,Tomato,Local,FAQ,1474,1768,1630,61.88,28 Jul 2025
2127,Vellore,vellore_market,Tomato,Local,FAQ,1536,1829,1674,52.4,28 Jul 2025
2128,Vellore,vellore_vaniyambadi,Tomato,Local,FAQ,1053,1291,1183,103.43,28 Jul 2025
2129,Vellore,vellore_arakkonam,Tomato,Local,FAQ,1178,1423,1324,96.81,28 Jul 2026
2130,Vellore,vellore_gudiyatham,Tomato,Local,FAQ,1446,1696,1560,63.79,28 Jul 2026
2131,Vellore,vellore_market,Tomato,Local,FAQ,1634,2048,1815,41.33,28 Jul 2026
2132,Vellore,vellore_vaniyambadi,Tomato,Local,FAQ,1756,2255,1966,74.79,28 Jul 2026
2133,Vellore,vellore_arakkonam,Tomato,Local,FAQ,1384,1653,1541,92.95,28 Jun 2025
2134,Vellore,vellore_gudiyatham,Tomato,Local,FAQ,1646,1979,1792,70.37,28 Jun 2025
2135,Vellore,vellore_market,Tomato,Local,FAQ,1553,1903,1729,59.93,28 Jun 2025
2136,Vellore,vellore_vaniyambadi,Tomato,Local,FAQ,1868,2433,2134,59.93,28 Jun 2025
2137,Vellore,vellore_arakkonam,Tomato,Local,FAQ,1525,1839,1654,84.09,28 Jun 2026
2138,Vellore,vellore_gudiyatham,Tomato,Local,FAQ,1655,2098,1914,72.15,28 Jun 2026
2139,Vellore,vellore_market,Tomato,Local,FAQ,1585,1965,1787,55.8,28 Jun 2026
2140,Vellore,vellore_vaniyambadi,Tomato,Local,FAQ,2003,2545,2263,117.49,28 Jun 2026
2141,Vellore,vellore_arakkonam,Tomato,Local,FAQ,2204,2607,2424,126.67,28 Mar 2025
2142,Vellore,vellore_gudiyatham,Tomato,Local,FAQ,2286,2790,2492,132.21,28 Mar 2025
2143,Vellore,vellore_market,Tomato,Local,FAQ,2393,3094,2705,83.25,28 Mar 2025
2144,Vellore,vellore_vaniyambadi,Tomato,Local,FAQ,2316,2838,2491,127.35,28 Mar 2025
2145,Vellore,vellore_arakkonam,Tomato,Local,FAQ,2442,2893,2654,101.0,28 Mar 2026
2146,Vellore,vellore_gudiyatham,Tomato,Local,FAQ,2356,2822,2626,115.76,28 Mar 2026
2147,Vellore,vellore_market,Tomato,Local,FAQ,1743,2175,1924,144.56,28 Mar 2026
2148,Vellore,vellore_vaniyambadi,Tomato,Local,FAQ,1854,2276,2007,187.73,28 Mar 2026
2149,Vellore,vellore_arakkonam,Tomato,Local,FAQ,1618,1904,1747,124.21,28 May 2025
2150,Vellore,vellore_gudiyatham,Tomato,Local,FAQ,1666,2044,1894,83.4,28 May 2025
2151,Vellore,vellore_market,Tomato,Local,FAQ,1885,2368,2164,61.8,28 May 2025
2152,Vellore,vellore_vaniyambadi,Tomato,Local,FAQ,1910,2376,2126,93.56,28 May 2025
2153,Vellore,vellore_arakkonam,Tomato,Local,FAQ,1775,2113,1914,101.14,28 May 2026
2154,Vellore,vellore_gudiyatham,Tomato,Local,FAQ,1758,2223,2002,93.53,28 May 2026
2155,Vellore,vellore_market,Tomato,Local,FAQ,2048,2384,2206,55.78,28 May 2026
2156,Vellore,vellore_vaniyambadi,Tomato,Local,FAQ,1728,2123,1968,92.75,28 May 2026
2157,Vellore,vellore_arakkonam,Tomato,Local,FAQ,1683,2143,1890,106.88,28 Nov 2025
2158,Vellore,vellore_gudiyatham,Tomato,Local,FAQ,1610,1946,1775,114.2,28 Nov 2025
2159,Vellore,vellore_market,Tomato,Local,FAQ,1658,2079,1869,89.23,28 Nov 2025
2160,Vellore,vellore_vaniyambadi,Tomato,Local,FAQ,1323,1637,1459,168.17,28 Nov 2025
2161,Vellore,vellore_arakkonam,Tomato,Local,FAQ,1248,1601,1411,112.7,28 Oct 2025
2162,Vellore,vellore_gudiyatham,Tomato,Local,FAQ,1191,1499,1329,122.34,28 Oct 2025
2163,Vellore,vellore_market,Tomato,Local,FAQ,1208,1534,1385,99.82,28 Oct 2025
2164,Vellore,vellore_vaniyambadi,Tomato,Local,FAQ,1302,1583,1446,134.48,28 Oct 2025
2165,Vellore,vellore_arakkonam,Tomato,Local,FAQ,1067,1320,1230,121.25,28 Sep 2025
2166,Vellore,vellore_gudiyatham,Tomato,Local,FAQ,1406,1770,1561,73.16,28 Sep 2025
2167,Vellore,vellore_market,Tomato,Local,FAQ,1506,1852,1655,52.39,28 Sep 2025
2168,Vellore,vellore_vaniyambadi,Tomato,Local,FAQ,1185,1542,1342,86.24,28 Sep 2025
2169,Vellore,vellore_arakkonam,Tomato,Local,FAQ,1991,2478,2247,91.03,29 Apr 2025
2170,Vellore,vellore_gudiyatham,Tomato,Local,FAQ,1973,2567,2273,95.83,29 Apr 2025
2171,Vellore,vellore_market,Tomato,Local,FAQ,1530,1913,1692,134.53,29 Apr 2025
2172,Vellore,vellore_vaniyambadi,Tomato,Local,FAQ,1878,2502,2183,108.08,29 Apr 2025
2173,Vellore,vellore_arakkonam,Tomato,Local,FAQ,2042,2596,2302,110.16,29 Apr 2026
2174,Vellore,vellore_gudiyatham,Tomato,Local,FAQ,1433,1711,1547,183.97,29 Apr 2026
2175,Vellore,vellore_market,Tomato,Local,FAQ,2080,2557,2340,79.94,29 Apr 2026
2176,Vellore,vellore_vaniyambadi,Tomato,Local,FAQ,1666,2051,1828,150.12,29 Apr 2026
2177,Vellore,vellore_arakkonam,Tomato,Local,FAQ,1020,1257,1142,100.73,29 Aug 2025
2178,Vellore,vellore_gudiyatham,Tomato,Local,FAQ,1103,1386,1243,85.33,29 Aug 2025
2179,Vellore,vellore_market,Tomato,Local,FAQ,1100,1355,1192,87.89,29 Aug 2025
2180,Vellore,vellore_vaniyambadi,Tomato,Local,FAQ,1112,1329,1224,87.87,29 Aug 2025
2181,Vellore,vellore_arakkonam,Tomato,Local,FAQ,1530,1887,1750,202.25,29 Dec 2025
2182,Vellore,vellore_gudiyatham,Tomato,Local,FAQ,1829,2294,2021,143.77,29 Dec 2025
2183,Vellore,vellore_market,Tomato,Local,FAQ,1792,2240,2066,116.75,29 Dec 2025
2184,Vellore,vellore_vaniyambadi,Tomato,Local,FAQ,1370,1680,1550,207.6,29 Dec 2025
2185,Vellore,vellore_arakkonam,Tomato,Local,FAQ,2167,2720,2426,136.76,29 Jan 2025
2186,Vellore,vellore_gudiyatham,Tomato,Local,FAQ,2042,2561,2249,148.44,29 Jan 2025
2187,Vellore,vellore_market,Tomato,Local,FAQ,2236,2776,2555,100.63,29 Jan 2025
2188,Vellore,vellore_vaniyambadi,Tomato,Local,FAQ,1310,1614,1448,317.99,29 Jan 2025
2189,Vellore,vellore_arakkonam,Tomato,Local,FAQ,2292,2706,2525,111.93,29 Jan 2026
2190,Vellore,vellore_gudiyatham,Tomato,Local,FAQ,2053,2563,2258,138.11,29 Jan 2026
2191,Vellore,vellore_market,Tomato,Local,FAQ,2365,2957,2723,85.95,29 Jan 2026
2192,Vellore,vellore_vaniyambadi,Tomato,Local,FAQ,1815,2167,1976,183.87,29 Jan 2026
2193,Vellore,vellore_arakkonam,Tomato,Local,FAQ,1327,1715,1528,68.95,29 Jul 2025
2194,Vellore,vellore_gudiyatham,Tomato,Local,FAQ,1163,1499,1316,89.7,29 Jul 2025
2195,Vellore,vellore_market,Tomato,Local,FAQ,1357,1752,1541,57.36,29 Jul 2025
2196,Vellore,vellore_vaniyambadi,Tomato,Local,FAQ,1089,1307,1197,97.0,29 Jul 2025
2197,Vellore,vellore_arakkonam,Tomato,Local,FAQ,1299,1690,1472,79.44,29 Jul 2026
2198,Vellore,vellore_gudiyatham,Tomato,Local,FAQ,1239,1526,1362,79.07,29 Jul 2026
2199,Vellore,vellore_market,Tomato,Local,FAQ,1197,1473,1297,77.02,29 Jul 2026
2200,Vellore,vellore_vaniyambadi,Tomato,Local,FAQ,1749,2112,1960,93.48,29 Jul 2026
2201,Vellore,vellore_arakkonam,Tomato,Local,FAQ,1435,1734,1546,90.17,29 Jun 2025
2202,Vellore,vellore_gudiyatham,Tomato,Local,FAQ,1373,1782,1588,95.11,29 Jun 2025
2203,Vellore,vellore_market,Tomato,Local,FAQ,1504,1885,1668,61.71,29 Jun 2025
2204,Vellore,vellore_vaniyambadi,Tomato,Local,FAQ,1451,1900,1657,89.2,29 Jun 2025
2205,Vellore,vellore_arakkonam,Tomato,Local,FAQ,1656,2067,1921,60.14,29 Jun 2026
2206,Vellore,vellore_gudiyatham,Tomato,Local,FAQ,1194,1500,1383,135.04,29 Jun 2026
2207,Vellore,vellore_market,Tomato,Local,FAQ,1240,1571,1384,88.32,29 Jun 2026
2208,Vellore,vellore_vaniyambadi,Tomato,Local,FAQ,1985,2442,2253,82.29,29 Jun 2026
2209,Vellore,vellore_arakkonam,Tomato,Local,FAQ,2070,2473,2294,141.74,29 Mar 2025
2210,Vellore,vellore_gudiyatham,Tomato,Local,FAQ,2225,2807,2480,142.11,29 Mar 2025
2211,Vellore,vellore_market,Tomato,Local,FAQ,2426,3025,2711,81.27,29 Mar 2025
2212,Vellore,vellore_vaniyambadi,Tomato,Local,FAQ,2445,3181,2828,105.16,29 Mar 2025
2213,Vellore,vellore_arakkonam,Tomato,Local,FAQ,1736,2024,1881,185.19,29 Mar 2026
2214,Vellore,vellore_gudiyatham,Tomato,Local,FAQ,1787,2183,2025,168.77,29 Mar 2026
2215,Vellore,vellore_market,Tomato,Local,FAQ,2033,2404,2187,108.74,29 Mar 2026
2216,Vellore,vellore_vaniyambadi,Tomato,Local,FAQ,2264,2719,2514,127.23,29 Mar 2026
2217,Vellore,vellore_arakkonam,Tomato,Local,FAQ,2286,2750,2538,59.07,29 May 2025
2218,Vellore,vellore_gudiyatham,Tomato,Local,FAQ,1319,1608,1481,140.91,29 May 2025
2219,Vellore,vellore_market,Tomato,Local,FAQ,1468,1828,1666,95.26,29 May 2025
2220,Vellore,vellore_vaniyambadi,Tomato,Local,FAQ,1683,2046,1857,110.59,29 May 2025
2221,Vellore,vellore_arakkonam,Tomato,Local,FAQ,1426,1855,1655,115.15,29 May 2026
2222,Vellore,vellore_gudiyatham,Tomato,Local,FAQ,1835,2339,2082,87.18,29 May 2026
2223,Vellore,vellore_market,Tomato,Local,FAQ,1626,1914,1752,87.74,29 May 2026
2224,Vellore,vellore_vaniyambadi,Tomato,Local,FAQ,1645,1983,1832,99.78,29 May 2026
2225,Vellore,vellore_arakkonam,Tomato,Local,FAQ,1822,2154,1998,91.44,29 Nov 2025
2226,Vellore,vellore_gudiyatham,Tomato,Local,FAQ,1721,2037,1900,101.25,29 Nov 2025
2227,Vellore,vellore_market,Tomato,Local,FAQ,1441,1786,1622,113.13,29 Nov 2025
2228,Vellore,vellore_vaniyambadi,Tomato,Local,FAQ,1373,1740,1551,153.98,29 Nov 2025
2229,Vellore,vellore_arakkonam,Tomato,Local,FAQ,1319,1621,1469,108.39,29 Oct 2025
2230,Vellore,vellore_gudiyatham,Tomato,Local,FAQ,1444,1790,1558,93.93,29 Oct 2025
2231,Vellore,vellore_market,Tomato,Local,FAQ,1291,1607,1402,98.94,29 Oct 2025
2232,Vellore,vellore_vaniyambadi,Tomato,Local,FAQ,1118,1388,1275,167.75,29 Oct 2025
2233,Vellore,vellore_arakkonam,Tomato,Local,FAQ,1035,1316,1165,125.35,29 Sep 2025
2234,Vellore,vellore_gudiyatham,Tomato,Local,FAQ,1319,1578,1420,88.65,29 Sep 2025
2235,Vellore,vellore_market,Tomato,Local,FAQ,1216,1532,1380,74.92,29 Sep 2025
2236,Vellore,vellore_vaniyambadi,Tomato,Local,FAQ,1209,1436,1314,91.31,29 Sep 2025
2237,Vellore,vellore_arakkonam,Tomato,Local,FAQ,1712,2008,1869,139.06,30 Apr 2025
2238,Vellore,vellore_gudiyatham,Tomato,Local,FAQ,1780,2319,2065,112.53,30 Apr 2025
2239,Vellore,vellore_market,Tomato,Local,FAQ,1872,2383,2117,98.31,30 Apr 2025
2240,Vellore,vellore_vaniyambadi,Tomato,Local,FAQ,1728,2071,1912,143.99,30 Apr 2025
2241,Vellore,vellore_arakkonam,Tomato,Local,FAQ,2014,2464,2242,107.03,30 Apr 2026
2242,Vellore,vellore_gudiyatham,Tomato,Local,FAQ,2013,2444,2167,108.89,30 Apr 2026
2243,Vellore,vellore_market,Tomato,Local,FAQ,2381,2848,2617,69.58,30 Apr 2026
2244,Vellore,vellore_vaniyambadi,Tomato,Local,FAQ,2570,3118,2911,65.07,30 Apr 2026
2245,Vellore,vellore_arakkonam,Tomato,Local,FAQ,1081,1381,1226,97.55,30 Aug 2025
2246,Vellore,vellore_gudiyatham,Tomato,Local,FAQ,1271,1579,1423,69.05,30 Aug 2025
2247,Vellore,vellore_market,Tomato,Local,FAQ,1212,1527,1408,66.46,30 Aug 2025
2248,Vellore,vellore_vaniyambadi,Tomato,Local,FAQ,1117,1435,1251,86.5,30 Aug 2025
2249,Vellore,vellore_arakkonam,Tomato,Local,FAQ,1943,2343,2177,133.83,30 Dec 2025
2250,Vellore,vellore_gudiyatham,Tomato,Local,FAQ,2018,2619,2326,117.39,30 Dec 2025
2251,Vellore,vellore_market,Tomato,Local,FAQ,2632,3297,3022,59.83,30 Dec 2025
2252,Vellore,vellore_vaniyambadi,Tomato,Local,FAQ,1718,2164,1984,139.48,30 Dec 2025
2253,Vellore,vellore_arakkonam,Tomato,Local,FAQ,2355,3080,2707,109.4,30 Jan 2025
2254,Vellore,vellore_gudiyatham,Tomato,Local,FAQ,1971,2312,2148,163.65,30 Jan 2025
2255,Vellore,vellore_market,Tomato,Local,FAQ,2441,2926,2637,96.79,30 Jan 2025
2256,Vellore,vellore_vaniyambadi,Tomato,Local,FAQ,1770,2147,1950,190.29,30 Jan 2025
2257,Vellore,vellore_arakkonam,Tomato,Local,FAQ,1892,2231,2044,157.21,30 Jan 2026
2258,Vellore,vellore_gudiyatham,Tomato,Local,FAQ,2273,2823,2490,110.74,30 Jan 2026
2259,Vellore,vellore_market,Tomato,Local,FAQ,2181,2567,2384,106.51,30 Jan 2026
2260,Vellore,vellore_vaniyambadi,Tomato,Local,FAQ,1957,2498,2218,153.81,30 Jan 2026
2261,Vellore,vellore_arakkonam,Tomato,Local,FAQ,1164,1485,1323,89.38,30 Jul 2025
2262,Vellore,vellore_gudiyatham,Tomato,Local,FAQ,1084,1387,1258,93.84,30 Jul 2025
2263,Vellore,vellore_market,Tomato,Local,FAQ,1212,1437,1337,72.07,30 Jul 2025
2264,Vellore,vellore_vaniyambadi,Tomato,Local,FAQ,949,1232,1102,117.93,30 Jul 2025
2265,Vellore,vellore_arakkonam,Tomato,Local,FAQ,1165,1497,1354,93.96,30 Jul 2026
2266,Vellore,vellore_gudiyatham,Tomato,Local,FAQ,1414,1844,1628,58.75,30 Jul 2026
2267,Vellore,vellore_market,Tomato,Local,FAQ,1203,1518,1324,73.94,30 Jul 2026
2268,Vellore,vellore_vaniyambadi,Tomato,Local,FAQ,1735,2135,1950,84.84,30 Jul 2026
2269,Vellore,vellore_arakkonam,Tomato,Local,FAQ,1244,1647,1438,101.22,30 Jun 2025
2270,Vellore,vellore_gudiyatham,Tomato,Local,FAQ,2208,2835,2489,43.15,30 Jun 2025
2271,Vellore,vellore_market,Tomato,Local,FAQ,1012,1279,1176,117.55,30 Jun 2025
2272,Vellore,vellore_vaniyambadi,Tomato,Local,FAQ,1770,2339,2034,58.18,30 Jun 2025
2273,Vellore,vellore_arakkonam,Tomato,Local,FAQ,1297,1637,1444,102.69,30 Jun 2026
2274,Vellore,vellore_gudiyatham,Tomato,Local,FAQ,1633,2066,1869,69.69,30 Jun 2026
2275,Vellore,vellore_market,Tomato,Local,FAQ,1179,1466,1310,92.3,30 Jun 2026
2276,Vellore,vellore_vaniyambadi,Tomato,Local,FAQ,2010,2456,2206,71.41,30 Jun 2026
2277,Vellore,vellore_arakkonam,Tomato,Local,FAQ,2069,2548,2278,146.42,30 Mar 2025
2278,Vellore,vellore_gudiyatham,Tomato,Local,FAQ,2534,3154,2767,108.06,30 Mar 2025
2279,Vellore,vellore_market,Tomato,Local,FAQ,2069,2636,2297,119.66,30 Mar 2025
2280,Vellore,vellore_vaniyambadi,Tomato,Local,FAQ,2165,2710,2469,133.21,30 Mar 2025
2281,Vellore,vellore_arakkonam,Tomato,Local,FAQ,1848,2163,1992,169.97,30 Mar 2026
2282,Vellore,vellore_gudiyatham,Tomato,Local,FAQ,2078,2566,2297,132.52,30 Mar 2026
2283,Vellore,vellore_market,Tomato,Local,FAQ,2264,2820,2506,87.49,30 Mar 2026
2284,Vellore,vellore_vaniyambadi,Tomato,Local,FAQ,2011,2485,2269,157.78,30 Mar 2026
2285,Vellore,vellore_arakkonam,Tomato,Local,FAQ,1713,2106,1892,88.77,30 May 2025
2286,Vellore,vellore_gudiyatham,Tomato,Local,FAQ,1668,2082,1831,93.26,30 May 2025
2287,Vellore,vellore_market,Tomato,Local,FAQ,1873,2275,2034,62.68,30 May 2025
2288,Vellore,vellore_vaniyambadi,Tomato,Local,FAQ,1682,1942,1811,101.7,30 May 2025
2289,Vellore,vellore_arakkonam,Tomato,Local,FAQ,1597,1923,1746,103.55,30 May 2026
2290,Vellore,vellore_gudiyatham,Tomato,Local,FAQ,2344,2961,2692,53.13,30 May 2026
2291,Vellore,vellore_market,Tomato,Local,FAQ,1309,1601,1461,112.31,30 May 2026
2292,Vellore,vellore_vaniyambadi,Tomato,Local,FAQ,1581,1917,1705,108.99,30 May 2026
2293,Vellore,vellore_arakkonam,Tomato,Local,FAQ,1746,2221,1986,96.6,30 Nov 2025
2294,Vellore,vellore_gudiyatham,Tomato,Local,FAQ,1728,2021,1871,103.89,30 Nov 2025
2295,Vellore,vellore_market,Tomato,Local,FAQ,1464,1814,1630,119.8,30 Nov 2025
2296,Vellore,vellore_vaniyambadi,Tomato,Local,FAQ,1593,1998,1764,125.23,30 Nov 2025
2297,Vellore,vellore_arakkonam,Tomato,Local,FAQ,1181,1433,1319,143.95,30 Oct 2025
2298,Vellore,vellore_gudiyatham,Tomato,Local,FAQ,1220,1469,1373,116.78,30 Oct 2025
2299,Vellore,vellore_market,Tomato,Local,FAQ,1377,1764,1553,77.94,30 Oct 2025
2300,Vellore,vellore_vaniyambadi,Tomato,Local,FAQ,1310,1634,1474,133.47,30 Oct 2025
2301,Vellore,vellore_arakkonam,Tomato,Local,FAQ,1260,1526,1415,91.57,30 Sep 2025
2302,Vellore,vellore_gudiyatham,Tomato,Local,FAQ,1416,1726,1568,76.84,30 Sep 2025
2303,Vellore,vellore_market,Tomato,Local,FAQ,1249,1585,1383,77.78,30 Sep 2025
2304,Vellore,vellore_vaniyambadi,Tomato,Local,FAQ,1018,1258,1124,128.42,30 Sep 2025
2305,Vellore,vellore_arakkonam,Tomato,Local,FAQ,1304,1666,1457,71.06,31 Aug 2025
2306,Vellore,vellore_gudiyatham,Tomato,Local,FAQ,1497,1906,1684,53.81,31 Aug 2025
2307,Vellore,vellore_market,Tomato,Local,FAQ,1562,1897,1696,49.86,31 Aug 2025
2308,Vellore,vellore_vaniyambadi,Tomato,Local,FAQ,1124,1391,1231,94.31,31 Aug 2025
2309,Vellore,vellore_arakkonam,Tomato,Local,FAQ,1802,2353,2051,144.31,31 Dec 2025
2310,Vellore,vellore_gudiyatham,Tomato,Local,FAQ,1725,2148,1919,150.95,31 Dec 2025
2311,Vellore,vellore_market,Tomato,Local,FAQ,2255,2731,2552,76.06,31 Dec 2025
2312,Vellore,vellore_vaniyambadi,Tomato,Local,FAQ,1493,1911,1730,177.09,31 Dec 2025
2313,Vellore,vellore_arakkonam,Tomato,Local,FAQ,2514,3099,2778,99.56,31 Jan 2025
2314,Vellore,vellore_gudiyatham,Tomato,Local,FAQ,1646,1994,1787,227.11,31 Jan 2025
2315,Vellore,vellore_market,Tomato,Local,FAQ,2642,3258,2966,78.2,31 Jan 2025
2316,Vellore,vellore_vaniyambadi,Tomato,Local,FAQ,2100,2572,2349,135.94,31 Jan 2025
2317,Vellore,vellore_arakkonam,Tomato,Local,FAQ,1615,2021,1852,188.7,31 Jan 2026
2318,Vellore,vellore_gudiyatham,Tomato,Local,FAQ,1930,2564,2238,130.07,31 Jan 2026
2319,Vellore,vellore_market,Tomato,Local,FAQ,1580,1953,1785,181.88,31 Jan 2026
2320,Vellore,vellore_vaniyambadi,Tomato,Local,FAQ,2143,2614,2391,138.18,31 Jan 2026
2321,Vellore,vellore_arakkonam,Tomato,Local,FAQ,1320,1689,1530,69.31,31 Jul 2025
2322,Vellore,vellore_gudiyatham,Tomato,Local,FAQ,1112,1376,1278,94.95,31 Jul 2025
2323,Vellore,vellore_market,Tomato,Local,FAQ,1251,1595,1425,60.84,31 Jul 2025
2324,Vellore,vellore_vaniyambadi,Tomato,Local,FAQ,929,1166,1034,122.31,31 Jul 2025
2325,Vellore,vellore_arakkonam,Tomato,Local,FAQ,1186,1483,1355,90.12,31 Jul 2026
2326,Vellore,vellore_gudiyatham,Tomato,Local,FAQ,1577,2055,1797,51.34,31 Jul 2026
2327,Vellore,vellore_market,Tomato,Local,FAQ,1494,1855,1630,52.1,31 Jul 2026
2328,Vellore,vellore_vaniyambadi,Tomato,Local,FAQ,1715,2146,1934,59.72,31 Jul 2026
2329,Vellore,vellore_arakkonam,Tomato,Local,FAQ,1796,2281,1990,181.19,31 Mar 2025
2330,Vellore,vellore_gudiyatham,Tomato,Local,FAQ,2230,2771,2545,124.1,31 Mar 2025
2331,Vellore,vellore_market,Tomato,Local,FAQ,2385,3085,2683,84.54,31 Mar 2025
2332,Vellore,vellore_vaniyambadi,Tomato,Local,FAQ,1877,2346,2060,179.53,31 Mar 2025
2333,Vellore,vellore_arakkonam,Tomato,Local,FAQ,2138,2644,2329,132.01,31 Mar 2026
2334,Vellore,vellore_gudiyatham,Tomato,Local,FAQ,1770,2253,2010,162.88,31 Mar 2026
2335,Vellore,vellore_market,Tomato,Local,FAQ,2145,2620,2368,99.81,31 Mar 2026
2336,Vellore,vellore_vaniyambadi,Tomato,Local,FAQ,2004,2595,2284,137.39,31 Mar 2026
2337,Vellore,vellore_arakkonam,Tomato,Local,FAQ,1397,1806,1624,111.12,31 May 2025
2338,Vellore,vellore_gudiyatham,Tomato,Local,FAQ,1455,1782,1640,102.2,31 May 2025
2339,Vellore,vellore_market,Tomato,Local,FAQ,1944,2410,2103,63.85,31 May 2025
2340,Vellore,vellore_vaniyambadi,Tomato,Local,FAQ,1902,2310,2155,78.29,31 May 2025
2341,Vellore,vellore_arakkonam,Tomato,Local,FAQ,1262,1584,1421,141.16,31 May 2026
2342,Vellore,vellore_gudiyatham,Tomato,Local,FAQ,1710,2005,1867,97.97,31 May 2026
2343,Vellore,vellore_market,Tomato,Local,FAQ,2267,2834,2520,43.71,31 May 2026
2344,Vellore,vellore_vaniyambadi,Tomato,Local,FAQ,1626,2002,1797,101.96,31 May 2026
2345,Vellore,vellore_arakkonam,Tomato,Local,FAQ,1324,1615,1440,123.39,31 Oct 2025
2346,Vellore,vellore_gudiyatham,Tomato,Local,FAQ,1324,1728,1523,95.57,31 Oct 2025
2347,Vellore,vellore_market,Tomato,Local,FAQ,1321,1668,1494,90.47,31 Oct 2025
2348,Vellore,vellore_vaniyambadi,Tomato,Local,FAQ,1351,1703,1521,131.55,31 Oct 2025
