Sl no.,District Name,Market Name,Commodity,Variety,Grade,Min Price (Rs./Quintal),Max Price (Rs./Quintal),Modal Price (Rs./Quintal),Arrivals (Tonnes),Price Date
1,Vellore,vellore_arakkonam,Onion,Local,FAQ,2107,2690,2373,260.25,01 Apr 2025
2,Vellore,vellore_gudiyatham,Onion,Local,FAQ,2119,2633,2408,176.85,01 Apr 2025
3,Vellore,vellore_market,Onion,Local,FAQ,2724,3370,3077,106.04,01 Apr 2025
4,Vellore,vellore_vaniyambadi,Onion,Local,FAQ,2147,2615,2344,175.28,01 Apr 2025
5,Vellore,vellore_arakkonam,Onion,Local,FAQ,2485,3092,2734,186.63,01 Apr 2026
6,Vellore,vellore_gudiyatham,Onion,Local,FAQ,2380,3064,2730,122.75,01 Apr 2026
7,Vellore,vellore_market,Onion,Local,FAQ,2001,2452,2197,239.81,01 Apr 2026
8,Vellore,vellore_vaniyambadi,Onion,Local,FAQ,2335,2820,2625,120.07,01 Apr 2026
9,Vellore,vellore_arakkonam,Onion,Local,FAQ,1846,2328,2059,118.1,01 Aug 2025
10,Vellore,vellore_gudiyatham,Onion,Local,FAQ,1470,1897,1650,112.39,01 Aug 2025
11,Vellore,vellore_market,Onion,Local,FAQ,1505,1981,1733,122.61,01 Aug 2025
12,Vellore,vellore_vaniyambadi,Onion,Local,FAQ,1685,2149,1918,71.41,01 Aug 2025
13,Vellore,vellore_arakkonam,Onion,Local,FAQ,1637,2139,1900,136.48,01 Aug 2026
14,Vellore,vellore_gudiyatham,Onion,Local,FAQ,1428,1693,1564,120.55,01 Aug 2026
15,Vellore,vellore_market,Onion,Local,FAQ,1447,1731,1579,173.28,01 Aug 2026
16,Vellore,vellore_vaniyambadi,Onion,Local,FAQ,1866,2242,2044,74.81,01 Aug 2026
17,Vellore,vellore_arakkonam,Onion,Local,FAQ,2012,2465,2264,206.63,01 Dec 2025
18,Vellore,vellore_gudiyatham,Onion,Local,FAQ,2069,2642,2305,139.11,01 Dec 2025
19,Vellore,vellore_market,Onion,Local,FAQ,1810,2286,2080,187.55,01 Dec 2025
20,Vellore,vellore_vaniyambadi,Onion,Local,FAQ,2188,2660,2367,113.3,01 Dec 2025
21,Vellore,vellore_arakkonam,Onion,Local,FAQ,2722,3260,2962,212.79,01 Feb 2025
22,Vellore,vellore_gudiyatham,Onion,Local,FAQ,2157,2534,2335,225.07,01 Feb 2025
23,Vellore,vellore_market,Onion,Local,FAQ,2228,2736,2455,229.32,01 Feb 2025
24,Vellore,vellore_vaniyambadi,Onion,Local,FAQ,2988,3693,3261,85.84,01 Feb 2025
25,Vellore,vellore_arakkonam,Onion,Local,FAQ,2396,3033,2746,184.3,01 Feb 2026
26,Vellore,vellore_gudiyatham,Onion,Local,FAQ,2511,3085,2818,151.37,01 Feb 2026
27,Vellore,vellore_market,Onion,Local,FAQ,2110,2604,2361,233.06,01 Feb 2026
28,Vellore,vellore_vaniyambadi,Onion,Local,FAQ,2353,2920,2555,147.49,01 Feb 2026
29,Vellore,vellore_arakkonam,Onion,Local,FAQ,2197,2848,2549,186.7,01 Jan 2025
30,Vellore,vellore_gudiyatham,Onion,Local,FAQ,2184,2698,2444,162.24,01 Jan 2025
31,Vellore,vellore_market,Onion,Local,FAQ,2008,2600,2268,208.18,01 Jan 2025
32,Vellore,vellore_vaniyambadi,Onion,Local,FAQ,2173,2695,2427,145.73,01 Jan 2025
33,Vellore,vellore_arakkonam,Onion,Local,FAQ,3071,3646,3349,138.12,01 Jan 2026
34,Vellore,vellore_gudiyatham,Onion,Local,FAQ,2133,2706,2378,178.33,01 Jan 2026
35,Vellore,vellore_market,Onion,Local,FAQ,2155,2646,2362,191.2,01 Jan 2026
36,Vellore,vellore_vaniyambadi,Onion,Local,FAQ,2281,2932,2591,129.64,01 Jan 2026
37,Vellore,vellore_arakkonam,Onion,Local,FAQ,1801,2235,1997,149.19,01 Jul 2025
38,Vellore,vellore_gudiyatham,Onion,Local,FAQ,1954,2511,2265,94.63,01 Jul 2025
39,Vellore,vellore_market,Onion,Local,FAQ,1741,2141,1993,160.89,01 Jul 2025
40,Vellore,vellore_vaniyambadi,Onion,Local,FAQ,1792,2299,2057,84.07,01 Jul 2025
41,Vellore,vellore_arakkonam,Onion,Local,FAQ,1674,2025,1849,161.48,01 Jul 2026
42,Vellore,vellore_gudiyatham,Onion,Local,FAQ,1901,2365,2125,106.1,01 Jul 2026
43,Vellore,vellore_market,Onion,Local,FAQ,1936,2358,2110,108.99,01 Jul 2026
44,Vellore,vellore_vaniyambadi,Onion,Local,FAQ,1704,2054,1911,90.35,01 Jul 2026
45,Vellore,vellore_arakkonam,Onion,Local,FAQ,2261,2921,2574,116.78,01 Jun 2025
46,Vellore,vellore_gudiyatham,Onion,Local,FAQ,2085,2688,2366,103.15,01 Jun 2025
47,Vellore,vellore_market,Onion,Local,FAQ,1772,2096,1918,180.47,01 Jun 2025
48,Vellore,vellore_vaniyambadi,Onion,Local,FAQ,2189,2661,2460,86.88,01 Jun 2025
49,Vellore,vellore_arakkonam,Onion,Local,FAQ,2005,2636,2302,170.82,01 Jun 2026
50,Vellore,vellore_gudiyatham,Onion,Local,FAQ,2161,2622,2427,93.26,01 Jun 2026
51,Vellore,vellore_market,Onion,Local,FAQ,2150,2554,2321,99.25,01 Jun 2026
52,Vellore,vellore_vaniyambadi,Onion,Local,FAQ,2379,3050,2683,72.61,01 Jun 2026
53,Vellore,vellore_arakkonam,Onion,Local,FAQ,2517,3061,2860,153.03,01 Mar 2025
54,Vellore,vellore_gudiyatham,Onion,Local,FAQ,2892,3611,3259,113.41,01 Mar 2025
55,Vellore,vellore_market,Onion,Local,FAQ,2463,3209,2794,178.99,01 Mar 2025
56,Vellore,vellore_vaniyambadi,Onion,Local,FAQ,2377,2910,2565,167.19,01 Mar 2025
57,Vellore,vellore_arakkonam,Onion,Local,FAQ,2512,3081,2835,206.33,01 Mar 2026
58,Vellore,vellore_gudiyatham,Onion,Local,FAQ,2423,2945,2628,178.33,01 Mar 2026
59,Vellore,vellore_market,Onion,Local,FAQ,1951,2410,2183,290.86,01 Mar 2026
60,Vellore,vellore_vaniyambadi,Onion,Local,FAQ,2117,2618,2439,216.59,01 Mar 2026
61,Vellore,vellore_arakkonam,Onion,Local,FAQ,2125,2603,2377,149.49,01 May 2025
62,Vellore,vellore_gudiyatham,Onion,Local,FAQ,2413,2948,2679,123.55,01 May 2025
63,Vellore,vellore_market,Onion,Local,FAQ,2383,3071,2732,128.63,01 May 2025
64,Vellore,vellore_vaniyambadi,Onion,Local,FAQ,2410,2896,2605,98.53,01 May 2025
65,Vellore,vellore_arakkonam,Onion,Local,FAQ,2464,3068,2864,149.78,01 May 2026
66,Vellore,vellore_gudiyatham,Onion,Local,FAQ,1915,2442,2183,153.7,01 May 2026
67,Vellore,vellore_market,Onion,Local,FAQ,2342,2889,2539,156.3,01 May 2026
68,Vellore,vellore_vaniyambadi,Onion,Local,FAQ,1906,2393,2176,138.95,01 May 2026
69,Vellore,vellore_arakkonam,Onion,Local,FAQ,1559,1898,1723,199.64,01 Nov 2025
70,Vellore,vellore_gudiyatham,Onion,Local,FAQ,1847,2267,2016,154.42,01 Nov 2025
71,Vellore,vellore_market,Onion,Local,FAQ,1642,2108,1860,169.2,01 Nov 2025
72,Vellore,vellore_vaniyambadi,Onion,Local,FAQ,1941,2482,2190,94.16,01 Nov 2025
73,Vellore,vellore_arakkonam,Onion,Local,FAQ,1720,2238,1975,135.41,01 Oct 2025
74,Vellore,vellore_gudiyatham,Onion,Local,FAQ,1528,1853,1662,167.02,01 Oct 2025
75,Vellore,vellore_market,Onion,Local,FAQ,1450,1801,1662,151.27,01 Oct 2025
76,Vellore,vellore_vaniyambadi,Onion,Local,FAQ,1825,2300,2023,75.5,01 Oct 2025
77,Vellore,vellore_arakkonam,Onion,Local,FAQ,1641,2088,1835,108.62,01 Sep 2025
78,Vellore,vellore_gudiyatham,Onion,Local,FAQ,1605,1984,1767,100.04,01 Sep 2025
79,Vellore,vellore_market,Onion,Local,FAQ,1318,1653,1509,167.07,01 Sep 2025
80,Vellore,vellore_vaniyambadi,Onion,Local,FAQ,1805,2230,2062,70.34,01 Sep 2025
81,Vellore,vellore_arakkonam,Onion,Local,FAQ,2638,3425,3047,133.14,02 Apr 2025
82,Vellore,vellore_gudiyatham,Onion,Local,FAQ,2371,3020,2684,155.33,02 Apr 2025
83,Vellore,vellore_market,Onion,Local,FAQ,2375,2748,2558,162.88,02 Apr 2025
84,Vellore,vellore_vaniyambadi,Onion,Local,FAQ,2444,3020,2702,131.75,02 Apr 2025
85,Vellore,vellore_arakkonam,Onion,Local,FAQ,2107,2777,2426,238.25,02 Apr 2026
86,Vellore,vellore_gudiyatham,Onion,Local,FAQ,2412,3071,2706,149.23,02 Apr 2026
87,Vellore,vellore_market,Onion,Local,FAQ,2222,2710,2423,183.01,02 Apr 2026
88,Vellore,vellore_vaniyambadi,Onion,Local,FAQ,2266,2938,2601,111.33,02 Apr 2026
89,Vellore,vellore_arakkonam,Onion,Local,FAQ,1672,2107,1881,137.65,02 Aug 2025
90,Vellore,vellore_gudiyatham,Onion,Local,FAQ,1472,1879,1701,106.92,02 Aug 2025
91,Vellore,vellore_market,Onion,Local,FAQ,1808,2395,2090,84.3,02 Aug 2025
92,Vellore,vellore_vaniyambadi,Onion,Local,FAQ,1585,1944,1717,100.95,02 Aug 2025
93,Vellore,vellore_arakkonam,Onion,Local,FAQ,1816,2204,2051,108.67,02 Aug 2026
94,Vellore,vellore_gudiyatham,Onion,Local,FAQ,1668,2016,1830,76.29,02 Aug 2026
95,Vellore,vellore_market,Onion,Local,FAQ,1920,2447,2144,93.26,02 Aug 2026
96,Vellore,vellore_vaniyambadi,Onion,Local,FAQ,1581,1978,1739,104.36,02 Aug 2026
97,Vellore,vellore_arakkonam,Onion,Local,FAQ,2341,2842,2536,159.64,02 Dec 2025
98,Vellore,vellore_gudiyatham,Onion,Local,FAQ,1948,2341,2128,158.12,02 Dec 2025
99,Vellore,vellore_market,Onion,Local,FAQ,1820,2192,2034,214.03,02 Dec 2025
100,Vellore,vellore_vaniyambadi,Onion,Local,FAQ,2207,2704,2483,105.25,02 Dec 2025
101,Vellore,vellore_arakkonam,Onion,Local,FAQ,2821,3403,3120,168.28,02 Feb 2025
102,Vellore,vellore_gudiyatham,Onion,Local,FAQ,2397,2926,2591,173.14,02 Feb 2025
103,Vellore,vellore_market,Onion,Local,FAQ,2181,2802,2531,225.32,02 Feb 2025
104,Vellore,vellore_vaniyambadi,Onion,Local,FAQ,2080,2568,2386,163.65,02 Feb 2025
105,Vellore,vellore_arakkonam,Onion,Local,FAQ,2184,2774,2456,218.04,02 Feb 2026
106,Vellore,vellore_gudiyatham,Onion,Local,FAQ,2265,2787,2580,183.86,02 Feb 2026
107,Vellore,vellore_market,Onion,Local,FAQ,2054,2598,2262,265.78,02 Feb 2026
108,Vellore,vellore_vaniyambadi,Onion,Local,FAQ,2487,3210,2798,123.69,02 Feb 2026
109,Vellore,vellore_arakkonam,Onion,Local,FAQ,2346,2866,2590,181.3,02 Jan 2025
110,Vellore,vellore_gudiyatham,Onion,Local,FAQ,2256,2900,2553,149.39,02 Jan 2025
111,Vellore,vellore_market,Onion,Local,FAQ,1827,2319,2062,260.09,02 Jan 2025
112,Vellore,vellore_vaniyambadi,Onion,Local,FAQ,2317,2869,2569,136.29,02 Jan 2025
113,Vellore,vellore_arakkonam,Onion,Local,FAQ,2912,3498,3142,162.73,02 Jan 2026
114,Vellore,vellore_gudiyatham,Onion,Local,FAQ,2068,2682,2403,169.53,02 Jan 2026
115,Vellore,vellore_market,Onion,Local,FAQ,2131,2631,2417,199.28,02 Jan 2026
116,Vellore,vellore_vaniyambadi,Onion,Local,FAQ,1997,2399,2233,174.51,02 Jan 2026
117,Vellore,vellore_arakkonam,Onion,Local,FAQ,1973,2392,2168,120.71,02 Jul 2025
118,Vellore,vellore_gudiyatham,Onion,Local,FAQ,1911,2371,2095,104.45,02 Jul 2025
119,Vellore,vellore_market,Onion,Local,FAQ,2106,2634,2301,106.86,02 Jul 2025
120,Vellore,vellore_vaniyambadi,Onion,Local,FAQ,2128,2763,2403,57.74,02 Jul 2025
121,Vellore,vellore_arakkonam,Onion,Local,FAQ,1853,2417,2138,103.56,02 Jul 2026
122,Vellore,vellore_gudiyatham,Onion,Local,FAQ,1692,2177,1920,127.0,02 Jul 2026
123,Vellore,vellore_market,Onion,Local,FAQ,1792,2286,2046,116.79,02 Jul 2026
124,Vellore,vellore_vaniyambadi,Onion,Local,FAQ,1676,2007,1853,95.15,02 Jul 2026
125,Vellore,vellore_arakkonam,Onion,Local,FAQ,2108,2671,2362,148.33,02 Jun 2025
126,Vellore,vellore_gudiyatham,Onion,Local,FAQ,2048,2498,2243,114.69,02 Jun 2025
127,Vellore,vellore_market,Onion,Local,FAQ,2110,2536,2368,102.56,02 Jun 2025
128,Vellore,vellore_vaniyambadi,Onion,Local,FAQ,2565,3216,2949,64.15,02 Jun 2025
129,Vellore,vellore_arakkonam,Onion,Local,FAQ,1997,2600,2285,171.39,02 Jun 2026
130,Vellore,vellore_gudiyatham,Onion,Local,FAQ,2120,2684,2406,102.14,02 Jun 2026
131,Vellore,vellore_market,Onion,Local,FAQ,2235,2618,2435,98.34,02 Jun 2026
132,Vellore,vellore_vaniyambadi,Onion,Local,FAQ,2034,2525,2199,115.02,02 Jun 2026
133,Vellore,vellore_arakkonam,Onion,Local,FAQ,2028,2548,2283,252.17,02 Mar 2025
134,Vellore,vellore_gudiyatham,Onion,Local,FAQ,2656,3248,2961,122.12,02 Mar 2025
135,Vellore,vellore_market,Onion,Local,FAQ,2233,2620,2439,242.17,02 Mar 2025
136,Vellore,vellore_vaniyambadi,Onion,Local,FAQ,2528,3226,2833,146.73,02 Mar 2025
137,Vellore,vellore_arakkonam,Onion,Local,FAQ,2011,2602,2333,313.39,02 Mar 2026
138,Vellore,vellore_gudiyatham,Onion,Local,FAQ,2545,3221,2918,140.39,02 Mar 2026
139,Vellore,vellore_market,Onion,Local,FAQ,2293,2803,2520,224.84,02 Mar 2026
140,Vellore,vellore_vaniyambadi,Onion,Local,FAQ,2589,3217,2883,140.41,02 Mar 2026
141,Vellore,vellore_arakkonam,Onion,Local,FAQ,2114,2617,2416,152.94,02 May 2025
142,Vellore,vellore_gudiyatham,Onion,Local,FAQ,2076,2594,2398,132.81,02 May 2025
143,Vellore,vellore_market,Onion,Local,FAQ,2178,2578,2406,165.23,02 May 2025
144,Vellore,vellore_vaniyambadi,Onion,Local,FAQ,2304,2970,2656,91.97,02 May 2025
145,Vellore,vellore_arakkonam,Onion,Local,FAQ,2029,2513,2341,227.64,02 May 2026
146,Vellore,vellore_gudiyatham,Onion,Local,FAQ,2224,2871,2583,120.56,02 May 2026
147,Vellore,vellore_market,Onion,Local,FAQ,2084,2672,2363,191.07,02 May 2026
148,Vellore,vellore_vaniyambadi,Onion,Local,FAQ,1842,2196,2049,156.29,02 May 2026
149,Vellore,vellore_arakkonam,Onion,Local,FAQ,1568,1866,1730,232.18,02 Nov 2025
150,Vellore,vellore_gudiyatham,Onion,Local,FAQ,1843,2387,2132,135.18,02 Nov 2025
151,Vellore,vellore_market,Onion,Local,FAQ,1442,1801,1659,219.27,02 Nov 2025
152,Vellore,vellore_vaniyambadi,Onion,Local,FAQ,1721,2030,1868,134.39,02 Nov 2025
153,Vellore,vellore_arakkonam,Onion,Local,FAQ,1802,2208,2061,122.09,02 Oct 2025
154,Vellore,vellore_gudiyatham,Onion,Local,FAQ,1533,2039,1777,136.25,02 Oct 2025
155,Vellore,vellore_market,Onion,Local,FAQ,1421,1761,1542,175.98,02 Oct 2025
156,Vellore,vellore_vaniyambadi,Onion,Local,FAQ,1549,1861,1685,114.87,02 Oct 2025
157,Vellore,vellore_arakkonam,Onion,Local,FAQ,1283,1572,1469,212.94,02 Sep 2025
158,Vellore,vellore_gudiyatham,Onion,Local,FAQ,1364,1670,1542,143.4,02 Sep 2025
159,Vellore,vellore_market,Onion,Local,FAQ,1688,2106,1959,88.18,02 Sep 2025
160,Vellore,vellore_vaniyambadi,Onion,Local,FAQ,1542,1835,1676,102.45,02 Sep 2025
161,Vellore,vellore_arakkonam,Onion,Local,FAQ,2027,2565,2266,272.78,03 Apr 2025
162,Vellore,vellore_gudiyatham,Onion,Local,FAQ,2267,2962,2588,178.92,03 Apr 2025
163,Vellore,vellore_market,Onion,Local,FAQ,2357,3045,2689,157.77,03 Apr 2025
164,Vellore,vellore_vaniyambadi,Onion,Local,FAQ,2755,3328,3027,100.31,03 Apr 2025
165,Vellore,vellore_arakkonam,Onion,Local,FAQ,2454,2961,2656,188.12,03 Apr 2026
166,Vellore,vellore_gudiyatham,Onion,Local,FAQ,2790,3337,3003,115.96,03 Apr 2026
167,Vellore,vellore_market,Onion,Local,FAQ,1990,2449,2247,197.61,03 Apr 2026
168,Vellore,vellore_vaniyambadi,Onion,Local,FAQ,2246,2692,2456,135.12,03 Apr 2026
169,Vellore,vellore_arakkonam,Onion,Local,FAQ,1751,2322,2026,124.68,03 Aug 2025
170,Vellore,vellore_gudiyatham,Onion,Local,FAQ,1460,1862,1631,107.57,03 Aug 2025
171,Vellore,vellore_market,Onion,Local,FAQ,1765,2281,1987,88.44,03 Aug 2025
172,Vellore,vellore_vaniyambadi,Onion,Local,FAQ,1765,2091,1918,73.89,03 Aug 2025
173,Vellore,vellore_arakkonam,Onion,Local,FAQ,1550,1897,1704,163.94,03 Aug 2026
174,Vellore,vellore_gudiyatham,Onion,Local,FAQ,1520,1991,1742,88.06,03 Aug 2026
175,Vellore,vellore_market,Onion,Local,FAQ,1862,2237,2022,106.87,03 Aug 2026
176,Vellore,vellore_vaniyambadi,Onion,Local,FAQ,1557,1900,1721,98.57,03 Aug 2026
177,Vellore,vellore_arakkonam,Onion,Local,FAQ,2069,2715,2377,167.27,03 Dec 2025
178,Vellore,vellore_gudiyatham,Onion,Local,FAQ,2031,2431,2219,147.07,03 Dec 2025
179,Vellore,vellore_market,Onion,Local,FAQ,1792,2173,1984,221.06,03 Dec 2025
180,Vellore,vellore_vaniyambadi,Onion,Local,FAQ,2056,2566,2351,122.89,03 Dec 2025
181,Vellore,vellore_arakkonam,Onion,Local,FAQ,2500,3198,2885,180.06,03 Feb 2025
182,Vellore,vellore_gudiyatham,Onion,Local,FAQ,2175,2628,2406,220.77,03 Feb 2025
183,Vellore,vellore_market,Onion,Local,FAQ,2615,3260,2929,164.86,03 Feb 2025
184,Vellore,vellore_vaniyambadi,Onion,Local,FAQ,2078,2462,2262,182.7,03 Feb 2025
185,Vellore,vellore_arakkonam,Onion,Local,FAQ,1987,2568,2254,245.55,03 Feb 2026
186,Vellore,vellore_gudiyatham,Onion,Local,FAQ,2248,2644,2465,203.46,03 Feb 2026
187,Vellore,vellore_market,Onion,Local,FAQ,2891,3674,3286,120.53,03 Feb 2026
188,Vellore,vellore_vaniyambadi,Onion,Local,FAQ,2353,3018,2628,145.1,03 Feb 2026
189,Vellore,vellore_arakkonam,Onion,Local,FAQ,2484,2969,2699,163.67,03 Jan 2025
190,Vellore,vellore_gudiyatham,Onion,Local,FAQ,2534,2928,2730,138.52,03 Jan 2025
191,Vellore,vellore_market,Onion,Local,FAQ,1880,2317,2110,255.17,03 Jan 2025
192,Vellore,vellore_vaniyambadi,Onion,Local,FAQ,2544,3155,2778,114.49,03 Jan 2025
193,Vellore,vellore_arakkonam,Onion,Local,FAQ,2491,3138,2791,199.26,03 Jan 2026
194,Vellore,vellore_gudiyatham,Onion,Local,FAQ,2204,2674,2376,182.69,03 Jan 2026
195,Vellore,vellore_market,Onion,Local,FAQ,2064,2696,2350,203.8,03 Jan 2026
196,Vellore,vellore_vaniyambadi,Onion,Local,FAQ,1965,2292,2126,185.29,03 Jan 2026
197,Vellore,vellore_arakkonam,Onion,Local,FAQ,2164,2743,2514,92.64,03 Jul 2025
198,Vellore,vellore_gudiyatham,Onion,Local,FAQ,1755,2047,1891,124.3,03 Jul 2025
199,Vellore,vellore_market,Onion,Local,FAQ,1999,2625,2288,117.57,03 Jul 2025
200,Vellore,vellore_vaniyambadi,Onion,Local,FAQ,1834,2304,2040,87.7,03 Jul 2025
201,Vellore,vellore_arakkonam,Onion,Local,FAQ,1731,2123,1897,135.33,03 Jul 2026
202,Vellore,vellore_gudiyatham,Onion,Local,FAQ,1897,2402,2182,90.51,03 Jul 2026
203,Vellore,vellore_market,Onion,Local,FAQ,2094,2485,2265,94.26,03 Jul 2026
204,Vellore,vellore_vaniyambadi,Onion,Local,FAQ,2025,2501,2232,63.37,03 Jul 2026
205,Vellore,vellore_arakkonam,Onion,Local,FAQ,1831,2357,2107,174.92,03 Jun 2025
206,Vellore,vellore_gudiyatham,Onion,Local,FAQ,1909,2261,2085,131.25,03 Jun 2025
207,Vellore,vellore_market,Onion,Local,FAQ,1822,2370,2064,149.95,03 Jun 2025
208,Vellore,vellore_vaniyambadi,Onion,Local,FAQ,2021,2443,2249,120.3,03 Jun 2025
209,Vellore,vellore_arakkonam,Onion,Local,FAQ,2524,3165,2820,101.22,03 Jun 2026
210,Vellore,vellore_gudiyatham,Onion,Local,FAQ,2216,2769,2411,102.58,03 Jun 2026
211,Vellore,vellore_market,Onion,Local,FAQ,1726,2184,1979,168.76,03 Jun 2026
212,Vellore,vellore_vaniyambadi,Onion,Local,FAQ,1800,2292,2079,122.28,03 Jun 2026
213,Vellore,vellore_arakkonam,Onion,Local,FAQ,2117,2739,2388,246.1,03 Mar 2025
214,Vellore,vellore_gudiyatham,Onion,Local,FAQ,2507,2912,2700,156.94,03 Mar 2025
215,Vellore,vellore_market,Onion,Local,FAQ,2304,2982,2653,181.88,03 Mar 2025
216,Vellore,vellore_vaniyambadi,Onion,Local,FAQ,2354,2872,2645,173.67,03 Mar 2025
217,Vellore,vellore_arakkonam,Onion,Local,FAQ,2811,3480,3105,141.27,03 Mar 2026
218,Vellore,vellore_gudiyatham,Onion,Local,FAQ,2811,3505,3052,129.67,03 Mar 2026
219,Vellore,vellore_market,Onion,Local,FAQ,2535,3191,2822,189.59,03 Mar 2026
220,Vellore,vellore_vaniyambadi,Onion,Local,FAQ,2866,3392,3085,113.72,03 Mar 2026
221,Vellore,vellore_arakkonam,Onion,Local,FAQ,2127,2690,2377,158.46,03 May 2025
222,Vellore,vellore_gudiyatham,Onion,Local,FAQ,1806,2290,2086,178.01,03 May 2025
223,Vellore,vellore_market,Onion,Local,FAQ,2211,2877,2521,152.03,03 May 2025
224,Vellore,vellore_vaniyambadi,Onion,Local,FAQ,2223,2749,2531,100.91,03 May 2025
225,Vellore,vellore_arakkonam,Onion,Local,FAQ,2004,2393,2170,240.3,03 May 2026
226,Vellore,vellore_gudiyatham,Onion,Local,FAQ,2129,2653,2392,147.99,03 May 2026
227,Vellore,vellore_market,Onion,Local,FAQ,3077,3621,3365,83.67,03 May 2026
228,Vellore,vellore_vaniyambadi,Onion,Local,FAQ,1760,2226,2011,172.07,03 May 2026
229,Vellore,vellore_arakkonam,Onion,Local,FAQ,1669,2081,1938,184.86,03 Nov 2025
230,Vellore,vellore_gudiyatham,Onion,Local,FAQ,2001,2452,2153,127.31,03 Nov 2025
231,Vellore,vellore_market,Onion,Local,FAQ,1689,2099,1928,168.05,03 Nov 2025
232,Vellore,vellore_vaniyambadi,Onion,Local,FAQ,1645,1982,1843,156.57,03 Nov 2025
233,Vellore,vellore_arakkonam,Onion,Local,FAQ,1692,2091,1904,147.69,03 Oct 2025
234,Vellore,vellore_gudiyatham,Onion,Local,FAQ,1808,2250,2047,101.55,03 Oct 2025
235,Vellore,vellore_market,Onion,Local,FAQ,1595,1988,1831,129.85,03 Oct 2025
236,Vellore,vellore_vaniyambadi,Onion,Local,FAQ,1611,2028,1857,96.95,03 Oct 2025
237,Vellore,vellore_arakkonam,Onion,Local,FAQ,1669,2097,1876,116.99,03 Sep 2025
238,Vellore,vellore_gudiyatham,Onion,Local,FAQ,1992,2425,2173,59.43,03 Sep 2025
239,Vellore,vellore_market,Onion,Local,FAQ,1595,1946,1755,122.34,03 Sep 2025
240,Vellore,vellore_vaniyambadi,Onion,Local,FAQ,1490,1921,1691,98.02,03 Sep 2025
241,Vellore,vellore_arakkonam,Onion,Local,FAQ,2483,3085,2689,181.54,04 Apr 2025
242,Vellore,vellore_gudiyatham,Onion,Local,FAQ,2727,3302,2936,146.97,04 Apr 2025
243,Vellore,vellore_market,Onion,Local,FAQ,2243,2919,2589,153.09,04 Apr 2025
244,Vellore,vellore_vaniyambadi,Onion,Local,FAQ,2162,2664,2419,153.67,04 Apr 2025
245,Vellore,vellore_arakkonam,Onion,Local,FAQ,2012,2450,2261,280.03,04 Apr 2026
246,Vellore,vellore_gudiyatham,Onion,Local,FAQ,2325,2866,2632,160.4,04 Apr 2026
247,Vellore,vellore_market,Onion,Local,FAQ,2045,2553,2289,207.36,04 Apr 2026
248,Vellore,vellore_vaniyambadi,Onion,Local,FAQ,2343,2806,2556,121.69,04 Apr 2026
249,Vellore,vellore_arakkonam,Onion,Local,FAQ,1569,2039,1808,149.62,04 Aug 2025
250,Vellore,vellore_gudiyatham,Onion,Local,FAQ,1995,2313,2157,63.26,04 Aug 2025
251,Vellore,vellore_market,Onion,Local,FAQ,1526,1934,1703,135.98,04 Aug 2025
252,Vellore,vellore_vaniyambadi,Onion,Local,FAQ,1482,1858,1709,83.41,04 Aug 2025
253,Vellore,vellore_arakkonam,Onion,Local,FAQ,1474,1832,1631,166.23,04 Aug 2026
254,Vellore,vellore_gudiyatham,Onion,Local,FAQ,1414,1779,1583,134.69,04 Aug 2026
255,Vellore,vellore_market,Onion,Local,FAQ,1814,2135,1969,111.79,04 Aug 2026
256,Vellore,vellore_vaniyambadi,Onion,Local,FAQ,1594,1949,1790,82.88,04 Aug 2026
257,Vellore,vellore_arakkonam,Onion,Local,FAQ,2165,2601,2419,151.22,04 Dec 2025
258,Vellore,vellore_gudiyatham,Onion,Local,FAQ,1940,2367,2113,178.62,04 Dec 2025
259,Vellore,vellore_market,Onion,Local,FAQ,2282,2939,2591,122.68,04 Dec 2025
260,Vellore,vellore_vaniyambadi,Onion,Local,FAQ,1823,2253,1985,195.13,04 Dec 2025
261,Vellore,vellore_arakkonam,Onion,Local,FAQ,2670,3265,2878,184.39,04 Feb 2025
262,Vellore,vellore_gudiyatham,Onion,Local,FAQ,2507,3084,2840,147.75,04 Feb 2025
263,Vellore,vellore_market,Onion,Local,FAQ,2374,2952,2630,213.97,04 Feb 2025
264,Vellore,vellore_vaniyambadi,Onion,Local,FAQ,2021,2611,2273,175.52,04 Feb 2025
265,Vellore,vellore_arakkonam,Onion,Local,FAQ,2108,2636,2432,206.21,04 Feb 2026
266,Vellore,vellore_gudiyatham,Onion,Local,FAQ,2160,2510,2335,245.17,04 Feb 2026
267,Vellore,vellore_market,Onion,Local,FAQ,2322,2823,2567,192.12,04 Feb 2026
268,Vellore,vellore_vaniyambadi,Onion,Local,FAQ,2625,3181,2904,104.88,04 Feb 2026
269,Vellore,vellore_arakkonam,Onion,Local,FAQ,1758,2133,1978,332.52,04 Jan 2025
270,Vellore,vellore_gudiyatham,Onion,Local,FAQ,2666,3123,2918,112.26,04 Jan 2025
271,Vellore,vellore_market,Onion,Local,FAQ,2202,2637,2380,201.23,04 Jan 2025
272,Vellore,vellore_vaniyambadi,Onion,Local,FAQ,2214,2703,2410,152.76,04 Jan 2025
273,Vellore,vellore_arakkonam,Onion,Local,FAQ,2442,3076,2676,198.49,04 Jan 2026
274,Vellore,vellore_gudiyatham,Onion,Local,FAQ,2237,2756,2419,156.94,04 Jan 2026
275,Vellore,vellore_market,Onion,Local,FAQ,2166,2772,2416,191.24,04 Jan 2026
276,Vellore,vellore_vaniyambadi,Onion,Local,FAQ,2393,2838,2624,127.83,04 Jan 2026
277,Vellore,vellore_arakkonam,Onion,Local,FAQ,2191,2875,2508,99.87,04 Jul 2025
278,Vellore,vellore_gudiyatham,Onion,Local,FAQ,1843,2246,2027,113.33,04 Jul 2025
279,Vellore,vellore_market,Onion,Local,FAQ,1937,2404,2204,119.69,04 Jul 2025
280,Vellore,vellore_vaniyambadi,Onion,Local,FAQ,2229,2877,2510,61.47,04 Jul 2025
281,Vellore,vellore_arakkonam,Onion,Local,FAQ,1653,2094,1886,126.2,04 Jul 2026
282,Vellore,vellore_gudiyatham,Onion,Local,FAQ,1567,2024,1800,142.85,04 Jul 2026
283,Vellore,vellore_market,Onion,Local,FAQ,1840,2292,2069,115.78,04 Jul 2026
284,Vellore,vellore_vaniyambadi,Onion,Local,FAQ,2011,2553,2325,60.09,04 Jul 2026
285,Vellore,vellore_arakkonam,Onion,Local,FAQ,2031,2479,2301,167.72,04 Jun 2025
286,Vellore,vellore_gudiyatham,Onion,Local,FAQ,2294,2772,2467,93.79,04 Jun 2025
287,Vellore,vellore_market,Onion,Local,FAQ,1951,2296,2145,137.82,04 Jun 2025
288,Vellore,vellore_vaniyambadi,Onion,Local,FAQ,2116,2648,2310,103.63,04 Jun 2025
289,Vellore,vellore_arakkonam,Onion,Local,FAQ,2105,2625,2439,147.19,04 Jun 2026
290,Vellore,vellore_gudiyatham,Onion,Local,FAQ,2126,2517,2301,114.77,04 Jun 2026
291,Vellore,vellore_market,Onion,Local,FAQ,2447,3041,2835,76.79,04 Jun 2026
292,Vellore,vellore_vaniyambadi,Onion,Local,FAQ,1999,2510,2214,108.63,04 Jun 2026
293,Vellore,vellore_arakkonam,Onion,Local,FAQ,2465,2968,2764,176.24,04 Mar 2025
294,Vellore,vellore_gudiyatham,Onion,Local,FAQ,2490,3295,2892,151.89,04 Mar 2025
295,Vellore,vellore_market,Onion,Local,FAQ,2429,2911,2632,185.16,04 Mar 2025
296,Vellore,vellore_vaniyambadi,Onion,Local,FAQ,2273,2944,2602,176.18,04 Mar 2025
297,Vellore,vellore_arakkonam,Onion,Local,FAQ,2084,2537,2307,258.41,04 Mar 2026
298,Vellore,vellore_gudiyatham,Onion,Local,FAQ,2229,2799,2534,203.28,04 Mar 2026
299,Vellore,vellore_market,Onion,Local,FAQ,1816,2160,1975,438.22,04 Mar 2026
300,Vellore,vellore_vaniyambadi,Onion,Local,FAQ,2185,2696,2438,188.71,04 Mar 2026
301,Vellore,vellore_arakkonam,Onion,Local,FAQ,2275,2784,2532,141.4,04 May 2025
302,Vellore,vellore_gudiyatham,Onion,Local,FAQ,2351,2819,2565,112.65,04 May 2025
303,Vellore,vellore_market,Onion,Local,FAQ,2084,2600,2401,168.93,04 May 2025
304,Vellore,vellore_vaniyambadi,Onion,Local,FAQ,1849,2213,2006,199.32,04 May 2025
305,Vellore,vellore_arakkonam,Onion,Local,FAQ,2441,2991,2784,131.53,04 May 2026
306,Vellore,vellore_gudiyatham,Onion,Local,FAQ,2148,2564,2324,154.96,04 May 2026
307,Vellore,vellore_market,Onion,Local,FAQ,2355,3004,2642,146.04,04 May 2026
308,Vellore,vellore_vaniyambadi,Onion,Local,FAQ,2314,2769,2551,94.76,04 May 2026
309,Vellore,vellore_arakkonam,Onion,Local,FAQ,1806,2334,2050,166.79,04 Nov 2025
310,Vellore,vellore_gudiyatham,Onion,Local,FAQ,2114,2554,2325,112.14,04 Nov 2025
311,Vellore,vellore_market,Onion,Local,FAQ,1946,2442,2133,121.06,04 Nov 2025
312,Vellore,vellore_vaniyambadi,Onion,Local,FAQ,1750,2319,2029,116.02,04 Nov 2025
313,Vellore,vellore_arakkonam,Onion,Local,FAQ,1631,2011,1798,174.12,04 Oct 2025
314,Vellore,vellore_gudiyatham,Onion,Local,FAQ,1706,2048,1894,126.03,04 Oct 2025
315,Vellore,vellore_market,Onion,Local,FAQ,1328,1732,1537,190.64,04 Oct 2025
316,Vellore,vellore_vaniyambadi,Onion,Local,FAQ,1744,2100,1913,93.41,04 Oct 2025
317,Vellore,vellore_arakkonam,Onion,Local,FAQ,1705,2147,1958,95.64,04 Sep 2025
318,Vellore,vellore_gudiyatham,Onion,Local,FAQ,1581,1901,1743,87.58,04 Sep 2025
319,Vellore,vellore_market,Onion,Local,FAQ,1454,1796,1587,139.0,04 Sep 2025
320,Vellore,vellore_vaniyambadi,Onion,Local,FAQ,1857,2302,2018,66.11,04 Sep 2025
321,Vellore,vellore_arakkonam,Onion,Local,FAQ,2394,2813,2608,206.19,05 Apr 2025
322,Vellore,vellore_gudiyatham,Onion,Local,FAQ,2805,3419,3099,116.39,05 Apr 2025
323,Vellore,vellore_market,Onion,Local,FAQ,2486,3243,2847,123.81,05 Apr 2025
324,Vellore,vellore_vaniyambadi,Onion,Local,FAQ,2460,2949,2717,115.61,05 Apr 2025
325,Vellore,vellore_arakkonam,Onion,Local,FAQ,2202,2894,2526,211.44,05 Apr 2026
326,Vellore,vellore_gudiyatham,Onion,Local,FAQ,2842,3457,3166,105.02,05 Apr 2026
327,Vellore,vellore_market,Onion,Local,FAQ,2168,2550,2333,190.45,05 Apr 2026
328,Vellore,vellore_vaniyambadi,Onion,Local,FAQ,2165,2807,2505,138.28,05 Apr 2026
329,Vellore,vellore_arakkonam,Onion,Local,FAQ,1578,2067,1799,154.73,05 Aug 2025
330,Vellore,vellore_gudiyatham,Onion,Local,FAQ,1752,2063,1921,98.17,05 Aug 2025
331,Vellore,vellore_market,Onion,Local,FAQ,1599,2052,1828,113.58,05 Aug 2025
332,Vellore,vellore_vaniyambadi,Onion,Local,FAQ,1433,1757,1545,116.83,05 Aug 2025
333,Vellore,vellore_arakkonam,Onion,Local,FAQ,1616,1988,1783,126.19,05 Aug 2026
334,Vellore,vellore_gudiyatham,Onion,Local,FAQ,1649,1933,1799,96.32,05 Aug 2026
335,Vellore,vellore_market,Onion,Local,FAQ,1591,2055,1811,124.65,05 Aug 2026
336,Vellore,vellore_vaniyambadi,Onion,Local,FAQ,1387,1788,1591,108.55,05 Aug 2026
337,Vellore,vellore_arakkonam,Onion,Local,FAQ,1701,2091,1849,298.46,05 Dec 2025
338,Vellore,vellore_gudiyatham,Onion,Local,FAQ,2155,2628,2367,148.26,05 Dec 2025
339,Vellore,vellore_market,Onion,Local,FAQ,1891,2404,2103,216.54,05 Dec 2025
340,Vellore,vellore_vaniyambadi,Onion,Local,FAQ,1826,2245,1975,199.36,05 Dec 2025
341,Vellore,vellore_arakkonam,Onion,Local,FAQ,2279,2809,2472,237.55,05 Feb 2025
342,Vellore,vellore_gudiyatham,Onion,Local,FAQ,2048,2514,2296,235.62,05 Feb 2025
343,Vellore,vellore_market,Onion,Local,FAQ,2684,3399,2960,182.4,05 Feb 2025
344,Vellore,vellore_vaniyambadi,Onion,Local,FAQ,2152,2703,2493,138.4,05 Feb 2025
345,Vellore,vellore_arakkonam,Onion,Local,FAQ,1960,2584,2264,274.47,05 Feb 2026
346,Vellore,vellore_gudiyatham,Onion,Local,FAQ,2636,3219,2913,132.96,05 Feb 2026
347,Vellore,vellore_market,Onion,Local,FAQ,2218,2792,2575,189.14,05 Feb 2026
348,Vellore,vellore_vaniyambadi,Onion,Local,FAQ,2053,2514,2234,186.95,05 Feb 2026
349,Vellore,vellore_arakkonam,Onion,Local,FAQ,2625,3240,2962,142.85,05 Jan 2025
350,Vellore,vellore_gudiyatham,Onion,Local,FAQ,2021,2557,2343,203.71,05 Jan 2025
351,Vellore,vellore_market,Onion,Local,FAQ,2052,2454,2226,241.21,05 Jan 2025
352,Vellore,vellore_vaniyambadi,Onion,Local,FAQ,2144,2859,2488,145.27,05 Jan 2025
353,Vellore,vellore_arakkonam,Onion,Local,FAQ,2711,3395,2977,149.65,05 Jan 2026
354,Vellore,vellore_gudiyatham,Onion,Local,FAQ,1985,2565,2234,211.23,05 Jan 2026
355,Vellore,vellore_market,Onion,Local,FAQ,2381,2854,2597,148.39,05 Jan 2026
356,Vellore,vellore_vaniyambadi,Onion,Local,FAQ,2172,2592,2402,149.27,05 Jan 2026
357,Vellore,vellore_arakkonam,Onion,Local,FAQ,1862,2193,2027,163.75,05 Jul 2025
358,Vellore,vellore_gudiyatham,Onion,Local,FAQ,1971,2455,2228,87.71,05 Jul 2025
359,Vellore,vellore_market,Onion,Local,FAQ,2066,2502,2310,98.55,05 Jul 2025
360,Vellore,vellore_vaniyambadi,Onion,Local,FAQ,1822,2359,2073,90.1,05 Jul 2025
361,Vellore,vellore_arakkonam,Onion,Local,FAQ,1630,2014,1783,144.01,05 Jul 2026
362,Vellore,vellore_gudiyatham,Onion,Local,FAQ,1818,2244,2040,94.63,05 Jul 2026
363,Vellore,vellore_market,Onion,Local,FAQ,1627,1915,1771,147.0,05 Jul 2026
364,Vellore,vellore_vaniyambadi,Onion,Local,FAQ,1724,2148,1990,88.61,05 Jul 2026
365,Vellore,vellore_arakkonam,Onion,Local,FAQ,2297,2893,2547,131.9,05 Jun 2025
366,Vellore,vellore_gudiyatham,Onion,Local,FAQ,2447,3043,2717,75.48,05 Jun 2025
367,Vellore,vellore_market,Onion,Local,FAQ,2024,2543,2249,122.02,05 Jun 2025
368,Vellore,vellore_vaniyambadi,Onion,Local,FAQ,2202,2859,2488,89.98,05 Jun 2025
369,Vellore,vellore_arakkonam,Onion,Local,FAQ,2216,2748,2478,136.88,05 Jun 2026
370,Vellore,vellore_gudiyatham,Onion,Local,FAQ,2036,2527,2330,102.29,05 Jun 2026
371,Vellore,vellore_market,Onion,Local,FAQ,2121,2510,2325,128.81,05 Jun 2026
372,Vellore,vellore_vaniyambadi,Onion,Local,FAQ,2011,2365,2189,107.88,05 Jun 2026
373,Vellore,vellore_arakkonam,Onion,Local,FAQ,2405,2901,2644,177.57,05 Mar 2025
374,Vellore,vellore_gudiyatham,Onion,Local,FAQ,2692,3331,2956,147.33,05 Mar 2025
375,Vellore,vellore_market,Onion,Local,FAQ,2112,2709,2404,205.61,05 Mar 2025
376,Vellore,vellore_vaniyambadi,Onion,Local,FAQ,2058,2692,2388,210.13,05 Mar 2025
377,Vellore,vellore_arakkonam,Onion,Local,FAQ,3294,4097,3597,89.9,05 Mar 2026
378,Vellore,vellore_gudiyatham,Onion,Local,FAQ,2613,3178,2851,152.43,05 Mar 2026
379,Vellore,vellore_market,Onion,Local,FAQ,2291,2821,2517,256.57,05 Mar 2026
380,Vellore,vellore_vaniyambadi,Onion,Local,FAQ,2367,2766,2571,164.9,05 Mar 2026
381,Vellore,vellore_arakkonam,Onion,Local,FAQ,1984,2460,2265,171.06,05 May 2025
382,Vellore,vellore_gudiyatham,Onion,Local,FAQ,2056,2483,2224,160.28,05 May 2025
383,Vellore,vellore_market,Onion,Local,FAQ,2755,3534,3190,78.68,05 May 2025
384,Vellore,vellore_vaniyambadi,Onion,Local,FAQ,1949,2328,2126,159.5,05 May 2025
385,Vellore,vellore_arakkonam,Onion,Local,FAQ,1815,2307,2032,283.25,05 May 2026
386,Vellore,vellore_gudiyatham,Onion,Local,FAQ,2321,2814,2582,123.23,05 May 2026
387,Vellore,vellore_market,Onion,Local,FAQ,2117,2749,2408,165.98,05 May 2026
388,Vellore,vellore_vaniyambadi,Onion,Local,FAQ,2679,3292,3032,69.38,05 May 2026
389,Vellore,vellore_arakkonam,Onion,Local,FAQ,1885,2304,2046,171.11,05 Nov 2025
390,Vellore,vellore_gudiyatham,Onion,Local,FAQ,1798,2340,2051,152.33,05 Nov 2025
391,Vellore,vellore_market,Onion,Local,FAQ,1648,2016,1778,177.58,05 Nov 2025
392,Vellore,vellore_vaniyambadi,Onion,Local,FAQ,2012,2401,2207,93.66,05 Nov 2025
393,Vellore,vellore_arakkonam,Onion,Local,FAQ,1522,1979,1738,192.48,05 Oct 2025
394,Vellore,vellore_gudiyatham,Onion,Local,FAQ,1599,2047,1856,120.93,05 Oct 2025
395,Vellore,vellore_market,Onion,Local,FAQ,1498,1974,1726,140.89,05 Oct 2025
396,Vellore,vellore_vaniyambadi,Onion,Local,FAQ,1785,2203,2001,88.2,05 Oct 2025
397,Vellore,vellore_arakkonam,Onion,Local,FAQ,1502,1834,1640,129.83,05 Sep 2025
398,Vellore,vellore_gudiyatham,Onion,Local,FAQ,1406,1835,1620,114.59,05 Sep 2025
399,Vellore,vellore_market,Onion,Local,FAQ,1255,1591,1427,172.5,05 Sep 2025
400,Vellore,vellore_vaniyambadi,Onion,Local,FAQ,1370,1660,1545,112.8,05 Sep 2025
401,Vellore,vellore_arakkonam,Onion,Local,FAQ,2568,3246,2888,164.73,06 Apr 2025
402,Vellore,vellore_gudiyatham,Onion,Local,FAQ,2127,2809,2445,186.81,06 Apr 2025
403,Vellore,vellore_market,Onion,Local,FAQ,2253,2775,2577,151.65,06 Apr 2025
404,Vellore,vellore_vaniyambadi,Onion,Local,FAQ,2668,3321,3021,89.68,06 Apr 2025
405,Vellore,vellore_arakkonam,Onion,Local,FAQ,2252,2856,2585,190.07,06 Apr 2026
406,Vellore,vellore_gudiyatham,Onion,Local,FAQ,2636,3271,2963,118.42,06 Apr 2026
407,Vellore,vellore_market,Onion,Local,FAQ,1827,2316,2107,239.76,06 Apr 2026
408,Vellore,vellore_vaniyambadi,Onion,Local,FAQ,2137,2704,2379,166.86,06 Apr 2026
409,Vellore,vellore_arakkonam,Onion,Local,FAQ,1749,2234,1985,129.82,06 Aug 2025
410,Vellore,vellore_gudiyatham,Onion,Local,FAQ,1648,2092,1899,93.84,06 Aug 2025
411,Vellore,vellore_market,Onion,Local,FAQ,1712,2079,1924,90.37,06 Aug 2025
412,Vellore,vellore_vaniyambadi,Onion,Local,FAQ,1461,1826,1653,95.63,06 Aug 2025
413,Vellore,vellore_arakkonam,Onion,Local,FAQ,1736,2088,1925,118.75,06 Aug 2026
414,Vellore,vellore_gudiyatham,Onion,Local,FAQ,1816,2250,2032,71.32,06 Aug 2026
415,Vellore,vellore_market,Onion,Local,FAQ,1633,2108,1849,123.96,06 Aug 2026
416,Vellore,vellore_vaniyambadi,Onion,Local,FAQ,1726,2061,1886,68.64,06 Aug 2026
417,Vellore,vellore_arakkonam,Onion,Local,FAQ,1968,2412,2204,201.42,06 Dec 2025
418,Vellore,vellore_gudiyatham,Onion,Local,FAQ,2469,3064,2728,114.12,06 Dec 2025
419,Vellore,vellore_market,Onion,Local,FAQ,1791,2270,2005,250.95,06 Dec 2025
420,Vellore,vellore_vaniyambadi,Onion,Local,FAQ,2059,2495,2280,151.21,06 Dec 2025
421,Vellore,vellore_arakkonam,Onion,Local,FAQ,2578,3162,2938,166.14,06 Feb 2025
422,Vellore,vellore_gudiyatham,Onion,Local,FAQ,2325,2820,2572,170.01,06 Feb 2025
423,Vellore,vellore_market,Onion,Local,FAQ,2548,3210,2932,169.14,06 Feb 2025
424,Vellore,vellore_vaniyambadi,Onion,Local,FAQ,2317,2911,2640,120.5,06 Feb 2025
425,Vellore,vellore_arakkonam,Onion,Local,FAQ,2183,2834,2493,231.68,06 Feb 2026
426,Vellore,vellore_gudiyatham,Onion,Local,FAQ,2419,3018,2669,159.14,06 Feb 2026
427,Vellore,vellore_market,Onion,Local,FAQ,2143,2615,2438,212.22,06 Feb 2026
428,Vellore,vellore_vaniyambadi,Onion,Local,FAQ,2257,2729,2456,164.59,06 Feb 2026
429,Vellore,vellore_arakkonam,Onion,Local,FAQ,2503,3130,2790,184.67,06 Jan 2025
430,Vellore,vellore_gudiyatham,Onion,Local,FAQ,2479,3028,2725,140.92,06 Jan 2025
431,Vellore,vellore_market,Onion,Local,FAQ,1745,2122,1942,334.41,06 Jan 2025
432,Vellore,vellore_vaniyambadi,Onion,Local,FAQ,2398,2960,2761,119.95,06 Jan 2025
433,Vellore,vellore_arakkonam,Onion,Local,FAQ,2329,2855,2530,230.02,06 Jan 2026
434,Vellore,vellore_gudiyatham,Onion,Local,FAQ,2166,2645,2359,183.75,06 Jan 2026
435,Vellore,vellore_market,Onion,Local,FAQ,2195,2735,2385,191.84,06 Jan 2026
436,Vellore,vellore_vaniyambadi,Onion,Local,FAQ,2365,2912,2673,113.72,06 Jan 2026
437,Vellore,vellore_arakkonam,Onion,Local,FAQ,1834,2382,2077,132.99,06 Jul 2025
438,Vellore,vellore_gudiyatham,Onion,Local,FAQ,2209,2900,2558,67.96,06 Jul 2025
439,Vellore,vellore_market,Onion,Local,FAQ,2180,2822,2482,81.29,06 Jul 2025
440,Vellore,vellore_vaniyambadi,Onion,Local,FAQ,2314,2878,2516,51.1,06 Jul 2025
441,Vellore,vellore_arakkonam,Onion,Local,FAQ,1939,2570,2245,85.97,06 Jul 2026
442,Vellore,vellore_gudiyatham,Onion,Local,FAQ,1879,2424,2138,87.07,06 Jul 2026
443,Vellore,vellore_market,Onion,Local,FAQ,1947,2291,2126,106.54,06 Jul 2026
444,Vellore,vellore_vaniyambadi,Onion,Local,FAQ,2080,2596,2263,63.65,06 Jul 2026
445,Vellore,vellore_arakkonam,Onion,Local,FAQ,2326,2782,2579,125.66,06 Jun 2025
446,Vellore,vellore_gudiyatham,Onion,Local,FAQ,1978,2464,2268,105.62,06 Jun 2025
447,Vellore,vellore_market,Onion,Local,FAQ,1917,2400,2091,137.32,06 Jun 2025
448,Vellore,vellore_vaniyambadi,Onion,Local,FAQ,2501,3173,2846,65.87,06 Jun 2025
449,Vellore,vellore_arakkonam,Onion,Local,FAQ,2282,3023,2650,123.75,06 Jun 2026
450,Vellore,vellore_gudiyatham,Onion,Local,FAQ,1812,2315,2095,125.55,06 Jun 2026
451,Vellore,vellore_market,Onion,Local,FAQ,2031,2530,2214,141.52,06 Jun 2026
452,Vellore,vellore_vaniyambadi,Onion,Local,FAQ,2403,3010,2619,67.16,06 Jun 2026
453,Vellore,vellore_arakkonam,Onion,Local,FAQ,2391,2965,2757,146.72,06 Mar 2025
454,Vellore,vellore_gudiyatham,Onion,Local,FAQ,2727,3423,3121,129.57,06 Mar 2025
455,Vellore,vellore_market,Onion,Local,FAQ,2472,3033,2787,175.76,06 Mar 2025
456,Vellore,vellore_vaniyambadi,Onion,Local,FAQ,1937,2421,2159,262.94,06 Mar 2025
457,Vellore,vellore_arakkonam,Onion,Local,FAQ,2611,3184,2891,164.52,06 Mar 2026
458,Vellore,vellore_gudiyatham,Onion,Local,FAQ,2478,3029,2672,179.34,06 Mar 2026
459,Vellore,vellore_market,Onion,Local,FAQ,2574,3250,2972,157.22,06 Mar 2026
460,Vellore,vellore_vaniyambadi,Onion,Local,FAQ,2520,3127,2822,129.11,06 Mar 2026
461,Vellore,vellore_arakkonam,Onion,Local,FAQ,1940,2522,2197,178.4,06 May 2025
462,Vellore,vellore_gudiyatham,Onion,Local,FAQ,2457,3085,2759,89.81,06 May 2025
463,Vellore,vellore_market,Onion,Local,FAQ,2166,2705,2415,146.23,06 May 2025
464,Vellore,vellore_vaniyambadi,Onion,Local,FAQ,2026,2579,2326,132.5,06 May 2025
465,Vellore,vellore_arakkonam,Onion,Local,FAQ,2668,3393,2983,122.47,06 May 2026
466,Vellore,vellore_gudiyatham,Onion,Local,FAQ,1923,2460,2154,195.0,06 May 2026
467,Vellore,vellore_market,Onion,Local,FAQ,1859,2371,2139,221.88,06 May 2026
468,Vellore,vellore_vaniyambadi,Onion,Local,FAQ,2224,2721,2481,103.72,06 May 2026
469,Vellore,vellore_arakkonam,Onion,Local,FAQ,1676,2097,1881,206.35,06 Nov 2025
470,Vellore,vellore_gudiyatham,Onion,Local,FAQ,1964,2540,2279,130.97,06 Nov 2025
471,Vellore,vellore_market,Onion,Local,FAQ,1694,2104,1940,155.55,06 Nov 2025
472,Vellore,vellore_vaniyambadi,Onion,Local,FAQ,1552,1949,1796,143.2,06 Nov 2025
473,Vellore,vellore_arakkonam,Onion,Local,FAQ,1828,2290,2065,145.36,06 Oct 2025
474,Vellore,vellore_gudiyatham,Onion,Local,FAQ,1695,1997,1842,114.36,06 Oct 2025
475,Vellore,vellore_market,Onion,Local,FAQ,1319,1635,1527,214.16,06 Oct 2025
476,Vellore,vellore_vaniyambadi,Onion,Local,FAQ,1691,2111,1862,104.8,06 Oct 2025
477,Vellore,vellore_arakkonam,Onion,Local,FAQ,1493,1785,1623,148.23,06 Sep 2025
478,Vellore,vellore_gudiyatham,Onion,Local,FAQ,1574,1869,1741,98.58,06 Sep 2025
479,Vellore,vellore_market,Onion,Local,FAQ,1678,2163,1917,98.28,06 Sep 2025
480,Vellore,vellore_vaniyambadi,Onion,Local,FAQ,1676,2141,1923,71.65,06 Sep 2025
481,Vellore,vellore_arakkonam,Onion,Local,FAQ,2636,3274,3011,170.8,07 Apr 2025
482,Vellore,vellore_gudiyatham,Onion,Local,FAQ,2153,2699,2432,172.42,07 Apr 2025
483,Vellore,vellore_market,Onion,Local,FAQ,2245,2684,2425,181.06,07 Apr 2025
484,Vellore,vellore_vaniyambadi,Onion,Local,FAQ,2250,2805,2542,128.7,07 Apr 2025
485,Vellore,vellore_arakkonam,Onion,Local,FAQ,2371,2790,2592,195.85,07 Apr 2026
486,Vellore,vellore_gudiyatham,Onion,Local,FAQ,2302,2896,2618,144.33,07 Apr 2026
487,Vellore,vellore_market,Onion,Local,FAQ,2395,2897,2685,143.57,07 Apr 2026
488,Vellore,vellore_vaniyambadi,Onion,Local,FAQ,2264,2771,2517,138.49,07 Apr 2026
489,Vellore,vellore_arakkonam,Onion,Local,FAQ,1821,2288,2015,106.54,07 Aug 2025
490,Vellore,vellore_gudiyatham,Onion,Local,FAQ,1496,1873,1655,123.01,07 Aug 2025
491,Vellore,vellore_market,Onion,Local,FAQ,1515,1936,1730,117.58,07 Aug 2025
492,Vellore,vellore_vaniyambadi,Onion,Local,FAQ,1554,1969,1769,87.92,07 Aug 2025
493,Vellore,vellore_arakkonam,Onion,Local,FAQ,1581,2004,1822,133.04,07 Aug 2026
494,Vellore,vellore_gudiyatham,Onion,Local,FAQ,1416,1711,1553,141.29,07 Aug 2026
495,Vellore,vellore_market,Onion,Local,FAQ,1750,2169,1920,122.83,07 Aug 2026
496,Vellore,vellore_vaniyambadi,Onion,Local,FAQ,1663,2025,1873,84.01,07 Aug 2026
497,Vellore,vellore_arakkonam,Onion,Local,FAQ,1975,2540,2217,210.14,07 Dec 2025
498,Vellore,vellore_gudiyatham,Onion,Local,FAQ,2117,2545,2363,171.9,07 Dec 2025
499,Vellore,vellore_market,Onion,Local,FAQ,2102,2489,2317,173.66,07 Dec 2025
500,Vellore,vellore_vaniyambadi,Onion,Local,FAQ,2489,2959,2756,94.57,07 Dec 2025
501,Vellore,vellore_arakkonam,Onion,Local,FAQ,2096,2738,2412,260.91,07 Feb 2025
502,Vellore,vellore_gudiyatham,Onion,Local,FAQ,2215,2767,2529,181.97,07 Feb 2025
503,Vellore,vellore_market,Onion,Local,FAQ,2755,3391,3012,151.46,07 Feb 2025
504,Vellore,vellore_vaniyambadi,Onion,Local,FAQ,2320,2884,2541,125.99,07 Feb 2025
505,Vellore,vellore_arakkonam,Onion,Local,FAQ,2455,3078,2814,185.09,07 Feb 2026
506,Vellore,vellore_gudiyatham,Onion,Local,FAQ,2381,2899,2636,163.55,07 Feb 2026
507,Vellore,vellore_market,Onion,Local,FAQ,2165,2687,2362,213.64,07 Feb 2026
508,Vellore,vellore_vaniyambadi,Onion,Local,FAQ,2189,2693,2448,160.47,07 Feb 2026
509,Vellore,vellore_arakkonam,Onion,Local,FAQ,2223,2694,2491,214.42,07 Jan 2025
510,Vellore,vellore_gudiyatham,Onion,Local,FAQ,2595,3242,2873,113.99,07 Jan 2025
511,Vellore,vellore_market,Onion,Local,FAQ,2148,2717,2438,212.72,07 Jan 2025
512,Vellore,vellore_vaniyambadi,Onion,Local,FAQ,2154,2856,2495,155.17,07 Jan 2025
513,Vellore,vellore_arakkonam,Onion,Local,FAQ,2500,3015,2777,168.22,07 Jan 2026
514,Vellore,vellore_gudiyatham,Onion,Local,FAQ,2315,2797,2564,153.33,07 Jan 2026
515,Vellore,vellore_market,Onion,Local,FAQ,2004,2524,2252,230.46,07 Jan 2026
516,Vellore,vellore_vaniyambadi,Onion,Local,FAQ,2146,2577,2373,150.3,07 Jan 2026
517,Vellore,vellore_arakkonam,Onion,Local,FAQ,1739,2029,1880,149.15,07 Jul 2025
518,Vellore,vellore_gudiyatham,Onion,Local,FAQ,1798,2196,2015,106.8,07 Jul 2025
519,Vellore,vellore_market,Onion,Local,FAQ,1711,2132,1965,124.31,07 Jul 2025
520,Vellore,vellore_vaniyambadi,Onion,Local,FAQ,1833,2286,1995,80.5,07 Jul 2025
521,Vellore,vellore_arakkonam,Onion,Local,FAQ,1606,1972,1813,147.67,07 Jul 2026
522,Vellore,vellore_gudiyatham,Onion,Local,FAQ,2010,2494,2212,77.01,07 Jul 2026
523,Vellore,vellore_market,Onion,Local,FAQ,1727,2181,1915,117.38,07 Jul 2026
524,Vellore,vellore_vaniyambadi,Onion,Local,FAQ,1456,1816,1625,123.9,07 Jul 2026
525,Vellore,vellore_arakkonam,Onion,Local,FAQ,1992,2381,2146,172.22,07 Jun 2025
526,Vellore,vellore_gudiyatham,Onion,Local,FAQ,2222,2736,2506,73.9,07 Jun 2025
527,Vellore,vellore_market,Onion,Local,FAQ,2169,2749,2397,89.35,07 Jun 2025
528,Vellore,vellore_vaniyambadi,Onion,Local,FAQ,2066,2478,2285,110.17,07 Jun 2025
529,Vellore,vellore_arakkonam,Onion,Local,FAQ,2563,3206,2871,104.71,07 Jun 2026
530,Vellore,vellore_gudiyatham,Onion,Local,FAQ,2052,2563,2354,102.73,07 Jun 2026
531,Vellore,vellore_market,Onion,Local,FAQ,2371,2887,2555,93.99,07 Jun 2026
532,Vellore,vellore_vaniyambadi,Onion,Local,FAQ,1927,2311,2103,97.8,07 Jun 2026
533,Vellore,vellore_arakkonam,Onion,Local,FAQ,1901,2368,2140,273.48,07 Mar 2025
534,Vellore,vellore_gudiyatham,Onion,Local,FAQ,3098,3813,3532,96.32,07 Mar 2025
535,Vellore,vellore_market,Onion,Local,FAQ,2232,2724,2455,234.9,07 Mar 2025
536,Vellore,vellore_vaniyambadi,Onion,Local,FAQ,2756,3470,3018,114.96,07 Mar 2025
537,Vellore,vellore_arakkonam,Onion,Local,FAQ,2160,2749,2493,243.76,07 Mar 2026
538,Vellore,vellore_gudiyatham,Onion,Local,FAQ,2699,3296,2965,130.05,07 Mar 2026
539,Vellore,vellore_market,Onion,Local,FAQ,2090,2678,2357,257.94,07 Mar 2026
540,Vellore,vellore_vaniyambadi,Onion,Local,FAQ,2063,2615,2292,184.03,07 Mar 2026
541,Vellore,vellore_arakkonam,Onion,Local,FAQ,2259,2746,2473,132.69,07 May 2025
542,Vellore,vellore_gudiyatham,Onion,Local,FAQ,2394,3021,2664,96.41,07 May 2025
543,Vellore,vellore_market,Onion,Local,FAQ,2104,2470,2306,167.37,07 May 2025
544,Vellore,vellore_vaniyambadi,Onion,Local,FAQ,2160,2798,2479,129.74,07 May 2025
545,Vellore,vellore_arakkonam,Onion,Local,FAQ,2450,2923,2708,133.4,07 May 2026
546,Vellore,vellore_gudiyatham,Onion,Local,FAQ,2238,2652,2412,132.35,07 May 2026
547,Vellore,vellore_market,Onion,Local,FAQ,2525,3152,2912,119.76,07 May 2026
548,Vellore,vellore_vaniyambadi,Onion,Local,FAQ,2096,2643,2366,116.5,07 May 2026
549,Vellore,vellore_arakkonam,Onion,Local,FAQ,2046,2487,2213,137.54,07 Nov 2025
550,Vellore,vellore_gudiyatham,Onion,Local,FAQ,1780,2356,2053,149.26,07 Nov 2025
551,Vellore,vellore_market,Onion,Local,FAQ,1480,1744,1615,215.7,07 Nov 2025
552,Vellore,vellore_vaniyambadi,Onion,Local,FAQ,1846,2265,2089,100.48,07 Nov 2025
553,Vellore,vellore_arakkonam,Onion,Local,FAQ,1872,2422,2112,138.93,07 Oct 2025
554,Vellore,vellore_gudiyatham,Onion,Local,FAQ,1653,1984,1795,127.36,07 Oct 2025
555,Vellore,vellore_market,Onion,Local,FAQ,1766,2218,1974,127.23,07 Oct 2025
556,Vellore,vellore_vaniyambadi,Onion,Local,FAQ,1787,2192,1986,85.15,07 Oct 2025
557,Vellore,vellore_arakkonam,Onion,Local,FAQ,1499,1847,1719,130.13,07 Sep 2025
558,Vellore,vellore_gudiyatham,Onion,Local,FAQ,1626,1988,1767,105.42,07 Sep 2025
559,Vellore,vellore_market,Onion,Local,FAQ,1486,1936,1689,140.33,07 Sep 2025
560,Vellore,vellore_vaniyambadi,Onion,Local,FAQ,1612,2010,1817,89.09,07 Sep 2025
561,Vellore,vellore_arakkonam,Onion,Local,FAQ,2414,2956,2745,204.42,08 Apr 2025
562,Vellore,vellore_gudiyatham,Onion,Local,FAQ,2816,3517,3119,105.27,08 Apr 2025
563,Vellore,vellore_market,Onion,Local,FAQ,2114,2511,2332,194.93,08 Apr 2025
564,Vellore,vellore_vaniyambadi,Onion,Local,FAQ,2497,3052,2690,109.78,08 Apr 2025
565,Vellore,vellore_arakkonam,Onion,Local,FAQ,2470,3130,2766,167.29,08 Apr 2026
566,Vellore,vellore_gudiyatham,Onion,Local,FAQ,2130,2631,2441,173.45,08 Apr 2026
567,Vellore,vellore_market,Onion,Local,FAQ,2218,2903,2573,167.09,08 Apr 2026
568,Vellore,vellore_vaniyambadi,Onion,Local,FAQ,2498,3002,2712,113.19,08 Apr 2026
569,Vellore,vellore_arakkonam,Onion,Local,FAQ,1649,2107,1839,136.38,08 Aug 2025
570,Vellore,vellore_gudiyatham,Onion,Local,FAQ,1673,2108,1852,88.49,08 Aug 2025
571,Vellore,vellore_market,Onion,Local,FAQ,1457,1830,1684,130.49,08 Aug 2025
572,Vellore,vellore_vaniyambadi,Onion,Local,FAQ,1766,2172,2003,66.67,08 Aug 2025
573,Vellore,vellore_arakkonam,Onion,Local,FAQ,1719,2128,1918,115.63,08 Aug 2026
574,Vellore,vellore_gudiyatham,Onion,Local,FAQ,1414,1747,1570,124.58,08 Aug 2026
575,Vellore,vellore_market,Onion,Local,FAQ,1646,2155,1888,125.37,08 Aug 2026
576,Vellore,vellore_vaniyambadi,Onion,Local,FAQ,1506,1811,1651,101.22,08 Aug 2026
577,Vellore,vellore_arakkonam,Onion,Local,FAQ,2137,2759,2471,184.89,08 Dec 2025
578,Vellore,vellore_gudiyatham,Onion,Local,FAQ,1737,2089,1902,274.3,08 Dec 2025
579,Vellore,vellore_market,Onion,Local,FAQ,2075,2506,2330,180.48,08 Dec 2025
580,Vellore,vellore_vaniyambadi,Onion,Local,FAQ,2238,2761,2576,99.13,08 Dec 2025
581,Vellore,vellore_arakkonam,Onion,Local,FAQ,2015,2428,2200,328.88,08 Feb 2025
582,Vellore,vellore_gudiyatham,Onion,Local,FAQ,2262,2809,2559,191.43,08 Feb 2025
583,Vellore,vellore_market,Onion,Local,FAQ,2807,3439,3142,163.12,08 Feb 2025
584,Vellore,vellore_vaniyambadi,Onion,Local,FAQ,1979,2487,2293,164.1,08 Feb 2025
585,Vellore,vellore_arakkonam,Onion,Local,FAQ,2281,2861,2491,249.74,08 Feb 2026
586,Vellore,vellore_gudiyatham,Onion,Local,FAQ,2338,2778,2580,168.28,08 Feb 2026
587,Vellore,vellore_market,Onion,Local,FAQ,2016,2424,2220,243.99,08 Feb 2026
588,Vellore,vellore_vaniyambadi,Onion,Local,FAQ,2090,2674,2374,193.67,08 Feb 2026
589,Vellore,vellore_arakkonam,Onion,Local,FAQ,2191,2721,2416,215.78,08 Jan 2025
590,Vellore,vellore_gudiyatham,Onion,Local,FAQ,2271,2811,2525,165.75,08 Jan 2025
591,Vellore,vellore_market,Onion,Local,FAQ,2305,2687,2480,190.76,08 Jan 2025
592,Vellore,vellore_vaniyambadi,Onion,Local,FAQ,1945,2348,2187,184.39,08 Jan 2025
593,Vellore,vellore_arakkonam,Onion,Local,FAQ,2233,2853,2550,224.38,08 Jan 2026
594,Vellore,vellore_gudiyatham,Onion,Local,FAQ,2273,2721,2509,167.57,08 Jan 2026
595,Vellore,vellore_market,Onion,Local,FAQ,2385,3068,2673,147.21,08 Jan 2026
596,Vellore,vellore_vaniyambadi,Onion,Local,FAQ,2028,2551,2309,169.75,08 Jan 2026
597,Vellore,vellore_arakkonam,Onion,Local,FAQ,1600,2055,1823,152.71,08 Jul 2025
598,Vellore,vellore_gudiyatham,Onion,Local,FAQ,1570,2055,1809,138.86,08 Jul 2025
599,Vellore,vellore_market,Onion,Local,FAQ,1716,2146,1988,134.4,08 Jul 2025
600,Vellore,vellore_vaniyambadi,Onion,Local,FAQ,1620,2097,1881,86.1,08 Jul 2025
601,Vellore,vellore_arakkonam,Onion,Local,FAQ,2340,2888,2546,72.27,08 Jul 2026
602,Vellore,vellore_gudiyatham,Onion,Local,FAQ,1746,2096,1929,106.11,08 Jul 2026
603,Vellore,vellore_market,Onion,Local,FAQ,1567,1866,1710,144.86,08 Jul 2026
604,Vellore,vellore_vaniyambadi,Onion,Local,FAQ,1396,1782,1552,137.95,08 Jul 2026
605,Vellore,vellore_arakkonam,Onion,Local,FAQ,2115,2487,2323,133.32,08 Jun 2025
606,Vellore,vellore_gudiyatham,Onion,Local,FAQ,2227,2710,2453,84.06,08 Jun 2025
607,Vellore,vellore_market,Onion,Local,FAQ,1739,2232,2001,138.47,08 Jun 2025
608,Vellore,vellore_vaniyambadi,Onion,Local,FAQ,2446,3028,2765,63.17,08 Jun 2025
609,Vellore,vellore_arakkonam,Onion,Local,FAQ,2329,2919,2616,121.19,08 Jun 2026
610,Vellore,vellore_gudiyatham,Onion,Local,FAQ,2114,2596,2370,105.62,08 Jun 2026
611,Vellore,vellore_market,Onion,Local,FAQ,1997,2492,2269,141.06,08 Jun 2026
612,Vellore,vellore_vaniyambadi,Onion,Local,FAQ,1477,1798,1641,157.12,08 Jun 2026
613,Vellore,vellore_arakkonam,Onion,Local,FAQ,2413,2928,2644,167.08,08 Mar 2025
614,Vellore,vellore_gudiyatham,Onion,Local,FAQ,2596,3333,2900,159.59,08 Mar 2025
615,Vellore,vellore_market,Onion,Local,FAQ,2336,2941,2591,182.95,08 Mar 2025
616,Vellore,vellore_vaniyambadi,Onion,Local,FAQ,2059,2559,2295,213.66,08 Mar 2025
617,Vellore,vellore_arakkonam,Onion,Local,FAQ,2279,2870,2533,224.13,08 Mar 2026
618,Vellore,vellore_gudiyatham,Onion,Local,FAQ,2157,2717,2455,206.28,08 Mar 2026
619,Vellore,vellore_market,Onion,Local,FAQ,2024,2434,2212,273.76,08 Mar 2026
620,Vellore,vellore_vaniyambadi,Onion,Local,FAQ,2412,3112,2746,122.58,08 Mar 2026
621,Vellore,vellore_arakkonam,Onion,Local,FAQ,1958,2411,2136,190.84,08 May 2025
622,Vellore,vellore_gudiyatham,Onion,Local,FAQ,2526,2958,2727,97.62,08 May 2025
623,Vellore,vellore_market,Onion,Local,FAQ,2107,2687,2410,146.74,08 May 2025
624,Vellore,vellore_vaniyambadi,Onion,Local,FAQ,2450,3092,2714,108.85,08 May 2025
625,Vellore,vellore_arakkonam,Onion,Local,FAQ,2024,2368,2202,222.2,08 May 2026
626,Vellore,vellore_gudiyatham,Onion,Local,FAQ,1786,2225,2014,189.3,08 May 2026
627,Vellore,vellore_market,Onion,Local,FAQ,2568,3308,2886,111.78,08 May 2026
628,Vellore,vellore_vaniyambadi,Onion,Local,FAQ,2135,2650,2327,99.28,08 May 2026
629,Vellore,vellore_arakkonam,Onion,Local,FAQ,1542,1916,1730,231.17,08 Nov 2025
630,Vellore,vellore_gudiyatham,Onion,Local,FAQ,1794,2331,2052,165.15,08 Nov 2025
631,Vellore,vellore_market,Onion,Local,FAQ,1488,1902,1695,201.22,08 Nov 2025
632,Vellore,vellore_vaniyambadi,Onion,Local,FAQ,1641,2045,1869,139.45,08 Nov 2025
633,Vellore,vellore_arakkonam,Onion,Local,FAQ,1859,2329,2126,139.13,08 Oct 2025
634,Vellore,vellore_gudiyatham,Onion,Local,FAQ,1640,2026,1833,131.2,08 Oct 2025
635,Vellore,vellore_market,Onion,Local,FAQ,2119,2618,2353,86.89,08 Oct 2025
636,Vellore,vellore_vaniyambadi,Onion,Local,FAQ,1876,2175,2030,78.85,08 Oct 2025
637,Vellore,vellore_arakkonam,Onion,Local,FAQ,1663,2106,1848,108.85,08 Sep 2025
638,Vellore,vellore_gudiyatham,Onion,Local,FAQ,1808,2119,1974,80.2,08 Sep 2025
639,Vellore,vellore_market,Onion,Local,FAQ,1839,2140,1991,92.61,08 Sep 2025
640,Vellore,vellore_vaniyambadi,Onion,Local,FAQ,1775,2081,1943,75.8,08 Sep 2025
641,Vellore,vellore_arakkonam,Onion,Local,FAQ,2457,3029,2682,214.49,09 Apr 2025
642,Vellore,vellore_gudiyatham,Onion,Local,FAQ,2515,3067,2740,145.09,09 Apr 2025
643,Vellore,vellore_market,Onion,Local,FAQ,2421,2900,2686,160.84,09 Apr 2025
644,Vellore,vellore_vaniyambadi,Onion,Local,FAQ,2019,2500,2233,143.97,09 Apr 2025
645,Vellore,vellore_arakkonam,Onion,Local,FAQ,2644,3155,2859,139.56,09 Apr 2026
646,Vellore,vellore_gudiyatham,Onion,Local,FAQ,2216,2663,2403,184.32,09 Apr 2026
647,Vellore,vellore_market,Onion,Local,FAQ,1866,2476,2156,251.81,09 Apr 2026
648,Vellore,vellore_vaniyambadi,Onion,Local,FAQ,1899,2420,2185,191.79,09 Apr 2026
649,Vellore,vellore_arakkonam,Onion,Local,FAQ,1685,2219,1935,124.38,09 Aug 2025
650,Vellore,vellore_gudiyatham,Onion,Local,FAQ,1716,2084,1937,71.4,09 Aug 2025
651,Vellore,vellore_market,Onion,Local,FAQ,1560,1894,1708,116.44,09 Aug 2025
652,Vellore,vellore_vaniyambadi,Onion,Local,FAQ,1939,2304,2116,66.03,09 Aug 2025
653,Vellore,vellore_arakkonam,Onion,Local,FAQ,1644,1948,1778,145.5,09 Aug 2026
654,Vellore,vellore_gudiyatham,Onion,Local,FAQ,1591,2012,1829,77.67,09 Aug 2026
655,Vellore,vellore_market,Onion,Local,FAQ,1760,2192,1947,121.34,09 Aug 2026
656,Vellore,vellore_vaniyambadi,Onion,Local,FAQ,1678,2135,1896,73.13,09 Aug 2026
657,Vellore,vellore_arakkonam,Onion,Local,FAQ,2360,2910,2587,172.26,09 Dec 2025
658,Vellore,vellore_gudiyatham,Onion,Local,FAQ,2410,2996,2728,115.65,09 Dec 2025
659,Vellore,vellore_market,Onion,Local,FAQ,2063,2609,2332,182.84,09 Dec 2025
660,Vellore,vellore_vaniyambadi,Onion,Local,FAQ,1755,2192,1940,177.37,09 Dec 2025
661,Vellore,vellore_arakkonam,Onion,Local,FAQ,2272,2862,2576,208.11,09 Feb 2025
662,Vellore,vellore_gudiyatham,Onion,Local,FAQ,2998,3607,3240,107.48,09 Feb 2025
663,Vellore,vellore_market,Onion,Local,FAQ,2361,3004,2712,254.02,09 Feb 2025
664,Vellore,vellore_vaniyambadi,Onion,Local,FAQ,2071,2642,2389,160.81,09 Feb 2025
665,Vellore,vellore_arakkonam,Onion,Local,FAQ,2733,3444,3037,161.51,09 Feb 2026
666,Vellore,vellore_gudiyatham,Onion,Local,FAQ,2529,3227,2858,130.83,09 Feb 2026
667,Vellore,vellore_market,Onion,Local,FAQ,2640,3103,2856,144.6,09 Feb 2026
668,Vellore,vellore_vaniyambadi,Onion,Local,FAQ,2632,3146,2881,114.16,09 Feb 2026
669,Vellore,vellore_arakkonam,Onion,Local,FAQ,2220,2708,2389,254.96,09 Jan 2025
670,Vellore,vellore_gudiyatham,Onion,Local,FAQ,2112,2771,2437,182.96,09 Jan 2025
671,Vellore,vellore_market,Onion,Local,FAQ,2261,2698,2460,178.23,09 Jan 2025
672,Vellore,vellore_vaniyambadi,Onion,Local,FAQ,1839,2313,2021,229.34,09 Jan 2025
673,Vellore,vellore_arakkonam,Onion,Local,FAQ,2455,3114,2792,199.46,09 Jan 2026
674,Vellore,vellore_gudiyatham,Onion,Local,FAQ,2314,2932,2686,143.53,09 Jan 2026
675,Vellore,vellore_market,Onion,Local,FAQ,1988,2585,2278,220.52,09 Jan 2026
676,Vellore,vellore_vaniyambadi,Onion,Local,FAQ,2275,2813,2508,135.31,09 Jan 2026
677,Vellore,vellore_arakkonam,Onion,Local,FAQ,1619,2075,1838,136.59,09 Jul 2025
678,Vellore,vellore_gudiyatham,Onion,Local,FAQ,2263,2730,2492,69.82,09 Jul 2025
679,Vellore,vellore_market,Onion,Local,FAQ,1982,2356,2169,105.46,09 Jul 2025
680,Vellore,vellore_vaniyambadi,Onion,Local,FAQ,1629,2072,1834,80.64,09 Jul 2025
681,Vellore,vellore_arakkonam,Onion,Local,FAQ,2100,2548,2368,83.98,09 Jul 2026
682,Vellore,vellore_gudiyatham,Onion,Local,FAQ,1913,2340,2092,82.12,09 Jul 2026
683,Vellore,vellore_market,Onion,Local,FAQ,1646,2148,1881,115.13,09 Jul 2026
684,Vellore,vellore_vaniyambadi,Onion,Local,FAQ,2044,2499,2273,58.77,09 Jul 2026
685,Vellore,vellore_arakkonam,Onion,Local,FAQ,2313,2987,2610,101.38,09 Jun 2025
686,Vellore,vellore_gudiyatham,Onion,Local,FAQ,2237,2758,2517,88.22,09 Jun 2025
687,Vellore,vellore_market,Onion,Local,FAQ,1656,2098,1834,160.23,09 Jun 2025
688,Vellore,vellore_vaniyambadi,Onion,Local,FAQ,1974,2574,2240,101.16,09 Jun 2025
689,Vellore,vellore_arakkonam,Onion,Local,FAQ,2163,2533,2345,157.38,09 Jun 2026
690,Vellore,vellore_gudiyatham,Onion,Local,FAQ,2043,2437,2238,127.11,09 Jun 2026
691,Vellore,vellore_market,Onion,Local,FAQ,1997,2470,2148,153.72,09 Jun 2026
692,Vellore,vellore_vaniyambadi,Onion,Local,FAQ,2015,2523,2314,75.39,09 Jun 2026
693,Vellore,vellore_arakkonam,Onion,Local,FAQ,2379,2796,2606,159.34,09 Mar 2025
694,Vellore,vellore_gudiyatham,Onion,Local,FAQ,2477,2972,2731,165.67,09 Mar 2025
695,Vellore,vellore_market,Onion,Local,FAQ,2337,2825,2574,188.39,09 Mar 2025
696,Vellore,vellore_vaniyambadi,Onion,Local,FAQ,1853,2348,2094,282.54,09 Mar 2025
697,Vellore,vellore_arakkonam,Onion,Local,FAQ,2468,3099,2767,194.44,09 Mar 2026
698,Vellore,vellore_gudiyatham,Onion,Local,FAQ,2669,3281,2878,148.9,09 Mar 2026
699,Vellore,vellore_market,Onion,Local,FAQ,2072,2686,2363,257.83,09 Mar 2026
700,Vellore,vellore_vaniyambadi,Onion,Local,FAQ,2421,3051,2790,133.44,09 Mar 2026
701,Vellore,vellore_arakkonam,Onion,Local,FAQ,2190,2737,2409,134.72,09 May 2025
702,Vellore,vellore_gudiyatham,Onion,Local,FAQ,2147,2579,2400,131.29,09 May 2025
703,Vellore,vellore_market,Onion,Local,FAQ,2256,2881,2570,125.57,09 May 2025
704,Vellore,vellore_vaniyambadi,Onion,Local,FAQ,2309,2930,2648,103.53,09 May 2025
705,Vellore,vellore_arakkonam,Onion,Local,FAQ,2371,2938,2660,139.52,09 May 2026
706,Vellore,vellore_gudiyatham,Onion,Local,FAQ,2138,2745,2417,114.26,09 May 2026
707,Vellore,vellore_market,Onion,Local,FAQ,2620,3254,2932,100.44,09 May 2026
708,Vellore,vellore_vaniyambadi,Onion,Local,FAQ,2435,3116,2727,79.39,09 May 2026
709,Vellore,vellore_arakkonam,Onion,Local,FAQ,1744,2192,2026,166.26,09 Nov 2025
710,Vellore,vellore_gudiyatham,Onion,Local,FAQ,1852,2352,2124,146.73,09 Nov 2025
711,Vellore,vellore_market,Onion,Local,FAQ,1828,2246,1976,147.86,09 Nov 2025
712,Vellore,vellore_vaniyambadi,Onion,Local,FAQ,1912,2375,2102,108.24,09 Nov 2025
713,Vellore,vellore_arakkonam,Onion,Local,FAQ,1648,2149,1898,172.71,09 Oct 2025
714,Vellore,vellore_gudiyatham,Onion,Local,FAQ,2020,2531,2257,80.57,09 Oct 2025
715,Vellore,vellore_market,Onion,Local,FAQ,1468,1937,1687,177.91,09 Oct 2025
716,Vellore,vellore_vaniyambadi,Onion,Local,FAQ,1798,2166,1955,94.93,09 Oct 2025
717,Vellore,vellore_arakkonam,Onion,Local,FAQ,1600,1908,1732,126.12,09 Sep 2025
718,Vellore,vellore_gudiyatham,Onion,Local,FAQ,1525,1890,1737,111.41,09 Sep 2025
719,Vellore,vellore_market,Onion,Local,FAQ,1241,1548,1430,201.7,09 Sep 2025
720,Vellore,vellore_vaniyambadi,Onion,Local,FAQ,1574,1983,1797,99.29,09 Sep 2025
721,Vellore,vellore_arakkonam,Onion,Local,FAQ,2643,3139,2903,171.16,10 Apr 2025
722,Vellore,vellore_gudiyatham,Onion,Local,FAQ,2278,2855,2590,164.98,10 Apr 2025
723,Vellore,vellore_market,Onion,Local,FAQ,2387,3039,2669,146.32,10 Apr 2025
724,Vellore,vellore_vaniyambadi,Onion,Local,FAQ,2030,2399,2185,149.43,10 Apr 2025
725,Vellore,vellore_arakkonam,Onion,Local,FAQ,2109,2645,2437,189.43,10 Apr 2026
726,Vellore,vellore_gudiyatham,Onion,Local,FAQ,3171,3829,3428,79.13,10 Apr 2026
727,Vellore,vellore_market,Onion,Local,FAQ,2718,3192,2963,113.67,10 Apr 2026
728,Vellore,vellore_vaniyambadi,Onion,Local,FAQ,2354,2868,2611,124.88,10 Apr 2026
729,Vellore,vellore_arakkonam,Onion,Local,FAQ,1677,2124,1892,119.31,10 Aug 2025
730,Vellore,vellore_gudiyatham,Onion,Local,FAQ,1342,1678,1481,131.19,10 Aug 2025
731,Vellore,vellore_market,Onion,Local,FAQ,1525,1915,1682,122.02,10 Aug 2025
732,Vellore,vellore_vaniyambadi,Onion,Local,FAQ,1806,2257,2080,70.09,10 Aug 2025
733,Vellore,vellore_arakkonam,Onion,Local,FAQ,1539,1906,1770,145.53,10 Aug 2026
734,Vellore,vellore_gudiyatham,Onion,Local,FAQ,1610,1977,1762,85.02,10 Aug 2026
735,Vellore,vellore_market,Onion,Local,FAQ,2035,2402,2244,74.72,10 Aug 2026
736,Vellore,vellore_vaniyambadi,Onion,Local,FAQ,1445,1806,1645,95.94,10 Aug 2026
737,Vellore,vellore_arakkonam,Onion,Local,FAQ,2041,2641,2297,237.44,10 Dec 2025
738,Vellore,vellore_gudiyatham,Onion,Local,FAQ,2086,2536,2340,161.76,10 Dec 2025
739,Vellore,vellore_market,Onion,Local,FAQ,2161,2696,2352,192.63,10 Dec 2025
740,Vellore,vellore_vaniyambadi,Onion,Local,FAQ,1753,2224,2014,161.5,10 Dec 2025
741,Vellore,vellore_arakkonam,Onion,Local,FAQ,2217,2939,2562,218.93,10 Feb 2025
742,Vellore,vellore_gudiyatham,Onion,Local,FAQ,2459,3237,2823,143.18,10 Feb 2025
743,Vellore,vellore_market,Onion,Local,FAQ,3056,3654,3413,135.24,10 Feb 2025
744,Vellore,vellore_vaniyambadi,Onion,Local,FAQ,1967,2449,2211,212.9,10 Feb 2025
745,Vellore,vellore_arakkonam,Onion,Local,FAQ,2102,2687,2392,327.15,10 Feb 2026
746,Vellore,vellore_gudiyatham,Onion,Local,FAQ,2151,2674,2388,223.12,10 Feb 2026
747,Vellore,vellore_market,Onion,Local,FAQ,2392,2952,2610,184.2,10 Feb 2026
748,Vellore,vellore_vaniyambadi,Onion,Local,FAQ,2138,2662,2372,192.36,10 Feb 2026
749,Vellore,vellore_arakkonam,Onion,Local,FAQ,2340,2813,2537,217.67,10 Jan 2025
750,Vellore,vellore_gudiyatham,Onion,Local,FAQ,2411,2944,2676,148.79,10 Jan 2025
751,Vellore,vellore_market,Onion,Local,FAQ,2396,2915,2650,170.53,10 Jan 2025
752,Vellore,vellore_vaniyambadi,Onion,Local,FAQ,2057,2413,2236,192.35,10 Jan 2025
753,Vellore,vellore_arakkonam,Onion,Local,FAQ,2186,2719,2466,280.96,10 Jan 2026
754,Vellore,vellore_gudiyatham,Onion,Local,FAQ,2122,2512,2323,205.98,10 Jan 2026
755,Vellore,vellore_market,Onion,Local,FAQ,2355,3031,2730,134.11,10 Jan 2026
756,Vellore,vellore_vaniyambadi,Onion,Local,FAQ,2738,3350,3099,93.03,10 Jan 2026
757,Vellore,vellore_arakkonam,Onion,Local,FAQ,1962,2394,2166,94.86,10 Jul 2025
758,Vellore,vellore_gudiyatham,Onion,Local,FAQ,1920,2376,2138,103.64,10 Jul 2025
759,Vellore,vellore_market,Onion,Local,FAQ,1729,2063,1910,139.65,10 Jul 2025
760,Vellore,vellore_vaniyambadi,Onion,Local,FAQ,1592,1961,1712,106.27,10 Jul 2025
761,Vellore,vellore_arakkonam,Onion,Local,FAQ,1793,2295,2013,125.24,10 Jul 2026
762,Vellore,vellore_gudiyatham,Onion,Local,FAQ,2261,2800,2540,49.68,10 Jul 2026
763,Vellore,vellore_market,Onion,Local,FAQ,1775,2213,1966,105.94,10 Jul 2026
764,Vellore,vellore_vaniyambadi,Onion,Local,FAQ,1687,2112,1855,97.1,10 Jul 2026
765,Vellore,vellore_arakkonam,Onion,Local,FAQ,2229,2824,2465,125.77,10 Jun 2025
766,Vellore,vellore_gudiyatham,Onion,Local,FAQ,1901,2387,2108,128.36,10 Jun 2025
767,Vellore,vellore_market,Onion,Local,FAQ,1626,1994,1827,165.77,10 Jun 2025
768,Vellore,vellore_vaniyambadi,Onion,Local,FAQ,1964,2384,2166,114.1,10 Jun 2025
769,Vellore,vellore_arakkonam,Onion,Local,FAQ,2038,2496,2237,178.35,10 Jun 2026
770,Vellore,vellore_gudiyatham,Onion,Local,FAQ,2218,2888,2545,95.51,10 Jun 2026
771,Vellore,vellore_market,Onion,Local,FAQ,2110,2675,2374,109.26,10 Jun 2026
772,Vellore,vellore_vaniyambadi,Onion,Local,FAQ,2011,2356,2199,81.31,10 Jun 2026
773,Vellore,vellore_arakkonam,Onion,Local,FAQ,2013,2619,2321,256.28,10 Mar 2025
774,Vellore,vellore_gudiyatham,Onion,Local,FAQ,2400,2884,2680,166.81,10 Mar 2025
775,Vellore,vellore_market,Onion,Local,FAQ,2220,2615,2405,230.16,10 Mar 2025
776,Vellore,vellore_vaniyambadi,Onion,Local,FAQ,3205,3960,3606,79.56,10 Mar 2025
777,Vellore,vellore_arakkonam,Onion,Local,FAQ,2829,3289,3044,162.46,10 Mar 2026
778,Vellore,vellore_gudiyatham,Onion,Local,FAQ,2822,3487,3089,125.55,10 Mar 2026
779,Vellore,vellore_market,Onion,Local,FAQ,2167,2778,2490,257.23,10 Mar 2026
780,Vellore,vellore_vaniyambadi,Onion,Local,FAQ,2502,3136,2893,136.21,10 Mar 2026
781,Vellore,vellore_arakkonam,Onion,Local,FAQ,1841,2343,2089,180.78,10 May 2025
782,Vellore,vellore_gudiyatham,Onion,Local,FAQ,2235,2781,2503,115.52,10 May 2025
783,Vellore,vellore_market,Onion,Local,FAQ,2591,3091,2866,103.73,10 May 2025
784,Vellore,vellore_vaniyambadi,Onion,Local,FAQ,2724,3470,3079,67.39,10 May 2025
785,Vellore,vellore_arakkonam,Onion,Local,FAQ,2324,2927,2571,160.9,10 May 2026
786,Vellore,vellore_gudiyatham,Onion,Local,FAQ,1980,2411,2207,139.91,10 May 2026
787,Vellore,vellore_market,Onion,Local,FAQ,2487,3075,2684,116.31,10 May 2026
788,Vellore,vellore_vaniyambadi,Onion,Local,FAQ,2401,2900,2677,98.3,10 May 2026
789,Vellore,vellore_arakkonam,Onion,Local,FAQ,1926,2327,2101,166.14,10 Nov 2025
790,Vellore,vellore_gudiyatham,Onion,Local,FAQ,1942,2547,2253,126.58,10 Nov 2025
791,Vellore,vellore_market,Onion,Local,FAQ,1645,2054,1869,148.64,10 Nov 2025
792,Vellore,vellore_vaniyambadi,Onion,Local,FAQ,1692,2126,1926,137.11,10 Nov 2025
793,Vellore,vellore_arakkonam,Onion,Local,FAQ,1719,2034,1880,190.66,10 Oct 2025
794,Vellore,vellore_gudiyatham,Onion,Local,FAQ,1725,2110,1943,109.82,10 Oct 2025
795,Vellore,vellore_market,Onion,Local,FAQ,1740,2098,1917,140.27,10 Oct 2025
796,Vellore,vellore_vaniyambadi,Onion,Local,FAQ,1539,1817,1663,142.15,10 Oct 2025
797,Vellore,vellore_arakkonam,Onion,Local,FAQ,1376,1781,1567,189.99,10 Sep 2025
798,Vellore,vellore_gudiyatham,Onion,Local,FAQ,1944,2435,2150,71.66,10 Sep 2025
799,Vellore,vellore_market,Onion,Local,FAQ,1761,2291,2018,88.0,10 Sep 2025
800,Vellore,vellore_vaniyambadi,Onion,Local,FAQ,1610,2057,1862,86.42,10 Sep 2025
801,Vellore,vellore_arakkonam,Onion,Local,FAQ,2603,3095,2849,189.66,11 Apr 2025
802,Vellore,vellore_gudiyatham,Onion,Local,FAQ,2710,3451,3019,117.46,11 Apr 2025
803,Vellore,vellore_market,Onion,Local,FAQ,2075,2648,2354,182.4,11 Apr 2025
804,Vellore,vellore_vaniyambadi,Onion,Local,FAQ,1893,2353,2186,159.92,11 Apr 2025
805,Vellore,vellore_arakkonam,Onion,Local,FAQ,2094,2753,2430,192.89,11 Apr 2026
806,Vellore,vellore_gudiyatham,Onion,Local,FAQ,2007,2412,2251,223.35,11 Apr 2026
807,Vellore,vellore_market,Onion,Local,FAQ,2130,2720,2455,197.58,11 Apr 2026
808,Vellore,vellore_vaniyambadi,Onion,Local,FAQ,2597,3167,2857,117.15,11 Apr 2026
809,Vellore,vellore_arakkonam,Onion,Local,FAQ,2007,2530,2248,83.71,11 Aug 2025
810,Vellore,vellore_gudiyatham,Onion,Local,FAQ,1501,1739,1620,114.36,11 Aug 2025
811,Vellore,vellore_market,Onion,Local,FAQ,1651,2030,1893,102.17,11 Aug 2025
812,Vellore,vellore_vaniyambadi,Onion,Local,FAQ,1858,2381,2121,58.26,11 Aug 2025
813,Vellore,vellore_arakkonam,Onion,Local,FAQ,1960,2395,2178,271.74,11 Dec 2025
814,Vellore,vellore_gudiyatham,Onion,Local,FAQ,2540,3054,2780,106.16,11 Dec 2025
815,Vellore,vellore_market,Onion,Local,FAQ,2064,2413,2249,214.89,11 Dec 2025
816,Vellore,vellore_vaniyambadi,Onion,Local,FAQ,2198,2734,2495,99.85,11 Dec 2025
817,Vellore,vellore_arakkonam,Onion,Local,FAQ,2109,2558,2359,266.91,11 Feb 2025
818,Vellore,vellore_gudiyatham,Onion,Local,FAQ,2178,2821,2476,202.22,11 Feb 2025
819,Vellore,vellore_market,Onion,Local,FAQ,2573,3013,2769,223.22,11 Feb 2025
820,Vellore,vellore_vaniyambadi,Onion,Local,FAQ,2215,2712,2526,164.51,11 Feb 2025
821,Vellore,vellore_arakkonam,Onion,Local,FAQ,2521,3290,2881,205.03,11 Feb 2026
822,Vellore,vellore_gudiyatham,Onion,Local,FAQ,2158,2613,2355,242.94,11 Feb 2026
823,Vellore,vellore_market,Onion,Local,FAQ,2321,3073,2690,182.83,11 Feb 2026
824,Vellore,vellore_vaniyambadi,Onion,Local,FAQ,2569,3325,2933,129.96,11 Feb 2026
825,Vellore,vellore_arakkonam,Onion,Local,FAQ,2368,2953,2690,170.01,11 Jan 2025
826,Vellore,vellore_gudiyatham,Onion,Local,FAQ,2264,2769,2528,181.53,11 Jan 2025
827,Vellore,vellore_market,Onion,Local,FAQ,2153,2585,2351,219.17,11 Jan 2025
828,Vellore,vellore_vaniyambadi,Onion,Local,FAQ,2598,3064,2803,113.05,11 Jan 2025
829,Vellore,vellore_arakkonam,Onion,Local,FAQ,2567,3109,2801,209.7,11 Jan 2026
830,Vellore,vellore_gudiyatham,Onion,Local,FAQ,2122,2668,2400,195.92,11 Jan 2026
831,Vellore,vellore_market,Onion,Local,FAQ,2045,2526,2331,217.76,11 Jan 2026
832,Vellore,vellore_vaniyambadi,Onion,Local,FAQ,2043,2694,2365,176.51,11 Jan 2026
833,Vellore,vellore_arakkonam,Onion,Local,FAQ,1628,2109,1885,137.37,11 Jul 2025
834,Vellore,vellore_gudiyatham,Onion,Local,FAQ,1891,2302,2040,120.43,11 Jul 2025
835,Vellore,vellore_market,Onion,Local,FAQ,1571,1912,1762,164.5,11 Jul 2025
836,Vellore,vellore_vaniyambadi,Onion,Local,FAQ,1689,2071,1846,86.66,11 Jul 2025
837,Vellore,vellore_arakkonam,Onion,Local,FAQ,1779,2235,2007,118.31,11 Jul 2026
838,Vellore,vellore_gudiyatham,Onion,Local,FAQ,1462,1932,1683,128.7,11 Jul 2026
839,Vellore,vellore_market,Onion,Local,FAQ,1543,1804,1674,172.39,11 Jul 2026
840,Vellore,vellore_vaniyambadi,Onion,Local,FAQ,1947,2598,2260,67.92,11 Jul 2026
841,Vellore,vellore_arakkonam,Onion,Local,FAQ,2154,2721,2491,122.21,11 Jun 2025
842,Vellore,vellore_gudiyatham,Onion,Local,FAQ,2015,2393,2183,114.08,11 Jun 2025
843,Vellore,vellore_market,Onion,Local,FAQ,1860,2265,2046,125.03,11 Jun 2025
844,Vellore,vellore_vaniyambadi,Onion,Local,FAQ,2062,2699,2383,98.96,11 Jun 2025
845,Vellore,vellore_arakkonam,Onion,Local,FAQ,1973,2410,2251,171.74,11 Jun 2026
846,Vellore,vellore_gudiyatham,Onion,Local,FAQ,2234,2788,2474,89.67,11 Jun 2026
847,Vellore,vellore_market,Onion,Local,FAQ,2286,2701,2504,97.77,11 Jun 2026
848,Vellore,vellore_vaniyambadi,Onion,Local,FAQ,2113,2555,2323,72.58,11 Jun 2026
849,Vellore,vellore_arakkonam,Onion,Local,FAQ,2163,2665,2393,255.24,11 Mar 2025
850,Vellore,vellore_gudiyatham,Onion,Local,FAQ,2408,2985,2672,171.88,11 Mar 2025
851,Vellore,vellore_market,Onion,Local,FAQ,2275,2756,2516,205.65,11 Mar 2025
852,Vellore,vellore_vaniyambadi,Onion,Local,FAQ,2267,2890,2545,182.48,11 Mar 2025
853,Vellore,vellore_arakkonam,Onion,Local,FAQ,2190,2712,2527,256.64,11 Mar 2026
854,Vellore,vellore_gudiyatham,Onion,Local,FAQ,2783,3476,3033,141.77,11 Mar 2026
855,Vellore,vellore_market,Onion,Local,FAQ,2312,2883,2528,230.77,11 Mar 2026
856,Vellore,vellore_vaniyambadi,Onion,Local,FAQ,2678,3342,3075,125.72,11 Mar 2026
857,Vellore,vellore_arakkonam,Onion,Local,FAQ,1997,2486,2182,180.05,11 May 2025
858,Vellore,vellore_gudiyatham,Onion,Local,FAQ,2022,2599,2327,120.45,11 May 2025
859,Vellore,vellore_market,Onion,Local,FAQ,2026,2628,2350,165.71,11 May 2025
860,Vellore,vellore_vaniyambadi,Onion,Local,FAQ,2197,2777,2484,109.39,11 May 2025
861,Vellore,vellore_arakkonam,Onion,Local,FAQ,2584,3140,2804,130.12,11 May 2026
862,Vellore,vellore_gudiyatham,Onion,Local,FAQ,2216,2789,2469,100.06,11 May 2026
863,Vellore,vellore_market,Onion,Local,FAQ,2211,2702,2423,147.17,11 May 2026
864,Vellore,vellore_vaniyambadi,Onion,Local,FAQ,2036,2543,2259,135.48,11 May 2026
865,Vellore,vellore_arakkonam,Onion,Local,FAQ,1882,2366,2153,157.94,11 Nov 2025
866,Vellore,vellore_gudiyatham,Onion,Local,FAQ,1964,2421,2176,128.33,11 Nov 2025
867,Vellore,vellore_market,Onion,Local,FAQ,1700,2064,1835,169.59,11 Nov 2025
868,Vellore,vellore_vaniyambadi,Onion,Local,FAQ,1737,2137,1905,139.09,11 Nov 2025
869,Vellore,vellore_arakkonam,Onion,Local,FAQ,2296,2652,2474,103.13,11 Oct 2025
870,Vellore,vellore_gudiyatham,Onion,Local,FAQ,1650,2171,1917,127.94,11 Oct 2025
871,Vellore,vellore_market,Onion,Local,FAQ,1634,2011,1815,169.71,11 Oct 2025
872,Vellore,vellore_vaniyambadi,Onion,Local,FAQ,1403,1823,1613,135.3,11 Oct 2025
873,Vellore,vellore_arakkonam,Onion,Local,FAQ,1376,1753,1552,199.92,11 Sep 2025
874,Vellore,vellore_gudiyatham,Onion,Local,FAQ,1560,1935,1750,112.3,11 Sep 2025
875,Vellore,vellore_market,Onion,Local,FAQ,1533,1900,1758,120.95,11 Sep 2025
876,Vellore,vellore_vaniyambadi,Onion,Local,FAQ,1640,1938,1782,97.24,11 Sep 2025
877,Vellore,vellore_arakkonam,Onion,Local,FAQ,2817,3597,3148,157.0,12 Apr 2025
878,Vellore,vellore_gudiyatham,Onion,Local,FAQ,2749,3345,3125,108.86,12 Apr 2025
879,Vellore,vellore_market,Onion,Local,FAQ,2405,2956,2609,144.13,12 Apr 2025
880,Vellore,vellore_vaniyambadi,Onion,Local,FAQ,2387,2989,2707,96.53,12 Apr 2025
881,Vellore,vellore_arakkonam,Onion,Local,FAQ,2648,3314,2926,130.36,12 Apr 2026
882,Vellore,vellore_gudiyatham,Onion,Local,FAQ,2628,3281,2886,121.39,12 Apr 2026
883,Vellore,vellore_market,Onion,Local,FAQ,2087,2429,2253,231.06,12 Apr 2026
884,Vellore,vellore_vaniyambadi,Onion,Local,FAQ,2776,3464,3035,99.29,12 Apr 2026
885,Vellore,vellore_arakkonam,Onion,Local,FAQ,1679,2165,1892,119.71,12 Aug 2025
886,Vellore,vellore_gudiyatham,Onion,Local,FAQ,1663,1965,1795,92.24,12 Aug 2025
887,Vellore,vellore_market,Onion,Local,FAQ,1853,2218,2050,88.85,12 Aug 2025
888,Vellore,vellore_vaniyambadi,Onion,Local,FAQ,1783,2266,1981,69.68,12 Aug 2025
889,Vellore,vellore_arakkonam,Onion,Local,FAQ,2179,2815,2475,180.27,12 Dec 2025
890,Vellore,vellore_gudiyatham,Onion,Local,FAQ,1853,2272,2013,214.01,12 Dec 2025
891,Vellore,vellore_market,Onion,Local,FAQ,2094,2641,2407,162.15,12 Dec 2025
892,Vellore,vellore_vaniyambadi,Onion,Local,FAQ,1896,2368,2104,156.7,12 Dec 2025
893,Vellore,vellore_arakkonam,Onion,Local,FAQ,2381,3075,2732,202.0,12 Feb 2025
894,Vellore,vellore_gudiyatham,Onion,Local,FAQ,2992,3814,3317,105.63,12 Feb 2025
895,Vellore,vellore_market,Onion,Local,FAQ,2545,3306,2885,213.81,12 Feb 2025
896,Vellore,vellore_vaniyambadi,Onion,Local,FAQ,2709,3215,2940,120.89,12 Feb 2025
897,Vellore,vellore_arakkonam,Onion,Local,FAQ,2727,3352,3074,152.1,12 Feb 2026
898,Vellore,vellore_gudiyatham,Onion,Local,FAQ,2427,2901,2702,180.72,12 Feb 2026
899,Vellore,vellore_market,Onion,Local,FAQ,2665,3102,2891,165.61,12 Feb 2026
900,Vellore,vellore_vaniyambadi,Onion,Local,FAQ,2104,2708,2402,178.3,12 Feb 2026
901,Vellore,vellore_arakkonam,Onion,Local,FAQ,2172,2769,2426,242.32,12 Jan 2025
902,Vellore,vellore_gudiyatham,Onion,Local,FAQ,2238,2885,2516,172.65,12 Jan 2025
903,Vellore,vellore_market,Onion,Local,FAQ,1848,2371,2108,264.52,12 Jan 2025
904,Vellore,vellore_vaniyambadi,Onion,Local,FAQ,2413,2934,2735,117.17,12 Jan 2025
905,Vellore,vellore_arakkonam,Onion,Local,FAQ,2350,2844,2528,272.88,12 Jan 2026
906,Vellore,vellore_gudiyatham,Onion,Local,FAQ,2146,2822,2474,186.53,12 Jan 2026
907,Vellore,vellore_market,Onion,Local,FAQ,2100,2606,2349,206.97,12 Jan 2026
908,Vellore,vellore_vaniyambadi,Onion,Local,FAQ,2159,2593,2397,171.54,12 Jan 2026
909,Vellore,vellore_arakkonam,Onion,Local,FAQ,1961,2475,2269,99.56,12 Jul 2025
910,Vellore,vellore_gudiyatham,Onion,Local,FAQ,1990,2416,2208,93.12,12 Jul 2025
911,Vellore,vellore_market,Onion,Local,FAQ,1904,2266,2050,114.56,12 Jul 2025
912,Vellore,vellore_vaniyambadi,Onion,Local,FAQ,1801,2168,1988,86.07,12 Jul 2025
913,Vellore,vellore_arakkonam,Onion,Local,FAQ,1727,2165,1989,113.89,12 Jul 2026
914,Vellore,vellore_gudiyatham,Onion,Local,FAQ,1967,2421,2139,70.27,12 Jul 2026
915,Vellore,vellore_market,Onion,Local,FAQ,1524,1880,1644,196.86,12 Jul 2026
916,Vellore,vellore_vaniyambadi,Onion,Local,FAQ,1858,2186,2013,98.97,12 Jul 2026
917,Vellore,vellore_arakkonam,Onion,Local,FAQ,2061,2540,2336,138.3,12 Jun 2025
918,Vellore,vellore_gudiyatham,Onion,Local,FAQ,1919,2434,2150,126.39,12 Jun 2025
919,Vellore,vellore_market,Onion,Local,FAQ,2000,2610,2320,97.66,12 Jun 2025
920,Vellore,vellore_vaniyambadi,Onion,Local,FAQ,2331,2920,2660,74.68,12 Jun 2025
921,Vellore,vellore_arakkonam,Onion,Local,FAQ,2238,2739,2549,118.4,12 Jun 2026
922,Vellore,vellore_gudiyatham,Onion,Local,FAQ,1931,2391,2097,126.69,12 Jun 2026
923,Vellore,vellore_market,Onion,Local,FAQ,2208,2688,2397,102.78,12 Jun 2026
924,Vellore,vellore_vaniyambadi,Onion,Local,FAQ,1602,1903,1777,134.25,12 Jun 2026
925,Vellore,vellore_arakkonam,Onion,Local,FAQ,2354,3072,2690,190.09,12 Mar 2025
926,Vellore,vellore_gudiyatham,Onion,Local,FAQ,2380,2983,2735,174.15,12 Mar 2025
927,Vellore,vellore_market,Onion,Local,FAQ,2252,2792,2491,215.18,12 Mar 2025
928,Vellore,vellore_vaniyambadi,Onion,Local,FAQ,2454,3166,2837,134.58,12 Mar 2025
929,Vellore,vellore_arakkonam,Onion,Local,FAQ,2890,3428,3117,159.94,12 Mar 2026
930,Vellore,vellore_gudiyatham,Onion,Local,FAQ,2357,2894,2688,197.74,12 Mar 2026
931,Vellore,vellore_market,Onion,Local,FAQ,2253,2761,2548,212.3,12 Mar 2026
932,Vellore,vellore_vaniyambadi,Onion,Local,FAQ,2364,2969,2699,159.74,12 Mar 2026
933,Vellore,vellore_arakkonam,Onion,Local,FAQ,1803,2336,2056,195.2,12 May 2025
934,Vellore,vellore_gudiyatham,Onion,Local,FAQ,2512,3261,2845,73.3,12 May 2025
935,Vellore,vellore_market,Onion,Local,FAQ,1971,2442,2225,159.79,12 May 2025
936,Vellore,vellore_vaniyambadi,Onion,Local,FAQ,2705,3292,3018,72.46,12 May 2025
937,Vellore,vellore_arakkonam,Onion,Local,FAQ,2849,3522,3231,107.46,12 May 2026
938,Vellore,vellore_gudiyatham,Onion,Local,FAQ,2113,2591,2366,98.51,12 May 2026
939,Vellore,vellore_market,Onion,Local,FAQ,2271,2897,2569,137.46,12 May 2026
940,Vellore,vellore_vaniyambadi,Onion,Local,FAQ,2273,2732,2538,97.09,12 May 2026
941,Vellore,vellore_arakkonam,Onion,Local,FAQ,1746,2206,2015,206.92,12 Nov 2025
942,Vellore,vellore_gudiyatham,Onion,Local,FAQ,1894,2438,2194,141.44,12 Nov 2025
943,Vellore,vellore_market,Onion,Local,FAQ,1619,2014,1800,191.42,12 Nov 2025
944,Vellore,vellore_vaniyambadi,Onion,Local,FAQ,2003,2622,2300,97.12,12 Nov 2025
945,Vellore,vellore_arakkonam,Onion,Local,FAQ,1789,2211,2016,159.11,12 Oct 2025
946,Vellore,vellore_gudiyatham,Onion,Local,FAQ,1399,1756,1606,187.8,12 Oct 2025
947,Vellore,vellore_market,Onion,Local,FAQ,1768,2109,1912,150.28,12 Oct 2025
948,Vellore,vellore_vaniyambadi,Onion,Local,FAQ,1785,2149,1960,92.55,12 Oct 2025
949,Vellore,vellore_arakkonam,Onion,Local,FAQ,1488,1923,1714,153.51,12 Sep 2025
950,Vellore,vellore_gudiyatham,Onion,Local,FAQ,1589,1880,1754,113.64,12 Sep 2025
951,Vellore,vellore_market,Onion,Local,FAQ,1734,2163,1908,102.67,12 Sep 2025
952,Vellore,vellore_vaniyambadi,Onion,Local,FAQ,1623,1997,1798,92.27,12 Sep 2025
953,Vellore,vellore_arakkonam,Onion,Local,FAQ,2218,2728,2515,232.57,13 Apr 2025
954,Vellore,vellore_gudiyatham,Onion,Local,FAQ,2778,3425,3080,110.35,13 Apr 2025
955,Vellore,vellore_market,Onion,Local,FAQ,2170,2589,2361,193.75,13 Apr 2025
956,Vellore,vellore_vaniyambadi,Onion,Local,FAQ,2343,2891,2604,110.89,13 Apr 2025
957,Vellore,vellore_arakkonam,Onion,Local,FAQ,2068,2586,2280,226.94,13 Apr 2026
958,Vellore,vellore_gudiyatham,Onion,Local,FAQ,2242,2621,2424,168.36,13 Apr 2026
959,Vellore,vellore_market,Onion,Local,FAQ,2300,2732,2488,186.93,13 Apr 2026
960,Vellore,vellore_vaniyambadi,Onion,Local,FAQ,2272,2755,2444,157.75,13 Apr 2026
961,Vellore,vellore_arakkonam,Onion,Local,FAQ,1607,1971,1741,155.77,13 Aug 2025
962,Vellore,vellore_gudiyatham,Onion,Local,FAQ,1787,2165,1932,76.78,13 Aug 2025
963,Vellore,vellore_market,Onion,Local,FAQ,1445,1819,1649,136.7,13 Aug 2025
964,Vellore,vellore_vaniyambadi,Onion,Local,FAQ,1751,2047,1910,70.22,13 Aug 2025
965,Vellore,vellore_arakkonam,Onion,Local,FAQ,1934,2332,2150,257.05,13 Dec 2025
966,Vellore,vellore_gudiyatham,Onion,Local,FAQ,1883,2292,2092,179.53,13 Dec 2025
967,Vellore,vellore_market,Onion,Local,FAQ,1712,2120,1919,292.09,13 Dec 2025
968,Vellore,vellore_vaniyambadi,Onion,Local,FAQ,2409,3056,2720,93.9,13 Dec 2025
969,Vellore,vellore_arakkonam,Onion,Local,FAQ,2715,3264,2978,173.35,13 Feb 2025
970,Vellore,vellore_gudiyatham,Onion,Local,FAQ,2271,2807,2488,191.86,13 Feb 2025
971,Vellore,vellore_market,Onion,Local,FAQ,3063,3732,3351,164.06,13 Feb 2025
972,Vellore,vellore_vaniyambadi,Onion,Local,FAQ,2601,3131,2920,119.61,13 Feb 2025
973,Vellore,vellore_arakkonam,Onion,Local,FAQ,2618,3228,2859,199.36,13 Feb 2026
974,Vellore,vellore_gudiyatham,Onion,Local,FAQ,2511,2925,2716,173.62,13 Feb 2026
975,Vellore,vellore_market,Onion,Local,FAQ,2723,3595,3150,130.36,13 Feb 2026
976,Vellore,vellore_vaniyambadi,Onion,Local,FAQ,2138,2824,2473,162.81,13 Feb 2026
977,Vellore,vellore_arakkonam,Onion,Local,FAQ,2548,2950,2748,167.47,13 Jan 2025
978,Vellore,vellore_gudiyatham,Onion,Local,FAQ,1906,2213,2049,275.92,13 Jan 2025
979,Vellore,vellore_market,Onion,Local,FAQ,2387,2940,2621,180.94,13 Jan 2025
980,Vellore,vellore_vaniyambadi,Onion,Local,FAQ,2263,2970,2617,130.56,13 Jan 2025
981,Vellore,vellore_arakkonam,Onion,Local,FAQ,2731,3188,2940,187.14,13 Jan 2026
982,Vellore,vellore_gudiyatham,Onion,Local,FAQ,2308,2986,2679,141.58,13 Jan 2026
983,Vellore,vellore_market,Onion,Local,FAQ,2199,2690,2369,209.76,13 Jan 2026
984,Vellore,vellore_vaniyambadi,Onion,Local,FAQ,2187,2881,2520,156.79,13 Jan 2026
985,Vellore,vellore_arakkonam,Onion,Local,FAQ,1621,2106,1839,164.51,13 Jul 2025
986,Vellore,vellore_gudiyatham,Onion,Local,FAQ,1885,2302,2071,98.23,13 Jul 2025
987,Vellore,vellore_market,Onion,Local,FAQ,1847,2357,2061,107.99,13 Jul 2025
988,Vellore,vellore_vaniyambadi,Onion,Local,FAQ,1998,2498,2313,51.74,13 Jul 2025
989,Vellore,vellore_arakkonam,Onion,Local,FAQ,1713,2052,1869,136.74,13 Jul 2026
990,Vellore,vellore_gudiyatham,Onion,Local,FAQ,1688,2088,1861,106.72,13 Jul 2026
991,Vellore,vellore_market,Onion,Local,FAQ,1903,2291,2109,92.99,13 Jul 2026
992,Vellore,vellore_vaniyambadi,Onion,Local,FAQ,2013,2594,2293,74.41,13 Jul 2026
993,Vellore,vellore_arakkonam,Onion,Local,FAQ,1899,2410,2141,172.74,13 Jun 2025
994,Vellore,vellore_gudiyatham,Onion,Local,FAQ,1675,2197,1915,145.89,13 Jun 2025
995,Vellore,vellore_market,Onion,Local,FAQ,1906,2327,2170,113.02,13 Jun 2025
996,Vellore,vellore_vaniyambadi,Onion,Local,FAQ,2342,2803,2562,81.04,13 Jun 2025
997,Vellore,vellore_arakkonam,Onion,Local,FAQ,2064,2608,2321,143.3,13 Jun 2026
998,Vellore,vellore_gudiyatham,Onion,Local,FAQ,2196,2748,2411,84.78,13 Jun 2026
999,Vellore,vellore_market,Onion,Local,FAQ,1976,2435,2150,123.26,13 Jun 2026
1000,Vellore,vellore_vaniyambadi,Onion,Local,FAQ,2210,2757,2412,65.82,13 Jun 2026
1001,Vellore,vellore_arakkonam,Onion,Local,FAQ,2612,3259,2970,176.96,13 Mar 2025
1002,Vellore,vellore_gudiyatham,Onion,Local,FAQ,2085,2677,2382,233.9,13 Mar 2025
1003,Vellore,vellore_market,Onion,Local,FAQ,2371,2829,2629,209.14,13 Mar 2025
1004,Vellore,vellore_vaniyambadi,Onion,Local,FAQ,3066,3835,3357,94.58,13 Mar 2025
1005,Vellore,vellore_arakkonam,Onion,Local,FAQ,2510,3196,2871,198.64,13 Mar 2026
1006,Vellore,vellore_gudiyatham,Onion,Local,FAQ,3048,3757,3299,111.98,13 Mar 2026
1007,Vellore,vellore_market,Onion,Local,FAQ,2322,2771,2565,228.51,13 Mar 2026
1008,Vellore,vellore_vaniyambadi,Onion,Local,FAQ,1934,2514,2215,241.09,13 Mar 2026
1009,Vellore,vellore_arakkonam,Onion,Local,FAQ,1920,2357,2198,164.2,13 May 2025
1010,Vellore,vellore_gudiyatham,Onion,Local,FAQ,2119,2476,2299,143.96,13 May 2025
1011,Vellore,vellore_market,Onion,Local,FAQ,2189,2807,2484,123.21,13 May 2025
1012,Vellore,vellore_vaniyambadi,Onion,Local,FAQ,2451,2994,2757,93.63,13 May 2025
1013,Vellore,vellore_arakkonam,Onion,Local,FAQ,2635,3118,2868,133.04,13 May 2026
1014,Vellore,vellore_gudiyatham,Onion,Local,FAQ,1810,2348,2099,133.95,13 May 2026
1015,Vellore,vellore_market,Onion,Local,FAQ,1975,2360,2175,176.81,13 May 2026
1016,Vellore,vellore_vaniyambadi,Onion,Local,FAQ,1923,2406,2103,153.19,13 May 2026
1017,Vellore,vellore_arakkonam,Onion,Local,FAQ,1792,2315,2023,213.29,13 Nov 2025
1018,Vellore,vellore_gudiyatham,Onion,Local,FAQ,1826,2273,1983,180.81,13 Nov 2025
1019,Vellore,vellore_market,Onion,Local,FAQ,1597,2010,1773,214.62,13 Nov 2025
1020,Vellore,vellore_vaniyambadi,Onion,Local,FAQ,1903,2337,2158,111.69,13 Nov 2025
1021,Vellore,vellore_arakkonam,Onion,Local,FAQ,1524,1933,1741,220.87,13 Oct 2025
1022,Vellore,vellore_gudiyatham,Onion,Local,FAQ,1917,2411,2226,97.31,13 Oct 2025
1023,Vellore,vellore_market,Onion,Local,FAQ,1521,1897,1719,195.72,13 Oct 2025
1024,Vellore,vellore_vaniyambadi,Onion,Local,FAQ,1793,2150,1971,95.95,13 Oct 2025
1025,Vellore,vellore_arakkonam,Onion,Local,FAQ,1791,2088,1949,107.89,13 Sep 2025
1026,Vellore,vellore_gudiyatham,Onion,Local,FAQ,1760,2329,2026,82.97,13 Sep 2025
1027,Vellore,vellore_market,Onion,Local,FAQ,1357,1701,1510,194.93,13 Sep 2025
1028,Vellore,vellore_vaniyambadi,Onion,Local,FAQ,1732,2158,1957,86.76,13 Sep 2025
1029,Vellore,vellore_arakkonam,Onion,Local,FAQ,2307,3001,2614,198.65,14 Apr 2025
1030,Vellore,vellore_gudiyatham,Onion,Local,FAQ,2139,2783,2480,168.7,14 Apr 2025
1031,Vellore,vellore_market,Onion,Local,FAQ,2503,3019,2699,149.12,14 Apr 2025
1032,Vellore,vellore_vaniyambadi,Onion,Local,FAQ,2237,2689,2500,124.66,14 Apr 2025
1033,Vellore,vellore_arakkonam,Onion,Local,FAQ,2070,2628,2319,245.0,14 Apr 2026
1034,Vellore,vellore_gudiyatham,Onion,Local,FAQ,2301,2843,2508,159.35,14 Apr 2026
1035,Vellore,vellore_market,Onion,Local,FAQ,2361,3054,2684,155.73,14 Apr 2026
1036,Vellore,vellore_vaniyambadi,Onion,Local,FAQ,2358,2841,2558,138.27,14 Apr 2026
1037,Vellore,vellore_arakkonam,Onion,Local,FAQ,1524,1921,1752,142.28,14 Aug 2025
1038,Vellore,vellore_gudiyatham,Onion,Local,FAQ,1550,1893,1742,99.03,14 Aug 2025
1039,Vellore,vellore_market,Onion,Local,FAQ,1709,2077,1911,101.14,14 Aug 2025
1040,Vellore,vellore_vaniyambadi,Onion,Local,FAQ,1743,2124,1935,68.17,14 Aug 2025
1041,Vellore,vellore_arakkonam,Onion,Local,FAQ,2051,2524,2359,207.07,14 Dec 2025
1042,Vellore,vellore_gudiyatham,Onion,Local,FAQ,1678,2071,1808,253.14,14 Dec 2025
1043,Vellore,vellore_market,Onion,Local,FAQ,1788,2332,2033,250.79,14 Dec 2025
1044,Vellore,vellore_vaniyambadi,Onion,Local,FAQ,1751,2216,1983,198.71,14 Dec 2025
1045,Vellore,vellore_arakkonam,Onion,Local,FAQ,2257,2875,2595,209.32,14 Feb 2025
1046,Vellore,vellore_gudiyatham,Onion,Local,FAQ,2515,2931,2735,157.12,14 Feb 2025
1047,Vellore,vellore_market,Onion,Local,FAQ,2751,3260,3017,195.64,14 Feb 2025
1048,Vellore,vellore_vaniyambadi,Onion,Local,FAQ,2251,2677,2488,147.78,14 Feb 2025
1049,Vellore,vellore_arakkonam,Onion,Local,FAQ,2681,3419,3002,179.67,14 Feb 2026
1050,Vellore,vellore_gudiyatham,Onion,Local,FAQ,2140,2665,2403,229.21,14 Feb 2026
1051,Vellore,vellore_market,Onion,Local,FAQ,2309,2839,2533,216.55,14 Feb 2026
1052,Vellore,vellore_vaniyambadi,Onion,Local,FAQ,2217,2886,2542,150.04,14 Feb 2026
1053,Vellore,vellore_arakkonam,Onion,Local,FAQ,2100,2639,2388,241.22,14 Jan 2025
1054,Vellore,vellore_gudiyatham,Onion,Local,FAQ,2208,2720,2487,177.01,14 Jan 2025
1055,Vellore,vellore_market,Onion,Local,FAQ,2514,3067,2770,155.79,14 Jan 2025
1056,Vellore,vellore_vaniyambadi,Onion,Local,FAQ,2027,2509,2231,194.11,14 Jan 2025
1057,Vellore,vellore_arakkonam,Onion,Local,FAQ,2533,3238,2922,206.24,14 Jan 2026
1058,Vellore,vellore_gudiyatham,Onion,Local,FAQ,2195,2827,2483,169.07,14 Jan 2026
1059,Vellore,vellore_market,Onion,Local,FAQ,2228,2928,2572,192.6,14 Jan 2026
1060,Vellore,vellore_vaniyambadi,Onion,Local,FAQ,2488,3031,2821,120.33,14 Jan 2026
1061,Vellore,vellore_arakkonam,Onion,Local,FAQ,1722,2082,1910,158.98,14 Jul 2025
1062,Vellore,vellore_gudiyatham,Onion,Local,FAQ,1761,2276,1985,98.48,14 Jul 2025
1063,Vellore,vellore_market,Onion,Local,FAQ,2057,2512,2245,99.84,14 Jul 2025
1064,Vellore,vellore_vaniyambadi,Onion,Local,FAQ,1935,2376,2178,60.35,14 Jul 2025
1065,Vellore,vellore_arakkonam,Onion,Local,FAQ,1950,2463,2266,99.34,14 Jul 2026
1066,Vellore,vellore_gudiyatham,Onion,Local,FAQ,1566,1920,1690,117.39,14 Jul 2026
1067,Vellore,vellore_market,Onion,Local,FAQ,1968,2525,2212,75.85,14 Jul 2026
1068,Vellore,vellore_vaniyambadi,Onion,Local,FAQ,1913,2380,2108,89.32,14 Jul 2026
1069,Vellore,vellore_arakkonam,Onion,Local,FAQ,1848,2288,2023,199.71,14 Jun 2025
1070,Vellore,vellore_gudiyatham,Onion,Local,FAQ,2109,2621,2316,95.78,14 Jun 2025
1071,Vellore,vellore_market,Onion,Local,FAQ,1777,2181,1951,146.02,14 Jun 2025
1072,Vellore,vellore_vaniyambadi,Onion,Local,FAQ,2384,2882,2578,78.56,14 Jun 2025
1073,Vellore,vellore_arakkonam,Onion,Local,FAQ,1884,2407,2158,147.15,14 Jun 2026
1074,Vellore,vellore_gudiyatham,Onion,Local,FAQ,2241,2684,2440,74.11,14 Jun 2026
1075,Vellore,vellore_market,Onion,Local,FAQ,1759,2130,1893,161.64,14 Jun 2026
1076,Vellore,vellore_vaniyambadi,Onion,Local,FAQ,1798,2261,1996,103.51,14 Jun 2026
1077,Vellore,vellore_arakkonam,Onion,Local,FAQ,2333,2882,2586,218.16,14 Mar 2025
1078,Vellore,vellore_gudiyatham,Onion,Local,FAQ,2934,3612,3201,115.54,14 Mar 2025
1079,Vellore,vellore_market,Onion,Local,FAQ,2479,3063,2792,174.46,14 Mar 2025
1080,Vellore,vellore_vaniyambadi,Onion,Local,FAQ,2585,3057,2847,133.13,14 Mar 2025
1081,Vellore,vellore_arakkonam,Onion,Local,FAQ,2560,3044,2768,198.92,14 Mar 2026
1082,Vellore,vellore_gudiyatham,Onion,Local,FAQ,2419,2907,2715,166.86,14 Mar 2026
1083,Vellore,vellore_market,Onion,Local,FAQ,2263,2847,2494,238.48,14 Mar 2026
1084,Vellore,vellore_vaniyambadi,Onion,Local,FAQ,2433,2996,2776,155.08,14 Mar 2026
1085,Vellore,vellore_arakkonam,Onion,Local,FAQ,2171,2708,2519,132.48,14 May 2025
1086,Vellore,vellore_gudiyatham,Onion,Local,FAQ,2186,2775,2531,126.31,14 May 2025
1087,Vellore,vellore_market,Onion,Local,FAQ,1688,2162,1930,222.11,14 May 2025
1088,Vellore,vellore_vaniyambadi,Onion,Local,FAQ,2348,2948,2586,101.81,14 May 2025
1089,Vellore,vellore_arakkonam,Onion,Local,FAQ,1840,2331,2138,251.02,14 May 2026
1090,Vellore,vellore_gudiyatham,Onion,Local,FAQ,2213,2795,2435,90.99,14 May 2026
1091,Vellore,vellore_market,Onion,Local,FAQ,2079,2518,2282,154.34,14 May 2026
1092,Vellore,vellore_vaniyambadi,Onion,Local,FAQ,1834,2340,2122,139.72,14 May 2026
1093,Vellore,vellore_arakkonam,Onion,Local,FAQ,2254,2667,2459,150.11,14 Nov 2025
1094,Vellore,vellore_gudiyatham,Onion,Local,FAQ,1735,2098,1921,200.85,14 Nov 2025
1095,Vellore,vellore_market,Onion,Local,FAQ,1572,2001,1763,229.28,14 Nov 2025
1096,Vellore,vellore_vaniyambadi,Onion,Local,FAQ,1645,2049,1845,168.19,14 Nov 2025
1097,Vellore,vellore_arakkonam,Onion,Local,FAQ,1851,2166,2020,151.65,14 Oct 2025
1098,Vellore,vellore_gudiyatham,Onion,Local,FAQ,1743,2081,1904,153.08,14 Oct 2025
1099,Vellore,vellore_market,Onion,Local,FAQ,1990,2378,2170,115.7,14 Oct 2025
1100,Vellore,vellore_vaniyambadi,Onion,Local,FAQ,1882,2416,2117,78.1,14 Oct 2025
1101,Vellore,vellore_arakkonam,Onion,Local,FAQ,1605,1886,1741,130.03,14 Sep 2025
1102,Vellore,vellore_gudiyatham,Onion,Local,FAQ,1718,2155,1906,92.72,14 Sep 2025
1103,Vellore,vellore_market,Onion,Local,FAQ,1603,1975,1815,122.27,14 Sep 2025
1104,Vellore,vellore_vaniyambadi,Onion,Local,FAQ,1532,1942,1751,110.61,14 Sep 2025
1105,Vellore,vellore_arakkonam,Onion,Local,FAQ,2853,3489,3196,119.47,15 Apr 2025
1106,Vellore,vellore_gudiyatham,Onion,Local,FAQ,2518,3227,2842,122.28,15 Apr 2025
1107,Vellore,vellore_market,Onion,Local,FAQ,2303,2988,2632,155.42,15 Apr 2025
1108,Vellore,vellore_vaniyambadi,Onion,Local,FAQ,2271,2777,2537,129.8,15 Apr 2025
1109,Vellore,vellore_arakkonam,Onion,Local,FAQ,2493,3133,2792,160.56,15 Apr 2026
1110,Vellore,vellore_gudiyatham,Onion,Local,FAQ,2657,3142,2879,109.02,15 Apr 2026
1111,Vellore,vellore_market,Onion,Local,FAQ,2430,2890,2637,166.8,15 Apr 2026
1112,Vellore,vellore_vaniyambadi,Onion,Local,FAQ,2424,2982,2759,111.49,15 Apr 2026
1113,Vellore,vellore_arakkonam,Onion,Local,FAQ,1572,1921,1769,155.07,15 Aug 2025
1114,Vellore,vellore_gudiyatham,Onion,Local,FAQ,1343,1740,1558,129.62,15 Aug 2025
1115,Vellore,vellore_market,Onion,Local,FAQ,1294,1645,1436,192.01,15 Aug 2025
1116,Vellore,vellore_vaniyambadi,Onion,Local,FAQ,1663,1972,1795,78.85,15 Aug 2025
1117,Vellore,vellore_arakkonam,Onion,Local,FAQ,2187,2698,2430,192.24,15 Dec 2025
1118,Vellore,vellore_gudiyatham,Onion,Local,FAQ,1951,2475,2181,168.64,15 Dec 2025
1119,Vellore,vellore_market,Onion,Local,FAQ,2268,2812,2471,161.44,15 Dec 2025
1120,Vellore,vellore_vaniyambadi,Onion,Local,FAQ,2168,2644,2363,146.02,15 Dec 2025
1121,Vellore,vellore_arakkonam,Onion,Local,FAQ,2573,3155,2854,168.64,15 Feb 2025
1122,Vellore,vellore_gudiyatham,Onion,Local,FAQ,2587,3126,2805,144.02,15 Feb 2025
1123,Vellore,vellore_market,Onion,Local,FAQ,2921,3428,3167,159.29,15 Feb 2025
1124,Vellore,vellore_vaniyambadi,Onion,Local,FAQ,2120,2541,2349,180.63,15 Feb 2025
1125,Vellore,vellore_arakkonam,Onion,Local,FAQ,2486,3178,2880,205.49,15 Feb 2026
1126,Vellore,vellore_gudiyatham,Onion,Local,FAQ,2074,2605,2360,231.95,15 Feb 2026
1127,Vellore,vellore_market,Onion,Local,FAQ,2524,3120,2836,156.96,15 Feb 2026
1128,Vellore,vellore_vaniyambadi,Onion,Local,FAQ,2140,2687,2458,147.69,15 Feb 2026
1129,Vellore,vellore_arakkonam,Onion,Local,FAQ,1821,2240,2090,338.95,15 Jan 2025
1130,Vellore,vellore_gudiyatham,Onion,Local,FAQ,2460,3206,2847,128.39,15 Jan 2025
1131,Vellore,vellore_market,Onion,Local,FAQ,2363,2928,2591,175.21,15 Jan 2025
1132,Vellore,vellore_vaniyambadi,Onion,Local,FAQ,2683,3533,3084,90.3,15 Jan 2025
1133,Vellore,vellore_arakkonam,Onion,Local,FAQ,2361,2986,2731,223.85,15 Jan 2026
1134,Vellore,vellore_gudiyatham,Onion,Local,FAQ,2230,2789,2501,150.83,15 Jan 2026
1135,Vellore,vellore_market,Onion,Local,FAQ,2181,2645,2408,203.45,15 Jan 2026
1136,Vellore,vellore_vaniyambadi,Onion,Local,FAQ,2125,2644,2309,209.42,15 Jan 2026
1137,Vellore,vellore_arakkonam,Onion,Local,FAQ,2041,2498,2244,105.57,15 Jul 2025
1138,Vellore,vellore_gudiyatham,Onion,Local,FAQ,1615,2030,1829,127.71,15 Jul 2025
1139,Vellore,vellore_market,Onion,Local,FAQ,1688,2037,1887,143.79,15 Jul 2025
1140,Vellore,vellore_vaniyambadi,Onion,Local,FAQ,1676,2059,1868,88.58,15 Jul 2025
1141,Vellore,vellore_arakkonam,Onion,Local,FAQ,1975,2470,2180,99.14,15 Jul 2026
1142,Vellore,vellore_gudiyatham,Onion,Local,FAQ,1962,2359,2178,64.94,15 Jul 2026
1143,Vellore,vellore_market,Onion,Local,FAQ,1740,2072,1894,111.1,15 Jul 2026
1144,Vellore,vellore_vaniyambadi,Onion,Local,FAQ,1904,2409,2145,88.03,15 Jul 2026
1145,Vellore,vellore_arakkonam,Onion,Local,FAQ,1822,2279,2028,184.03,15 Jun 2025
1146,Vellore,vellore_gudiyatham,Onion,Local,FAQ,2100,2647,2334,88.13,15 Jun 2025
1147,Vellore,vellore_market,Onion,Local,FAQ,1996,2363,2171,118.93,15 Jun 2025
1148,Vellore,vellore_vaniyambadi,Onion,Local,FAQ,2174,2764,2515,82.99,15 Jun 2025
1149,Vellore,vellore_arakkonam,Onion,Local,FAQ,1889,2372,2161,140.77,15 Jun 2026
1150,Vellore,vellore_gudiyatham,Onion,Local,FAQ,2139,2614,2300,74.95,15 Jun 2026
1151,Vellore,vellore_market,Onion,Local,FAQ,1937,2336,2119,118.38,15 Jun 2026
1152,Vellore,vellore_vaniyambadi,Onion,Local,FAQ,1911,2364,2167,93.43,15 Jun 2026
1153,Vellore,vellore_arakkonam,Onion,Local,FAQ,2482,3163,2873,179.65,15 Mar 2025
1154,Vellore,vellore_gudiyatham,Onion,Local,FAQ,2485,3130,2751,184.11,15 Mar 2025
1155,Vellore,vellore_market,Onion,Local,FAQ,2399,2986,2727,189.77,15 Mar 2025
1156,Vellore,vellore_vaniyambadi,Onion,Local,FAQ,2429,3126,2731,147.4,15 Mar 2025
1157,Vellore,vellore_arakkonam,Onion,Local,FAQ,2272,2921,2559,221.18,15 Mar 2026
1158,Vellore,vellore_gudiyatham,Onion,Local,FAQ,2472,3043,2794,145.88,15 Mar 2026
1159,Vellore,vellore_market,Onion,Local,FAQ,2605,3181,2905,158.63,15 Mar 2026
1160,Vellore,vellore_vaniyambadi,Onion,Local,FAQ,2426,2830,2634,156.23,15 Mar 2026
1161,Vellore,vellore_arakkonam,Onion,Local,FAQ,2069,2512,2309,157.26,15 May 2025
1162,Vellore,vellore_gudiyatham,Onion,Local,FAQ,2533,3040,2726,100.25,15 May 2025
1163,Vellore,vellore_market,Onion,Local,FAQ,1969,2434,2142,165.65,15 May 2025
1164,Vellore,vellore_vaniyambadi,Onion,Local,FAQ,2508,3296,2870,75.03,15 May 2025
1165,Vellore,vellore_arakkonam,Onion,Local,FAQ,2078,2499,2260,219.15,15 May 2026
1166,Vellore,vellore_gudiyatham,Onion,Local,FAQ,2109,2547,2294,114.89,15 May 2026
1167,Vellore,vellore_market,Onion,Local,FAQ,1685,2080,1896,243.79,15 May 2026
1168,Vellore,vellore_vaniyambadi,Onion,Local,FAQ,1869,2269,2015,151.88,15 May 2026
1169,Vellore,vellore_arakkonam,Onion,Local,FAQ,2235,2737,2409,146.35,15 Nov 2025
1170,Vellore,vellore_gudiyatham,Onion,Local,FAQ,2085,2589,2350,138.22,15 Nov 2025
1171,Vellore,vellore_market,Onion,Local,FAQ,1674,2192,1945,206.59,15 Nov 2025
1172,Vellore,vellore_vaniyambadi,Onion,Local,FAQ,1542,1938,1788,177.13,15 Nov 2025
1173,Vellore,vellore_arakkonam,Onion,Local,FAQ,1514,1877,1682,234.68,15 Oct 2025
1174,Vellore,vellore_gudiyatham,Onion,Local,FAQ,2036,2538,2329,91.06,15 Oct 2025
1175,Vellore,vellore_market,Onion,Local,FAQ,1754,2063,1917,169.13,15 Oct 2025
1176,Vellore,vellore_vaniyambadi,Onion,Local,FAQ,1551,1889,1751,121.7,15 Oct 2025
1177,Vellore,vellore_arakkonam,Onion,Local,FAQ,1502,1870,1665,141.12,15 Sep 2025
1178,Vellore,vellore_gudiyatham,Onion,Local,FAQ,1687,2109,1920,93.23,15 Sep 2025
1179,Vellore,vellore_market,Onion,Local,FAQ,1667,2039,1863,122.24,15 Sep 2025
1180,Vellore,vellore_vaniyambadi,Onion,Local,FAQ,1672,2220,1940,90.12,15 Sep 2025
1181,Vellore,vellore_arakkonam,Onion,Local,FAQ,2688,3218,2896,144.25,16 Apr 2025
1182,Vellore,vellore_gudiyatham,Onion,Local,FAQ,2319,2824,2565,156.33,16 Apr 2025
1183,Vellore,vellore_market,Onion,Local,FAQ,1874,2290,2125,268.31,16 Apr 2025
1184,Vellore,vellore_vaniyambadi,Onion,Local,FAQ,2408,2887,2624,122.69,16 Apr 2025
1185,Vellore,vellore_arakkonam,Onion,Local,FAQ,2480,3158,2800,154.79,16 Apr 2026
1186,Vellore,vellore_gudiyatham,Onion,Local,FAQ,2294,2702,2522,138.74,16 Apr 2026
1187,Vellore,vellore_market,Onion,Local,FAQ,2157,2791,2493,178.07,16 Apr 2026
1188,Vellore,vellore_vaniyambadi,Onion,Local,FAQ,2190,2760,2439,145.36,16 Apr 2026
1189,Vellore,vellore_arakkonam,Onion,Local,FAQ,1914,2305,2098,101.24,16 Aug 2025
1190,Vellore,vellore_gudiyatham,Onion,Local,FAQ,1492,1878,1694,105.14,16 Aug 2025
1191,Vellore,vellore_market,Onion,Local,FAQ,1811,2143,1990,91.62,16 Aug 2025
1192,Vellore,vellore_vaniyambadi,Onion,Local,FAQ,1477,1897,1717,89.88,16 Aug 2025
1193,Vellore,vellore_arakkonam,Onion,Local,FAQ,2233,2694,2403,188.44,16 Dec 2025
1194,Vellore,vellore_gudiyatham,Onion,Local,FAQ,2375,2965,2579,115.44,16 Dec 2025
1195,Vellore,vellore_market,Onion,Local,FAQ,1999,2574,2259,187.7,16 Dec 2025
1196,Vellore,vellore_vaniyambadi,Onion,Local,FAQ,1962,2456,2212,171.07,16 Dec 2025
1197,Vellore,vellore_arakkonam,Onion,Local,FAQ,2098,2654,2395,254.34,16 Feb 2025
1198,Vellore,vellore_gudiyatham,Onion,Local,FAQ,2203,2705,2431,210.07,16 Feb 2025
1199,Vellore,vellore_market,Onion,Local,FAQ,2757,3373,3093,155.7,16 Feb 2025
1200,Vellore,vellore_vaniyambadi,Onion,Local,FAQ,2733,3459,3056,111.4,16 Feb 2025
1201,Vellore,vellore_arakkonam,Onion,Local,FAQ,2589,3317,2935,199.7,16 Feb 2026
1202,Vellore,vellore_gudiyatham,Onion,Local,FAQ,2620,3282,2918,137.82,16 Feb 2026
1203,Vellore,vellore_market,Onion,Local,FAQ,2266,2874,2501,228.43,16 Feb 2026
1204,Vellore,vellore_vaniyambadi,Onion,Local,FAQ,2085,2469,2301,163.53,16 Feb 2026
1205,Vellore,vellore_arakkonam,Onion,Local,FAQ,2185,2753,2418,243.62,16 Jan 2025
1206,Vellore,vellore_gudiyatham,Onion,Local,FAQ,2225,2684,2450,174.25,16 Jan 2025
1207,Vellore,vellore_market,Onion,Local,FAQ,2099,2516,2298,264.92,16 Jan 2025
1208,Vellore,vellore_vaniyambadi,Onion,Local,FAQ,2465,2882,2692,135.89,16 Jan 2025
1209,Vellore,vellore_arakkonam,Onion,Local,FAQ,2519,2995,2759,199.84,16 Jan 2026
1210,Vellore,vellore_gudiyatham,Onion,Local,FAQ,1789,2170,1996,277.99,16 Jan 2026
1211,Vellore,vellore_market,Onion,Local,FAQ,2114,2744,2403,204.46,16 Jan 2026
1212,Vellore,vellore_vaniyambadi,Onion,Local,FAQ,1795,2247,2057,250.41,16 Jan 2026
1213,Vellore,vellore_arakkonam,Onion,Local,FAQ,1754,2278,1989,137.12,16 Jul 2025
1214,Vellore,vellore_gudiyatham,Onion,Local,FAQ,1656,2106,1923,114.52,16 Jul 2025
1215,Vellore,vellore_market,Onion,Local,FAQ,2119,2652,2376,69.69,16 Jul 2025
1216,Vellore,vellore_vaniyambadi,Onion,Local,FAQ,1782,2196,1971,75.85,16 Jul 2025
1217,Vellore,vellore_arakkonam,Onion,Local,FAQ,1902,2219,2052,113.23,16 Jul 2026
1218,Vellore,vellore_gudiyatham,Onion,Local,FAQ,1695,2168,1930,85.99,16 Jul 2026
1219,Vellore,vellore_market,Onion,Local,FAQ,2029,2509,2236,85.57,16 Jul 2026
1220,Vellore,vellore_vaniyambadi,Onion,Local,FAQ,2052,2460,2262,71.74,16 Jul 2026
1221,Vellore,vellore_arakkonam,Onion,Local,FAQ,2000,2511,2221,149.41,16 Jun 2025
1222,Vellore,vellore_gudiyatham,Onion,Local,FAQ,1816,2274,2110,107.41,16 Jun 2025
1223,Vellore,vellore_market,Onion,Local,FAQ,1647,2103,1836,173.93,16 Jun 2025
1224,Vellore,vellore_vaniyambadi,Onion,Local,FAQ,2134,2567,2370,88.42,16 Jun 2025
1225,Vellore,vellore_arakkonam,Onion,Local,FAQ,1966,2609,2286,108.01,16 Jun 2026
1226,Vellore,vellore_gudiyatham,Onion,Local,FAQ,2022,2488,2252,85.62,16 Jun 2026
1227,Vellore,vellore_market,Onion,Local,FAQ,2375,3024,2696,74.53,16 Jun 2026
1228,Vellore,vellore_vaniyambadi,Onion,Local,FAQ,2229,2721,2436,73.84,16 Jun 2026
1229,Vellore,vellore_arakkonam,Onion,Local,FAQ,2214,2645,2451,263.93,16 Mar 2025
1230,Vellore,vellore_gudiyatham,Onion,Local,FAQ,2736,3415,3139,122.13,16 Mar 2025
1231,Vellore,vellore_market,Onion,Local,FAQ,1957,2441,2181,327.09,16 Mar 2025
1232,Vellore,vellore_vaniyambadi,Onion,Local,FAQ,2757,3488,3046,120.26,16 Mar 2025
1233,Vellore,vellore_arakkonam,Onion,Local,FAQ,2641,3148,2903,171.02,16 Mar 2026
1234,Vellore,vellore_gudiyatham,Onion,Local,FAQ,2051,2628,2363,222.24,16 Mar 2026
1235,Vellore,vellore_market,Onion,Local,FAQ,2467,3136,2807,185.85,16 Mar 2026
1236,Vellore,vellore_vaniyambadi,Onion,Local,FAQ,2081,2726,2419,191.06,16 Mar 2026
1237,Vellore,vellore_arakkonam,Onion,Local,FAQ,2039,2520,2268,162.57,16 May 2025
1238,Vellore,vellore_gudiyatham,Onion,Local,FAQ,1914,2343,2119,164.71,16 May 2025
1239,Vellore,vellore_market,Onion,Local,FAQ,2412,2837,2641,102.87,16 May 2025
1240,Vellore,vellore_vaniyambadi,Onion,Local,FAQ,2350,2729,2541,98.09,16 May 2025
1241,Vellore,vellore_arakkonam,Onion,Local,FAQ,2425,2956,2622,153.4,16 May 2026
1242,Vellore,vellore_gudiyatham,Onion,Local,FAQ,2135,2602,2301,128.51,16 May 2026
1243,Vellore,vellore_market,Onion,Local,FAQ,2282,2903,2574,130.32,16 May 2026
1244,Vellore,vellore_vaniyambadi,Onion,Local,FAQ,1599,1976,1759,178.34,16 May 2026
1245,Vellore,vellore_arakkonam,Onion,Local,FAQ,1977,2503,2176,189.18,16 Nov 2025
1246,Vellore,vellore_gudiyatham,Onion,Local,FAQ,2092,2582,2355,133.22,16 Nov 2025
1247,Vellore,vellore_market,Onion,Local,FAQ,2005,2499,2219,148.12,16 Nov 2025
1248,Vellore,vellore_vaniyambadi,Onion,Local,FAQ,1967,2342,2132,120.36,16 Nov 2025
1249,Vellore,vellore_arakkonam,Onion,Local,FAQ,1665,2176,1934,173.36,16 Oct 2025
1250,Vellore,vellore_gudiyatham,Onion,Local,FAQ,1662,1986,1828,162.85,16 Oct 2025
1251,Vellore,vellore_market,Onion,Local,FAQ,1614,1971,1769,194.15,16 Oct 2025
1252,Vellore,vellore_vaniyambadi,Onion,Local,FAQ,1497,1943,1720,127.16,16 Oct 2025
1253,Vellore,vellore_arakkonam,Onion,Local,FAQ,1828,2255,2003,93.88,16 Sep 2025
1254,Vellore,vellore_gudiyatham,Onion,Local,FAQ,1534,1917,1707,115.07,16 Sep 2025
1255,Vellore,vellore_market,Onion,Local,FAQ,1613,1990,1775,129.23,16 Sep 2025
1256,Vellore,vellore_vaniyambadi,Onion,Local,FAQ,1668,1951,1810,107.74,16 Sep 2025
1257,Vellore,vellore_arakkonam,Onion,Local,FAQ,2328,2963,2657,164.7,17 Apr 2025
1258,Vellore,vellore_gudiyatham,Onion,Local,FAQ,2416,2846,2640,145.65,17 Apr 2025
1259,Vellore,vellore_market,Onion,Local,FAQ,2333,2733,2548,170.27,17 Apr 2025
1260,Vellore,vellore_vaniyambadi,Onion,Local,FAQ,2688,3448,3067,85.56,17 Apr 2025
1261,Vellore,vellore_arakkonam,Onion,Local,FAQ,2374,2864,2619,195.04,17 Apr 2026
1262,Vellore,vellore_gudiyatham,Onion,Local,FAQ,2322,2807,2575,129.68,17 Apr 2026
1263,Vellore,vellore_market,Onion,Local,FAQ,1805,2307,2089,269.76,17 Apr 2026
1264,Vellore,vellore_vaniyambadi,Onion,Local,FAQ,1725,2060,1896,241.11,17 Apr 2026
1265,Vellore,vellore_arakkonam,Onion,Local,FAQ,2264,2812,2522,67.85,17 Aug 2025
1266,Vellore,vellore_gudiyatham,Onion,Local,FAQ,1551,2019,1777,100.83,17 Aug 2025
1267,Vellore,vellore_market,Onion,Local,FAQ,2076,2424,2265,69.64,17 Aug 2025
1268,Vellore,vellore_vaniyambadi,Onion,Local,FAQ,1563,1983,1778,79.57,17 Aug 2025
1269,Vellore,vellore_arakkonam,Onion,Local,FAQ,2380,2802,2577,185.22,17 Dec 2025
1270,Vellore,vellore_gudiyatham,Onion,Local,FAQ,1761,2127,1954,203.85,17 Dec 2025
1271,Vellore,vellore_market,Onion,Local,FAQ,1781,2214,2052,222.34,17 Dec 2025
1272,Vellore,vellore_vaniyambadi,Onion,Local,FAQ,1971,2533,2218,160.94,17 Dec 2025
1273,Vellore,vellore_arakkonam,Onion,Local,FAQ,2412,2928,2644,217.04,17 Feb 2025
1274,Vellore,vellore_gudiyatham,Onion,Local,FAQ,2563,3381,2970,136.24,17 Feb 2025
1275,Vellore,vellore_market,Onion,Local,FAQ,2112,2762,2454,252.03,17 Feb 2025
1276,Vellore,vellore_vaniyambadi,Onion,Local,FAQ,2181,2774,2459,184.41,17 Feb 2025
1277,Vellore,vellore_arakkonam,Onion,Local,FAQ,2274,2755,2453,285.34,17 Feb 2026
1278,Vellore,vellore_gudiyatham,Onion,Local,FAQ,2572,3216,2903,130.07,17 Feb 2026
1279,Vellore,vellore_market,Onion,Local,FAQ,1964,2332,2164,289.9,17 Feb 2026
1280,Vellore,vellore_vaniyambadi,Onion,Local,FAQ,2669,3327,2906,105.62,17 Feb 2026
1281,Vellore,vellore_arakkonam,Onion,Local,FAQ,2571,3149,2804,166.78,17 Jan 2025
1282,Vellore,vellore_gudiyatham,Onion,Local,FAQ,2518,3160,2847,131.75,17 Jan 2025
1283,Vellore,vellore_market,Onion,Local,FAQ,2161,2563,2384,275.71,17 Jan 2025
1284,Vellore,vellore_vaniyambadi,Onion,Local,FAQ,2076,2576,2396,184.28,17 Jan 2025
1285,Vellore,vellore_arakkonam,Onion,Local,FAQ,2272,2886,2582,260.54,17 Jan 2026
1286,Vellore,vellore_gudiyatham,Onion,Local,FAQ,2552,3121,2820,125.03,17 Jan 2026
1287,Vellore,vellore_market,Onion,Local,FAQ,2234,2767,2454,191.46,17 Jan 2026
1288,Vellore,vellore_vaniyambadi,Onion,Local,FAQ,2532,3278,2939,106.68,17 Jan 2026
1289,Vellore,vellore_arakkonam,Onion,Local,FAQ,1952,2346,2190,109.78,17 Jul 2025
1290,Vellore,vellore_gudiyatham,Onion,Local,FAQ,1954,2295,2144,84.89,17 Jul 2025
1291,Vellore,vellore_market,Onion,Local,FAQ,1723,2081,1886,108.41,17 Jul 2025
1292,Vellore,vellore_vaniyambadi,Onion,Local,FAQ,1791,2100,1960,75.34,17 Jul 2025
1293,Vellore,vellore_arakkonam,Onion,Local,FAQ,1668,2173,1931,133.11,17 Jul 2026
1294,Vellore,vellore_gudiyatham,Onion,Local,FAQ,1689,2093,1920,89.6,17 Jul 2026
1295,Vellore,vellore_market,Onion,Local,FAQ,1602,1946,1756,158.86,17 Jul 2026
1296,Vellore,vellore_vaniyambadi,Onion,Local,FAQ,1847,2265,2076,97.47,17 Jul 2026
1297,Vellore,vellore_arakkonam,Onion,Local,FAQ,1916,2470,2186,144.42,17 Jun 2025
1298,Vellore,vellore_gudiyatham,Onion,Local,FAQ,1771,2094,1938,109.83,17 Jun 2025
1299,Vellore,vellore_market,Onion,Local,FAQ,1767,2258,2003,131.0,17 Jun 2025
1300,Vellore,vellore_vaniyambadi,Onion,Local,FAQ,2129,2637,2304,88.56,17 Jun 2025
1301,Vellore,vellore_arakkonam,Onion,Local,FAQ,2631,3290,2903,70.25,17 Jun 2026
1302,Vellore,vellore_gudiyatham,Onion,Local,FAQ,1677,1964,1816,142.87,17 Jun 2026
1303,Vellore,vellore_market,Onion,Local,FAQ,1735,2211,1975,145.35,17 Jun 2026
1304,Vellore,vellore_vaniyambadi,Onion,Local,FAQ,1793,2100,1953,105.45,17 Jun 2026
1305,Vellore,vellore_arakkonam,Onion,Local,FAQ,2673,3113,2886,199.23,17 Mar 2025
1306,Vellore,vellore_gudiyatham,Onion,Local,FAQ,2349,3012,2658,190.04,17 Mar 2025
1307,Vellore,vellore_market,Onion,Local,FAQ,2158,2634,2458,237.81,17 Mar 2025
1308,Vellore,vellore_vaniyambadi,Onion,Local,FAQ,1904,2393,2197,226.36,17 Mar 2025
1309,Vellore,vellore_arakkonam,Onion,Local,FAQ,2708,3406,2968,156.19,17 Mar 2026
1310,Vellore,vellore_gudiyatham,Onion,Local,FAQ,2397,2927,2626,185.27,17 Mar 2026
1311,Vellore,vellore_market,Onion,Local,FAQ,2738,3306,3083,139.54,17 Mar 2026
1312,Vellore,vellore_vaniyambadi,Onion,Local,FAQ,2139,2647,2377,195.77,17 Mar 2026
1313,Vellore,vellore_arakkonam,Onion,Local,FAQ,2056,2515,2347,145.26,17 May 2025
1314,Vellore,vellore_gudiyatham,Onion,Local,FAQ,2364,2957,2644,95.23,17 May 2025
1315,Vellore,vellore_market,Onion,Local,FAQ,2038,2434,2252,154.58,17 May 2025
1316,Vellore,vellore_vaniyambadi,Onion,Local,FAQ,2067,2449,2228,140.72,17 May 2025
1317,Vellore,vellore_arakkonam,Onion,Local,FAQ,2422,3039,2669,148.71,17 May 2026
1318,Vellore,vellore_gudiyatham,Onion,Local,FAQ,2065,2591,2359,126.54,17 May 2026
1319,Vellore,vellore_market,Onion,Local,FAQ,1822,2187,1991,232.82,17 May 2026
1320,Vellore,vellore_vaniyambadi,Onion,Local,FAQ,1761,2231,1972,127.3,17 May 2026
1321,Vellore,vellore_arakkonam,Onion,Local,FAQ,1931,2369,2166,185.01,17 Nov 2025
1322,Vellore,vellore_gudiyatham,Onion,Local,FAQ,2221,2732,2490,127.17,17 Nov 2025
1323,Vellore,vellore_market,Onion,Local,FAQ,1691,2163,1941,197.39,17 Nov 2025
1324,Vellore,vellore_vaniyambadi,Onion,Local,FAQ,1884,2334,2082,127.55,17 Nov 2025
1325,Vellore,vellore_arakkonam,Onion,Local,FAQ,1599,2018,1815,194.49,17 Oct 2025
1326,Vellore,vellore_gudiyatham,Onion,Local,FAQ,1672,1973,1820,155.09,17 Oct 2025
1327,Vellore,vellore_market,Onion,Local,FAQ,1932,2460,2178,111.66,17 Oct 2025
1328,Vellore,vellore_vaniyambadi,Onion,Local,FAQ,1623,2097,1830,109.01,17 Oct 2025
1329,Vellore,vellore_arakkonam,Onion,Local,FAQ,1641,2050,1833,120.05,17 Sep 2025
1330,Vellore,vellore_gudiyatham,Onion,Local,FAQ,1513,1992,1746,132.42,17 Sep 2025
1331,Vellore,vellore_market,Onion,Local,FAQ,1611,1953,1802,132.24,17 Sep 2025
1332,Vellore,vellore_vaniyambadi,Onion,Local,FAQ,1731,2218,1981,84.01,17 Sep 2025
1333,Vellore,vellore_arakkonam,Onion,Local,FAQ,2107,2698,2422,195.61,18 Apr 2025
1334,Vellore,vellore_gudiyatham,Onion,Local,FAQ,2732,3525,3087,106.79,18 Apr 2025
1335,Vellore,vellore_market,Onion,Local,FAQ,2604,3110,2836,134.35,18 Apr 2025
1336,Vellore,vellore_vaniyambadi,Onion,Local,FAQ,2382,3009,2679,122.4,18 Apr 2025
1337,Vellore,vellore_arakkonam,Onion,Local,FAQ,2426,3069,2748,181.98,18 Apr 2026
1338,Vellore,vellore_gudiyatham,Onion,Local,FAQ,2062,2597,2286,168.93,18 Apr 2026
1339,Vellore,vellore_market,Onion,Local,FAQ,2203,2699,2383,201.11,18 Apr 2026
1340,Vellore,vellore_vaniyambadi,Onion,Local,FAQ,2602,3019,2800,113.47,18 Apr 2026
1341,Vellore,vellore_arakkonam,Onion,Local,FAQ,1765,2084,1942,111.77,18 Aug 2025
1342,Vellore,vellore_gudiyatham,Onion,Local,FAQ,1502,1959,1725,115.93,18 Aug 2025
1343,Vellore,vellore_market,Onion,Local,FAQ,1587,2024,1837,110.5,18 Aug 2025
1344,Vellore,vellore_vaniyambadi,Onion,Local,FAQ,1522,1805,1671,96.85,18 Aug 2025
1345,Vellore,vellore_arakkonam,Onion,Local,FAQ,1944,2316,2111,318.33,18 Dec 2025
1346,Vellore,vellore_gudiyatham,Onion,Local,FAQ,1904,2470,2154,160.68,18 Dec 2025
1347,Vellore,vellore_market,Onion,Local,FAQ,2321,2933,2645,144.85,18 Dec 2025
1348,Vellore,vellore_vaniyambadi,Onion,Local,FAQ,2153,2620,2386,122.86,18 Dec 2025
1349,Vellore,vellore_arakkonam,Onion,Local,FAQ,2507,3111,2759,202.95,18 Feb 2025
1350,Vellore,vellore_gudiyatham,Onion,Local,FAQ,2339,2851,2629,175.55,18 Feb 2025
1351,Vellore,vellore_market,Onion,Local,FAQ,2904,3543,3223,131.41,18 Feb 2025
1352,Vellore,vellore_vaniyambadi,Onion,Local,FAQ,2265,2887,2590,165.37,18 Feb 2025
1353,Vellore,vellore_arakkonam,Onion,Local,FAQ,2404,3044,2687,221.73,18 Feb 2026
1354,Vellore,vellore_gudiyatham,Onion,Local,FAQ,2351,2848,2631,174.52,18 Feb 2026
1355,Vellore,vellore_market,Onion,Local,FAQ,2187,2704,2468,189.49,18 Feb 2026
1356,Vellore,vellore_vaniyambadi,Onion,Local,FAQ,2329,2930,2616,145.61,18 Feb 2026
1357,Vellore,vellore_arakkonam,Onion,Local,FAQ,2439,2985,2780,186.28,18 Jan 2025
1358,Vellore,vellore_gudiyatham,Onion,Local,FAQ,2108,2638,2379,202.03,18 Jan 2025
1359,Vellore,vellore_market,Onion,Local,FAQ,2114,2709,2420,243.87,18 Jan 2025
1360,Vellore,vellore_vaniyambadi,Onion,Local,FAQ,2047,2558,2305,189.86,18 Jan 2025
1361,Vellore,vellore_arakkonam,Onion,Local,FAQ,2317,2919,2581,236.2,18 Jan 2026
1362,Vellore,vellore_gudiyatham,Onion,Local,FAQ,2398,2880,2649,151.49,18 Jan 2026
1363,Vellore,vellore_market,Onion,Local,FAQ,2208,2634,2441,181.2,18 Jan 2026
1364,Vellore,vellore_vaniyambadi,Onion,Local,FAQ,2256,2766,2446,146.01,18 Jan 2026
1365,Vellore,vellore_arakkonam,Onion,Local,FAQ,1854,2399,2130,125.06,18 Jul 2025
1366,Vellore,vellore_gudiyatham,Onion,Local,FAQ,1917,2377,2185,86.83,18 Jul 2025
1367,Vellore,vellore_market,Onion,Local,FAQ,1825,2294,2045,92.26,18 Jul 2025
1368,Vellore,vellore_vaniyambadi,Onion,Local,FAQ,1705,2122,1947,78.63,18 Jul 2025
1369,Vellore,vellore_arakkonam,Onion,Local,FAQ,1935,2392,2232,85.55,18 Jul 2026
1370,Vellore,vellore_gudiyatham,Onion,Local,FAQ,1814,2158,1982,86.27,18 Jul 2026
1371,Vellore,vellore_market,Onion,Local,FAQ,1809,2185,2008,106.21,18 Jul 2026
1372,Vellore,vellore_vaniyambadi,Onion,Local,FAQ,2019,2611,2345,65.8,18 Jul 2026
1373,Vellore,vellore_arakkonam,Onion,Local,FAQ,2188,2768,2421,109.32,18 Jun 2025
1374,Vellore,vellore_gudiyatham,Onion,Local,FAQ,1937,2465,2211,87.84,18 Jun 2025
1375,Vellore,vellore_market,Onion,Local,FAQ,1952,2428,2149,107.24,18 Jun 2025
1376,Vellore,vellore_vaniyambadi,Onion,Local,FAQ,1875,2170,2016,103.41,18 Jun 2025
1377,Vellore,vellore_arakkonam,Onion,Local,FAQ,2084,2566,2260,127.06,18 Jun 2026
1378,Vellore,vellore_gudiyatham,Onion,Local,FAQ,1597,2089,1855,134.88,18 Jun 2026
1379,Vellore,vellore_market,Onion,Local,FAQ,1823,2222,2060,137.74,18 Jun 2026
1380,Vellore,vellore_vaniyambadi,Onion,Local,FAQ,1985,2529,2268,80.31,18 Jun 2026
1381,Vellore,vellore_arakkonam,Onion,Local,FAQ,2331,2956,2681,232.93,18 Mar 2025
1382,Vellore,vellore_gudiyatham,Onion,Local,FAQ,2774,3453,3134,132.99,18 Mar 2025
1383,Vellore,vellore_market,Onion,Local,FAQ,2496,3161,2775,176.75,18 Mar 2025
1384,Vellore,vellore_vaniyambadi,Onion,Local,FAQ,2115,2609,2289,190.12,18 Mar 2025
1385,Vellore,vellore_arakkonam,Onion,Local,FAQ,2482,2941,2732,193.75,18 Mar 2026
1386,Vellore,vellore_gudiyatham,Onion,Local,FAQ,2668,3391,3060,130.29,18 Mar 2026
1387,Vellore,vellore_market,Onion,Local,FAQ,2749,3364,3129,146.79,18 Mar 2026
1388,Vellore,vellore_vaniyambadi,Onion,Local,FAQ,3004,3606,3341,76.94,18 Mar 2026
1389,Vellore,vellore_arakkonam,Onion,Local,FAQ,2046,2397,2223,163.19,18 May 2025
1390,Vellore,vellore_gudiyatham,Onion,Local,FAQ,2320,2959,2676,101.52,18 May 2025
1391,Vellore,vellore_market,Onion,Local,FAQ,2184,2642,2409,133.76,18 May 2025
1392,Vellore,vellore_vaniyambadi,Onion,Local,FAQ,2373,2762,2568,86.72,18 May 2025
1393,Vellore,vellore_arakkonam,Onion,Local,FAQ,2143,2553,2359,181.49,18 May 2026
1394,Vellore,vellore_gudiyatham,Onion,Local,FAQ,2553,3100,2805,89.33,18 May 2026
1395,Vellore,vellore_market,Onion,Local,FAQ,2259,2682,2470,116.61,18 May 2026
1396,Vellore,vellore_vaniyambadi,Onion,Local,FAQ,1928,2366,2158,100.23,18 May 2026
1397,Vellore,vellore_arakkonam,Onion,Local,FAQ,1856,2264,2051,202.45,18 Nov 2025
1398,Vellore,vellore_gudiyatham,Onion,Local,FAQ,2208,2732,2387,140.04,18 Nov 2025
1399,Vellore,vellore_market,Onion,Local,FAQ,2053,2530,2238,150.72,18 Nov 2025
1400,Vellore,vellore_vaniyambadi,Onion,Local,FAQ,1830,2305,2027,137.46,18 Nov 2025
1401,Vellore,vellore_arakkonam,Onion,Local,FAQ,1649,2047,1847,202.83,18 Oct 2025
1402,Vellore,vellore_gudiyatham,Onion,Local,FAQ,1817,2249,2072,111.4,18 Oct 2025
1403,Vellore,vellore_market,Onion,Local,FAQ,1871,2306,2014,150.08,18 Oct 2025
1404,Vellore,vellore_vaniyambadi,Onion,Local,FAQ,1915,2307,2123,80.59,18 Oct 2025
1405,Vellore,vellore_arakkonam,Onion,Local,FAQ,1565,1951,1801,130.33,18 Sep 2025
1406,Vellore,vellore_gudiyatham,Onion,Local,FAQ,2301,2717,2485,57.15,18 Sep 2025
1407,Vellore,vellore_market,Onion,Local,FAQ,1632,2006,1857,111.78,18 Sep 2025
1408,Vellore,vellore_vaniyambadi,Onion,Local,FAQ,1495,1858,1724,105.58,18 Sep 2025
1409,Vellore,vellore_arakkonam,Onion,Local,FAQ,2434,2867,2619,162.14,19 Apr 2025
1410,Vellore,vellore_gudiyatham,Onion,Local,FAQ,2543,3262,2910,114.33,19 Apr 2025
1411,Vellore,vellore_market,Onion,Local,FAQ,1990,2470,2226,242.12,19 Apr 2025
1412,Vellore,vellore_vaniyambadi,Onion,Local,FAQ,2822,3453,3045,82.97,19 Apr 2025
1413,Vellore,vellore_arakkonam,Onion,Local,FAQ,2238,2640,2460,224.45,19 Apr 2026
1414,Vellore,vellore_gudiyatham,Onion,Local,FAQ,2549,3310,2953,86.58,19 Apr 2026
1415,Vellore,vellore_market,Onion,Local,FAQ,2355,2877,2615,165.6,19 Apr 2026
1416,Vellore,vellore_vaniyambadi,Onion,Local,FAQ,2029,2625,2301,179.41,19 Apr 2026
1417,Vellore,vellore_arakkonam,Onion,Local,FAQ,1691,2014,1868,143.85,19 Aug 2025
1418,Vellore,vellore_gudiyatham,Onion,Local,FAQ,1637,2009,1845,97.18,19 Aug 2025
1419,Vellore,vellore_market,Onion,Local,FAQ,1608,1989,1841,104.57,19 Aug 2025
1420,Vellore,vellore_vaniyambadi,Onion,Local,FAQ,1369,1699,1572,108.68,19 Aug 2025
1421,Vellore,vellore_arakkonam,Onion,Local,FAQ,2495,3063,2700,203.44,19 Dec 2025
1422,Vellore,vellore_gudiyatham,Onion,Local,FAQ,1925,2392,2105,168.82,19 Dec 2025
1423,Vellore,vellore_market,Onion,Local,FAQ,1956,2538,2230,230.96,19 Dec 2025
1424,Vellore,vellore_vaniyambadi,Onion,Local,FAQ,2087,2497,2310,135.7,19 Dec 2025
1425,Vellore,vellore_arakkonam,Onion,Local,FAQ,2173,2774,2472,279.49,19 Feb 2025
1426,Vellore,vellore_gudiyatham,Onion,Local,FAQ,2386,2951,2693,163.3,19 Feb 2025
1427,Vellore,vellore_market,Onion,Local,FAQ,2205,2717,2469,246.31,19 Feb 2025
1428,Vellore,vellore_vaniyambadi,Onion,Local,FAQ,2529,3083,2757,131.7,19 Feb 2025
1429,Vellore,vellore_arakkonam,Onion,Local,FAQ,2167,2696,2456,259.21,19 Feb 2026
1430,Vellore,vellore_gudiyatham,Onion,Local,FAQ,2743,3297,2971,128.47,19 Feb 2026
1431,Vellore,vellore_market,Onion,Local,FAQ,2242,2842,2548,185.0,19 Feb 2026
1432,Vellore,vellore_vaniyambadi,Onion,Local,FAQ,2293,2941,2596,154.53,19 Feb 2026
1433,Vellore,vellore_arakkonam,Onion,Local,FAQ,2974,3545,3205,160.56,19 Jan 2025
1434,Vellore,vellore_gudiyatham,Onion,Local,FAQ,2592,3283,2918,122.19,19 Jan 2025
1435,Vellore,vellore_market,Onion,Local,FAQ,2302,2676,2482,241.98,19 Jan 2025
1436,Vellore,vellore_vaniyambadi,Onion,Local,FAQ,1913,2391,2185,219.86,19 Jan 2025
1437,Vellore,vellore_arakkonam,Onion,Local,FAQ,2312,2894,2545,228.48,19 Jan 2026
1438,Vellore,vellore_gudiyatham,Onion,Local,FAQ,2340,2900,2635,162.58,19 Jan 2026
1439,Vellore,vellore_market,Onion,Local,FAQ,2411,2830,2615,171.58,19 Jan 2026
1440,Vellore,vellore_vaniyambadi,Onion,Local,FAQ,2474,2963,2694,128.36,19 Jan 2026
1441,Vellore,vellore_arakkonam,Onion,Local,FAQ,2241,2768,2415,91.33,19 Jul 2025
1442,Vellore,vellore_gudiyatham,Onion,Local,FAQ,2119,2539,2279,82.41,19 Jul 2025
1443,Vellore,vellore_market,Onion,Local,FAQ,1915,2400,2098,101.2,19 Jul 2025
1444,Vellore,vellore_vaniyambadi,Onion,Local,FAQ,1745,2252,1965,79.1,19 Jul 2025
1445,Vellore,vellore_arakkonam,Onion,Local,FAQ,1883,2337,2110,101.36,19 Jul 2026
1446,Vellore,vellore_gudiyatham,Onion,Local,FAQ,1769,2235,2053,80.32,19 Jul 2026
1447,Vellore,vellore_market,Onion,Local,FAQ,1895,2439,2144,91.2,19 Jul 2026
1448,Vellore,vellore_vaniyambadi,Onion,Local,FAQ,2279,2671,2455,57.15,19 Jul 2026
1449,Vellore,vellore_arakkonam,Onion,Local,FAQ,1798,2219,2029,154.63,19 Jun 2025
1450,Vellore,vellore_gudiyatham,Onion,Local,FAQ,2094,2534,2258,91.04,19 Jun 2025
1451,Vellore,vellore_market,Onion,Local,FAQ,2030,2394,2208,99.84,19 Jun 2025
1452,Vellore,vellore_vaniyambadi,Onion,Local,FAQ,2062,2555,2285,73.42,19 Jun 2025
1453,Vellore,vellore_arakkonam,Onion,Local,FAQ,2087,2602,2373,117.11,19 Jun 2026
1454,Vellore,vellore_gudiyatham,Onion,Local,FAQ,1746,2179,2028,109.14,19 Jun 2026
1455,Vellore,vellore_market,Onion,Local,FAQ,1858,2377,2139,132.83,19 Jun 2026
1456,Vellore,vellore_vaniyambadi,Onion,Local,FAQ,1947,2416,2137,89.14,19 Jun 2026
1457,Vellore,vellore_arakkonam,Onion,Local,FAQ,2283,2959,2652,233.03,19 Mar 2025
1458,Vellore,vellore_gudiyatham,Onion,Local,FAQ,2406,3068,2669,183.13,19 Mar 2025
1459,Vellore,vellore_market,Onion,Local,FAQ,2492,3127,2851,170.47,19 Mar 2025
1460,Vellore,vellore_vaniyambadi,Onion,Local,FAQ,2540,3127,2779,128.45,19 Mar 2025
1461,Vellore,vellore_arakkonam,Onion,Local,FAQ,2011,2525,2290,265.9,19 Mar 2026
1462,Vellore,vellore_gudiyatham,Onion,Local,FAQ,2212,2710,2411,218.36,19 Mar 2026
1463,Vellore,vellore_market,Onion,Local,FAQ,2705,3198,2917,177.49,19 Mar 2026
1464,Vellore,vellore_vaniyambadi,Onion,Local,FAQ,2283,2889,2594,134.73,19 Mar 2026
1465,Vellore,vellore_arakkonam,Onion,Local,FAQ,2006,2518,2216,160.03,19 May 2025
1466,Vellore,vellore_gudiyatham,Onion,Local,FAQ,2477,3203,2841,84.94,19 May 2025
1467,Vellore,vellore_market,Onion,Local,FAQ,1902,2336,2108,180.3,19 May 2025
1468,Vellore,vellore_vaniyambadi,Onion,Local,FAQ,2150,2746,2486,91.02,19 May 2025
1469,Vellore,vellore_arakkonam,Onion,Local,FAQ,2297,2890,2539,146.86,19 May 2026
1470,Vellore,vellore_gudiyatham,Onion,Local,FAQ,2396,3120,2774,90.4,19 May 2026
1471,Vellore,vellore_market,Onion,Local,FAQ,1685,2077,1863,226.77,19 May 2026
1472,Vellore,vellore_vaniyambadi,Onion,Local,FAQ,2404,2787,2597,69.7,19 May 2026
1473,Vellore,vellore_arakkonam,Onion,Local,FAQ,2052,2657,2335,161.19,19 Nov 2025
1474,Vellore,vellore_gudiyatham,Onion,Local,FAQ,2253,2836,2521,126.97,19 Nov 2025
1475,Vellore,vellore_market,Onion,Local,FAQ,1837,2326,2106,168.99,19 Nov 2025
1476,Vellore,vellore_vaniyambadi,Onion,Local,FAQ,2175,2761,2445,93.39,19 Nov 2025
1477,Vellore,vellore_arakkonam,Onion,Local,FAQ,1495,1804,1646,227.51,19 Oct 2025
1478,Vellore,vellore_gudiyatham,Onion,Local,FAQ,1760,2092,1917,132.45,19 Oct 2025
1479,Vellore,vellore_market,Onion,Local,FAQ,1808,2232,1968,154.6,19 Oct 2025
1480,Vellore,vellore_vaniyambadi,Onion,Local,FAQ,1563,1950,1798,117.03,19 Oct 2025
1481,Vellore,vellore_arakkonam,Onion,Local,FAQ,1475,1906,1671,162.76,19 Sep 2025
1482,Vellore,vellore_gudiyatham,Onion,Local,FAQ,1623,1990,1786,116.33,19 Sep 2025
1483,Vellore,vellore_market,Onion,Local,FAQ,1269,1683,1475,190.98,19 Sep 2025
1484,Vellore,vellore_vaniyambadi,Onion,Local,FAQ,1445,1781,1593,126.48,19 Sep 2025
1485,Vellore,vellore_arakkonam,Onion,Local,FAQ,2028,2580,2286,194.9,20 Apr 2025
1486,Vellore,vellore_gudiyatham,Onion,Local,FAQ,2458,3094,2810,122.93,20 Apr 2025
1487,Vellore,vellore_market,Onion,Local,FAQ,1993,2565,2270,204.86,20 Apr 2025
1488,Vellore,vellore_vaniyambadi,Onion,Local,FAQ,2592,3205,2853,109.31,20 Apr 2025
1489,Vellore,vellore_arakkonam,Onion,Local,FAQ,2119,2687,2433,235.0,20 Apr 2026
1490,Vellore,vellore_gudiyatham,Onion,Local,FAQ,2408,2897,2660,113.9,20 Apr 2026
1491,Vellore,vellore_market,Onion,Local,FAQ,1875,2394,2160,238.05,20 Apr 2026
1492,Vellore,vellore_vaniyambadi,Onion,Local,FAQ,2336,3017,2656,118.98,20 Apr 2026
1493,Vellore,vellore_arakkonam,Onion,Local,FAQ,1599,1999,1784,156.55,20 Aug 2025
1494,Vellore,vellore_gudiyatham,Onion,Local,FAQ,1925,2385,2154,61.45,20 Aug 2025
1495,Vellore,vellore_market,Onion,Local,FAQ,1241,1601,1419,172.9,20 Aug 2025
1496,Vellore,vellore_vaniyambadi,Onion,Local,FAQ,1764,2134,1960,67.28,20 Aug 2025
1497,Vellore,vellore_arakkonam,Onion,Local,FAQ,2513,3041,2718,190.49,20 Dec 2025
1498,Vellore,vellore_gudiyatham,Onion,Local,FAQ,1795,2323,2087,178.3,20 Dec 2025
1499,Vellore,vellore_market,Onion,Local,FAQ,2254,2815,2460,194.34,20 Dec 2025
1500,Vellore,vellore_vaniyambadi,Onion,Local,FAQ,1840,2261,2107,164.52,20 Dec 2025
1501,Vellore,vellore_arakkonam,Onion,Local,FAQ,2310,3028,2647,245.13,20 Feb 2025
1502,Vellore,vellore_gudiyatham,Onion,Local,FAQ,2843,3501,3073,130.56,20 Feb 2025
1503,Vellore,vellore_market,Onion,Local,FAQ,2389,2893,2648,212.67,20 Feb 2025
1504,Vellore,vellore_vaniyambadi,Onion,Local,FAQ,2079,2581,2389,172.71,20 Feb 2025
1505,Vellore,vellore_arakkonam,Onion,Local,FAQ,2140,2608,2392,259.74,20 Feb 2026
1506,Vellore,vellore_gudiyatham,Onion,Local,FAQ,2143,2717,2464,193.02,20 Feb 2026
1507,Vellore,vellore_market,Onion,Local,FAQ,2424,2920,2702,165.76,20 Feb 2026
1508,Vellore,vellore_vaniyambadi,Onion,Local,FAQ,2444,2979,2697,147.84,20 Feb 2026
1509,Vellore,vellore_arakkonam,Onion,Local,FAQ,2287,3000,2640,249.72,20 Jan 2025
1510,Vellore,vellore_gudiyatham,Onion,Local,FAQ,2267,2857,2559,168.6,20 Jan 2025
1511,Vellore,vellore_market,Onion,Local,FAQ,2741,3373,3040,145.41,20 Jan 2025
1512,Vellore,vellore_vaniyambadi,Onion,Local,FAQ,2597,3344,2966,98.26,20 Jan 2025
1513,Vellore,vellore_arakkonam,Onion,Local,FAQ,2131,2702,2439,231.39,20 Jan 2026
1514,Vellore,vellore_gudiyatham,Onion,Local,FAQ,2227,2681,2435,203.3,20 Jan 2026
1515,Vellore,vellore_market,Onion,Local,FAQ,2312,2964,2687,170.09,20 Jan 2026
1516,Vellore,vellore_vaniyambadi,Onion,Local,FAQ,2721,3289,2928,119.83,20 Jan 2026
1517,Vellore,vellore_arakkonam,Onion,Local,FAQ,2315,2704,2501,87.37,20 Jul 2025
1518,Vellore,vellore_gudiyatham,Onion,Local,FAQ,1712,2213,1973,100.95,20 Jul 2025
1519,Vellore,vellore_market,Onion,Local,FAQ,2033,2485,2257,86.73,20 Jul 2025
1520,Vellore,vellore_vaniyambadi,Onion,Local,FAQ,1659,2051,1790,101.47,20 Jul 2025
1521,Vellore,vellore_arakkonam,Onion,Local,FAQ,1608,1946,1780,155.77,20 Jul 2026
1522,Vellore,vellore_gudiyatham,Onion,Local,FAQ,1954,2441,2199,72.05,20 Jul 2026
1523,Vellore,vellore_market,Onion,Local,FAQ,1566,2054,1815,142.12,20 Jul 2026
1524,Vellore,vellore_vaniyambadi,Onion,Local,FAQ,1846,2251,2083,83.15,20 Jul 2026
1525,Vellore,vellore_arakkonam,Onion,Local,FAQ,2089,2632,2405,100.74,20 Jun 2025
1526,Vellore,vellore_gudiyatham,Onion,Local,FAQ,1703,2128,1962,118.17,20 Jun 2025
1527,Vellore,vellore_market,Onion,Local,FAQ,2027,2544,2263,115.85,20 Jun 2025
1528,Vellore,vellore_vaniyambadi,Onion,Local,FAQ,1834,2424,2123,84.68,20 Jun 2025
1529,Vellore,vellore_arakkonam,Onion,Local,FAQ,2209,2774,2459,108.95,20 Jun 2026
1530,Vellore,vellore_gudiyatham,Onion,Local,FAQ,1941,2341,2092,109.56,20 Jun 2026
1531,Vellore,vellore_market,Onion,Local,FAQ,1594,2039,1846,165.92,20 Jun 2026
1532,Vellore,vellore_vaniyambadi,Onion,Local,FAQ,1790,2224,1934,105.58,20 Jun 2026
1533,Vellore,vellore_arakkonam,Onion,Local,FAQ,2766,3395,3013,179.36,20 Mar 2025
1534,Vellore,vellore_gudiyatham,Onion,Local,FAQ,2343,3001,2667,169.4,20 Mar 2025
1535,Vellore,vellore_market,Onion,Local,FAQ,2042,2543,2272,298.11,20 Mar 2025
1536,Vellore,vellore_vaniyambadi,Onion,Local,FAQ,2176,2748,2478,173.01,20 Mar 2025
1537,Vellore,vellore_arakkonam,Onion,Local,FAQ,2335,2757,2544,223.33,20 Mar 2026
1538,Vellore,vellore_gudiyatham,Onion,Local,FAQ,2320,2927,2586,175.93,20 Mar 2026
1539,Vellore,vellore_market,Onion,Local,FAQ,2455,3055,2804,186.94,20 Mar 2026
1540,Vellore,vellore_vaniyambadi,Onion,Local,FAQ,2396,2976,2716,114.53,20 Mar 2026
1541,Vellore,vellore_arakkonam,Onion,Local,FAQ,1995,2329,2166,172.57,20 May 2025
1542,Vellore,vellore_gudiyatham,Onion,Local,FAQ,2378,2942,2644,96.37,20 May 2025
1543,Vellore,vellore_market,Onion,Local,FAQ,2101,2602,2360,134.44,20 May 2025
1544,Vellore,vellore_vaniyambadi,Onion,Local,FAQ,2206,2721,2376,108.42,20 May 2025
1545,Vellore,vellore_arakkonam,Onion,Local,FAQ,2301,2832,2524,141.31,20 May 2026
1546,Vellore,vellore_gudiyatham,Onion,Local,FAQ,2276,2816,2544,99.78,20 May 2026
1547,Vellore,vellore_market,Onion,Local,FAQ,2154,2645,2390,135.24,20 May 2026
1548,Vellore,vellore_vaniyambadi,Onion,Local,FAQ,1972,2469,2153,108.46,20 May 2026
1549,Vellore,vellore_arakkonam,Onion,Local,FAQ,1825,2376,2107,204.65,20 Nov 2025
1550,Vellore,vellore_gudiyatham,Onion,Local,FAQ,2108,2624,2359,153.71,20 Nov 2025
1551,Vellore,vellore_market,Onion,Local,FAQ,2021,2485,2256,137.24,20 Nov 2025
1552,Vellore,vellore_vaniyambadi,Onion,Local,FAQ,1726,2190,1955,138.61,20 Nov 2025
1553,Vellore,vellore_arakkonam,Onion,Local,FAQ,1442,1781,1612,257.03,20 Oct 2025
1554,Vellore,vellore_gudiyatham,Onion,Local,FAQ,1955,2352,2153,109.84,20 Oct 2025
1555,Vellore,vellore_market,Onion,Local,FAQ,1842,2190,1983,152.97,20 Oct 2025
1556,Vellore,vellore_vaniyambadi,Onion,Local,FAQ,1487,1870,1663,149.03,20 Oct 2025
1557,Vellore,vellore_arakkonam,Onion,Local,FAQ,1460,1734,1601,183.6,20 Sep 2025
1558,Vellore,vellore_gudiyatham,Onion,Local,FAQ,1436,1781,1638,131.66,20 Sep 2025
1559,Vellore,vellore_market,Onion,Local,FAQ,1778,2209,1980,93.13,20 Sep 2025
1560,Vellore,vellore_vaniyambadi,Onion,Local,FAQ,1714,2014,1853,94.06,20 Sep 2025
1561,Vellore,vellore_arakkonam,Onion,Local,FAQ,2340,3033,2685,151.99,21 Apr 2025
1562,Vellore,vellore_gudiyatham,Onion,Local,FAQ,2708,3187,2962,98.4,21 Apr 2025
1563,Vellore,vellore_market,Onion,Local,FAQ,2484,2997,2695,136.26,21 Apr 2025
1564,Vellore,vellore_vaniyambadi,Onion,Local,FAQ,2307,2875,2670,129.76,21 Apr 2025
1565,Vellore,vellore_arakkonam,Onion,Local,FAQ,2205,2822,2524,202.06,21 Apr 2026
1566,Vellore,vellore_gudiyatham,Onion,Local,FAQ,1898,2405,2161,190.7,21 Apr 2026
1567,Vellore,vellore_market,Onion,Local,FAQ,2186,2654,2440,195.31,21 Apr 2026
1568,Vellore,vellore_vaniyambadi,Onion,Local,FAQ,2539,3249,2854,107.48,21 Apr 2026
1569,Vellore,vellore_arakkonam,Onion,Local,FAQ,1430,1783,1612,185.47,21 Aug 2025
1570,Vellore,vellore_gudiyatham,Onion,Local,FAQ,1355,1711,1557,135.35,21 Aug 2025
1571,Vellore,vellore_market,Onion,Local,FAQ,1888,2380,2072,78.99,21 Aug 2025
1572,Vellore,vellore_vaniyambadi,Onion,Local,FAQ,1596,2046,1818,87.01,21 Aug 2025
1573,Vellore,vellore_arakkonam,Onion,Local,FAQ,2067,2654,2310,272.15,21 Dec 2025
1574,Vellore,vellore_gudiyatham,Onion,Local,FAQ,2184,2562,2393,155.0,21 Dec 2025
1575,Vellore,vellore_market,Onion,Local,FAQ,2552,3186,2912,126.59,21 Dec 2025
1576,Vellore,vellore_vaniyambadi,Onion,Local,FAQ,2171,2607,2349,121.99,21 Dec 2025
1577,Vellore,vellore_arakkonam,Onion,Local,FAQ,2401,3142,2740,254.46,21 Feb 2025
1578,Vellore,vellore_gudiyatham,Onion,Local,FAQ,2512,3114,2802,163.11,21 Feb 2025
1579,Vellore,vellore_market,Onion,Local,FAQ,2469,3128,2806,174.81,21 Feb 2025
1580,Vellore,vellore_vaniyambadi,Onion,Local,FAQ,2751,3412,3057,98.3,21 Feb 2025
1581,Vellore,vellore_arakkonam,Onion,Local,FAQ,2454,2954,2719,195.14,21 Feb 2026
1582,Vellore,vellore_gudiyatham,Onion,Local,FAQ,2347,3090,2710,154.78,21 Feb 2026
1583,Vellore,vellore_market,Onion,Local,FAQ,2635,3110,2848,163.23,21 Feb 2026
1584,Vellore,vellore_vaniyambadi,Onion,Local,FAQ,2346,2775,2586,171.25,21 Feb 2026
1585,Vellore,vellore_arakkonam,Onion,Local,FAQ,2141,2738,2483,265.81,21 Jan 2025
1586,Vellore,vellore_gudiyatham,Onion,Local,FAQ,2742,3361,3068,108.02,21 Jan 2025
1587,Vellore,vellore_market,Onion,Local,FAQ,2590,3174,2824,181.07,21 Jan 2025
1588,Vellore,vellore_vaniyambadi,Onion,Local,FAQ,2029,2392,2183,212.06,21 Jan 2025
1589,Vellore,vellore_arakkonam,Onion,Local,FAQ,2600,3220,2806,166.16,21 Jan 2026
1590,Vellore,vellore_gudiyatham,Onion,Local,FAQ,2132,2652,2351,214.06,21 Jan 2026
1591,Vellore,vellore_market,Onion,Local,FAQ,1976,2557,2273,236.22,21 Jan 2026
1592,Vellore,vellore_vaniyambadi,Onion,Local,FAQ,2125,2471,2305,177.18,21 Jan 2026
1593,Vellore,vellore_arakkonam,Onion,Local,FAQ,1855,2321,2089,126.63,21 Jul 2025
1594,Vellore,vellore_gudiyatham,Onion,Local,FAQ,1616,1958,1788,129.1,21 Jul 2025
1595,Vellore,vellore_market,Onion,Local,FAQ,1524,1982,1745,139.3,21 Jul 2025
1596,Vellore,vellore_vaniyambadi,Onion,Local,FAQ,1570,2070,1819,93.38,21 Jul 2025
1597,Vellore,vellore_arakkonam,Onion,Local,FAQ,1878,2332,2117,119.46,21 Jul 2026
1598,Vellore,vellore_gudiyatham,Onion,Local,FAQ,1571,1867,1710,123.8,21 Jul 2026
1599,Vellore,vellore_market,Onion,Local,FAQ,1893,2338,2176,82.3,21 Jul 2026
1600,Vellore,vellore_vaniyambadi,Onion,Local,FAQ,1992,2592,2289,64.4,21 Jul 2026
1601,Vellore,vellore_arakkonam,Onion,Local,FAQ,1827,2336,2070,156.05,21 Jun 2025
1602,Vellore,vellore_gudiyatham,Onion,Local,FAQ,2111,2622,2367,78.67,21 Jun 2025
1603,Vellore,vellore_market,Onion,Local,FAQ,1876,2326,2050,149.72,21 Jun 2025
1604,Vellore,vellore_vaniyambadi,Onion,Local,FAQ,1949,2369,2143,85.65,21 Jun 2025
1605,Vellore,vellore_arakkonam,Onion,Local,FAQ,1866,2327,2120,161.1,21 Jun 2026
1606,Vellore,vellore_gudiyatham,Onion,Local,FAQ,1783,2114,1949,113.09,21 Jun 2026
1607,Vellore,vellore_market,Onion,Local,FAQ,2139,2568,2372,107.5,21 Jun 2026
1608,Vellore,vellore_vaniyambadi,Onion,Local,FAQ,1644,2088,1852,110.88,21 Jun 2026
1609,Vellore,vellore_arakkonam,Onion,Local,FAQ,2539,3166,2857,206.63,21 Mar 2025
1610,Vellore,vellore_gudiyatham,Onion,Local,FAQ,2496,3178,2871,139.4,21 Mar 2025
1611,Vellore,vellore_market,Onion,Local,FAQ,2769,3451,3028,144.51,21 Mar 2025
1612,Vellore,vellore_vaniyambadi,Onion,Local,FAQ,2317,2868,2652,141.62,21 Mar 2025
1613,Vellore,vellore_arakkonam,Onion,Local,FAQ,2545,3251,2866,164.44,21 Mar 2026
1614,Vellore,vellore_gudiyatham,Onion,Local,FAQ,2061,2625,2387,213.58,21 Mar 2026
1615,Vellore,vellore_market,Onion,Local,FAQ,2430,2963,2670,194.48,21 Mar 2026
1616,Vellore,vellore_vaniyambadi,Onion,Local,FAQ,2184,2662,2403,146.43,21 Mar 2026
1617,Vellore,vellore_arakkonam,Onion,Local,FAQ,2017,2406,2244,183.93,21 May 2025
1618,Vellore,vellore_gudiyatham,Onion,Local,FAQ,1859,2303,2147,160.29,21 May 2025
1619,Vellore,vellore_market,Onion,Local,FAQ,1866,2239,2064,177.28,21 May 2025
1620,Vellore,vellore_vaniyambadi,Onion,Local,FAQ,2498,3044,2797,78.77,21 May 2025
1621,Vellore,vellore_arakkonam,Onion,Local,FAQ,2300,2740,2475,160.54,21 May 2026
1622,Vellore,vellore_gudiyatham,Onion,Local,FAQ,2500,3136,2835,72.51,21 May 2026
1623,Vellore,vellore_market,Onion,Local,FAQ,1976,2499,2278,162.06,21 May 2026
1624,Vellore,vellore_vaniyambadi,Onion,Local,FAQ,2307,2868,2524,81.46,21 May 2026
1625,Vellore,vellore_arakkonam,Onion,Local,FAQ,1668,2066,1859,275.63,21 Nov 2025
1626,Vellore,vellore_gudiyatham,Onion,Local,FAQ,2018,2509,2306,155.97,21 Nov 2025
1627,Vellore,vellore_market,Onion,Local,FAQ,1854,2305,2090,167.93,21 Nov 2025
1628,Vellore,vellore_vaniyambadi,Onion,Local,FAQ,2535,3110,2752,67.71,21 Nov 2025
1629,Vellore,vellore_arakkonam,Onion,Local,FAQ,1640,1989,1832,171.23,21 Oct 2025
1630,Vellore,vellore_gudiyatham,Onion,Local,FAQ,1956,2303,2117,115.55,21 Oct 2025
1631,Vellore,vellore_market,Onion,Local,FAQ,1971,2392,2136,124.47,21 Oct 2025
1632,Vellore,vellore_vaniyambadi,Onion,Local,FAQ,1578,1924,1708,128.85,21 Oct 2025
1633,Vellore,vellore_arakkonam,Onion,Local,FAQ,1683,1990,1857,128.08,21 Sep 2025
1634,Vellore,vellore_gudiyatham,Onion,Local,FAQ,1478,1929,1703,106.36,21 Sep 2025
1635,Vellore,vellore_market,Onion,Local,FAQ,1527,1915,1705,131.42,21 Sep 2025
1636,Vellore,vellore_vaniyambadi,Onion,Local,FAQ,1442,1820,1635,137.33,21 Sep 2025
1637,Vellore,vellore_arakkonam,Onion,Local,FAQ,2461,3014,2648,152.94,22 Apr 2025
1638,Vellore,vellore_gudiyatham,Onion,Local,FAQ,2491,3278,2865,111.19,22 Apr 2025
1639,Vellore,vellore_market,Onion,Local,FAQ,2417,2995,2777,132.74,22 Apr 2025
1640,Vellore,vellore_vaniyambadi,Onion,Local,FAQ,2739,3347,3011,99.32,22 Apr 2025
1641,Vellore,vellore_arakkonam,Onion,Local,FAQ,2310,2967,2685,183.18,22 Apr 2026
1642,Vellore,vellore_gudiyatham,Onion,Local,FAQ,2283,2843,2559,124.65,22 Apr 2026
1643,Vellore,vellore_market,Onion,Local,FAQ,2344,2886,2591,160.69,22 Apr 2026
1644,Vellore,vellore_vaniyambadi,Onion,Local,FAQ,2526,3161,2872,98.27,22 Apr 2026
1645,Vellore,vellore_arakkonam,Onion,Local,FAQ,1639,2019,1860,125.87,22 Aug 2025
1646,Vellore,vellore_gudiyatham,Onion,Local,FAQ,1650,2071,1894,85.81,22 Aug 2025
1647,Vellore,vellore_market,Onion,Local,FAQ,1335,1662,1551,146.81,22 Aug 2025
1648,Vellore,vellore_vaniyambadi,Onion,Local,FAQ,1528,1900,1759,92.96,22 Aug 2025
1649,Vellore,vellore_arakkonam,Onion,Local,FAQ,2103,2570,2313,260.28,22 Dec 2025
1650,Vellore,vellore_gudiyatham,Onion,Local,FAQ,2163,2757,2492,147.47,22 Dec 2025
1651,Vellore,vellore_market,Onion,Local,FAQ,2534,3027,2806,140.08,22 Dec 2025
1652,Vellore,vellore_vaniyambadi,Onion,Local,FAQ,2216,2834,2533,109.23,22 Dec 2025
1653,Vellore,vellore_arakkonam,Onion,Local,FAQ,2913,3651,3294,157.05,22 Feb 2025
1654,Vellore,vellore_gudiyatham,Onion,Local,FAQ,2533,3112,2868,135.93,22 Feb 2025
1655,Vellore,vellore_market,Onion,Local,FAQ,2489,3083,2867,169.81,22 Feb 2025
1656,Vellore,vellore_vaniyambadi,Onion,Local,FAQ,2351,2907,2566,166.54,22 Feb 2025
1657,Vellore,vellore_arakkonam,Onion,Local,FAQ,2714,3348,2988,150.61,22 Feb 2026
1658,Vellore,vellore_gudiyatham,Onion,Local,FAQ,2378,2959,2651,163.87,22 Feb 2026
1659,Vellore,vellore_market,Onion,Local,FAQ,2363,2962,2584,188.8,22 Feb 2026
1660,Vellore,vellore_vaniyambadi,Onion,Local,FAQ,2785,3384,3004,139.85,22 Feb 2026
1661,Vellore,vellore_arakkonam,Onion,Local,FAQ,2520,3127,2795,207.62,22 Jan 2025
1662,Vellore,vellore_gudiyatham,Onion,Local,FAQ,2186,2721,2453,195.84,22 Jan 2025
1663,Vellore,vellore_market,Onion,Local,FAQ,2333,2982,2696,187.97,22 Jan 2025
1664,Vellore,vellore_vaniyambadi,Onion,Local,FAQ,2209,2908,2537,145.39,22 Jan 2025
1665,Vellore,vellore_arakkonam,Onion,Local,FAQ,2412,2964,2704,171.22,22 Jan 2026
1666,Vellore,vellore_gudiyatham,Onion,Local,FAQ,1908,2273,2058,282.51,22 Jan 2026
1667,Vellore,vellore_market,Onion,Local,FAQ,2313,2822,2637,156.92,22 Jan 2026
1668,Vellore,vellore_vaniyambadi,Onion,Local,FAQ,2255,2674,2457,168.27,22 Jan 2026
1669,Vellore,vellore_arakkonam,Onion,Local,FAQ,1683,2052,1822,166.26,22 Jul 2025
1670,Vellore,vellore_gudiyatham,Onion,Local,FAQ,1750,2171,1975,97.0,22 Jul 2025
1671,Vellore,vellore_market,Onion,Local,FAQ,1647,1996,1783,127.6,22 Jul 2025
1672,Vellore,vellore_vaniyambadi,Onion,Local,FAQ,1642,2135,1868,89.75,22 Jul 2025
1673,Vellore,vellore_arakkonam,Onion,Local,FAQ,1907,2525,2203,107.76,22 Jul 2026
1674,Vellore,vellore_gudiyatham,Onion,Local,FAQ,2152,2529,2357,58.78,22 Jul 2026
1675,Vellore,vellore_market,Onion,Local,FAQ,1708,2199,1942,108.27,22 Jul 2026
1676,Vellore,vellore_vaniyambadi,Onion,Local,FAQ,2162,2624,2385,61.96,22 Jul 2026
1677,Vellore,vellore_arakkonam,Onion,Local,FAQ,2095,2504,2258,133.03,22 Jun 2025
1678,Vellore,vellore_gudiyatham,Onion,Local,FAQ,2106,2531,2358,85.14,22 Jun 2025
1679,Vellore,vellore_market,Onion,Local,FAQ,2005,2597,2264,119.31,22 Jun 2025
1680,Vellore,vellore_vaniyambadi,Onion,Local,FAQ,2023,2614,2306,72.65,22 Jun 2025
1681,Vellore,vellore_arakkonam,Onion,Local,FAQ,1896,2385,2093,162.98,22 Jun 2026
1682,Vellore,vellore_gudiyatham,Onion,Local,FAQ,1812,2161,1951,105.22,22 Jun 2026
1683,Vellore,vellore_market,Onion,Local,FAQ,1889,2327,2111,144.95,22 Jun 2026
1684,Vellore,vellore_vaniyambadi,Onion,Local,FAQ,2053,2583,2254,69.52,22 Jun 2026
1685,Vellore,vellore_arakkonam,Onion,Local,FAQ,2636,3069,2845,185.05,22 Mar 2025
1686,Vellore,vellore_gudiyatham,Onion,Local,FAQ,2123,2565,2389,214.62,22 Mar 2025
1687,Vellore,vellore_market,Onion,Local,FAQ,2018,2539,2344,244.17,22 Mar 2025
1688,Vellore,vellore_vaniyambadi,Onion,Local,FAQ,2613,3182,2833,130.58,22 Mar 2025
1689,Vellore,vellore_arakkonam,Onion,Local,FAQ,2397,3064,2731,178.71,22 Mar 2026
1690,Vellore,vellore_gudiyatham,Onion,Local,FAQ,2696,3135,2920,149.35,22 Mar 2026
1691,Vellore,vellore_market,Onion,Local,FAQ,2400,3033,2785,165.69,22 Mar 2026
1692,Vellore,vellore_vaniyambadi,Onion,Local,FAQ,2145,2651,2343,151.06,22 Mar 2026
1693,Vellore,vellore_arakkonam,Onion,Local,FAQ,2164,2645,2459,134.79,22 May 2025
1694,Vellore,vellore_gudiyatham,Onion,Local,FAQ,1882,2302,2079,160.33,22 May 2025
1695,Vellore,vellore_market,Onion,Local,FAQ,2047,2638,2303,137.56,22 May 2025
1696,Vellore,vellore_vaniyambadi,Onion,Local,FAQ,2663,3289,2990,65.26,22 May 2025
1697,Vellore,vellore_arakkonam,Onion,Local,FAQ,2247,2763,2482,167.1,22 May 2026
1698,Vellore,vellore_gudiyatham,Onion,Local,FAQ,2151,2666,2445,96.11,22 May 2026
1699,Vellore,vellore_market,Onion,Local,FAQ,1887,2481,2187,194.99,22 May 2026
1700,Vellore,vellore_vaniyambadi,Onion,Local,FAQ,2005,2503,2302,92.42,22 May 2026
1701,Vellore,vellore_arakkonam,Onion,Local,FAQ,1946,2330,2137,201.53,22 Nov 2025
1702,Vellore,vellore_gudiyatham,Onion,Local,FAQ,1972,2455,2139,181.6,22 Nov 2025
1703,Vellore,vellore_market,Onion,Local,FAQ,1727,2152,1978,183.17,22 Nov 2025
1704,Vellore,vellore_vaniyambadi,Onion,Local,FAQ,2031,2422,2263,108.76,22 Nov 2025
1705,Vellore,vellore_arakkonam,Onion,Local,FAQ,1652,2029,1868,154.43,22 Oct 2025
1706,Vellore,vellore_gudiyatham,Onion,Local,FAQ,1606,1953,1785,165.35,22 Oct 2025
1707,Vellore,vellore_market,Onion,Local,FAQ,1884,2259,2040,129.2,22 Oct 2025
1708,Vellore,vellore_vaniyambadi,Onion,Local,FAQ,1480,1836,1672,138.23,22 Oct 2025
1709,Vellore,vellore_arakkonam,Onion,Local,FAQ,1687,2059,1827,139.78,22 Sep 2025
1710,Vellore,vellore_gudiyatham,Onion,Local,FAQ,1499,1839,1695,118.17,22 Sep 2025
1711,Vellore,vellore_market,Onion,Local,FAQ,1345,1624,1506,183.08,22 Sep 2025
1712,Vellore,vellore_vaniyambadi,Onion,Local,FAQ,1559,1940,1758,114.52,22 Sep 2025
1713,Vellore,vellore_arakkonam,Onion,Local,FAQ,2115,2811,2457,181.35,23 Apr 2025
1714,Vellore,vellore_gudiyatham,Onion,Local,FAQ,2531,3322,2893,110.15,23 Apr 2025
1715,Vellore,vellore_market,Onion,Local,FAQ,2081,2542,2258,230.69,23 Apr 2025
1716,Vellore,vellore_vaniyambadi,Onion,Local,FAQ,2079,2463,2243,163.05,23 Apr 2025
1717,Vellore,vellore_arakkonam,Onion,Local,FAQ,2209,2756,2401,235.16,23 Apr 2026
1718,Vellore,vellore_gudiyatham,Onion,Local,FAQ,2499,3132,2835,98.17,23 Apr 2026
1719,Vellore,vellore_market,Onion,Local,FAQ,2196,2725,2456,168.23,23 Apr 2026
1720,Vellore,vellore_vaniyambadi,Onion,Local,FAQ,2214,2845,2505,128.06,23 Apr 2026
1721,Vellore,vellore_arakkonam,Onion,Local,FAQ,1667,2094,1834,145.21,23 Aug 2025
1722,Vellore,vellore_gudiyatham,Onion,Local,FAQ,1430,1695,1568,132.48,23 Aug 2025
1723,Vellore,vellore_market,Onion,Local,FAQ,1620,1956,1782,105.17,23 Aug 2025
1724,Vellore,vellore_vaniyambadi,Onion,Local,FAQ,1648,2140,1866,78.69,23 Aug 2025
1725,Vellore,vellore_arakkonam,Onion,Local,FAQ,1938,2370,2178,292.75,23 Dec 2025
1726,Vellore,vellore_gudiyatham,Onion,Local,FAQ,2038,2500,2301,175.34,23 Dec 2025
1727,Vellore,vellore_market,Onion,Local,FAQ,2073,2700,2374,231.41,23 Dec 2025
1728,Vellore,vellore_vaniyambadi,Onion,Local,FAQ,2066,2638,2336,132.05,23 Dec 2025
1729,Vellore,vellore_arakkonam,Onion,Local,FAQ,2585,3277,2869,204.59,23 Feb 2025
1730,Vellore,vellore_gudiyatham,Onion,Local,FAQ,2369,2879,2661,182.7,23 Feb 2025
1731,Vellore,vellore_market,Onion,Local,FAQ,2567,3095,2862,175.92,23 Feb 2025
1732,Vellore,vellore_vaniyambadi,Onion,Local,FAQ,2779,3264,2991,121.13,23 Feb 2025
1733,Vellore,vellore_arakkonam,Onion,Local,FAQ,2657,3119,2883,159.18,23 Feb 2026
1734,Vellore,vellore_gudiyatham,Onion,Local,FAQ,2645,3076,2849,164.52,23 Feb 2026
1735,Vellore,vellore_market,Onion,Local,FAQ,2251,2699,2506,189.71,23 Feb 2026
1736,Vellore,vellore_vaniyambadi,Onion,Local,FAQ,2170,2505,2334,235.76,23 Feb 2026
1737,Vellore,vellore_arakkonam,Onion,Local,FAQ,2250,2895,2588,235.64,23 Jan 2025
1738,Vellore,vellore_gudiyatham,Onion,Local,FAQ,2441,3159,2764,147.2,23 Jan 2025
1739,Vellore,vellore_market,Onion,Local,FAQ,2084,2498,2274,303.36,23 Jan 2025
1740,Vellore,vellore_vaniyambadi,Onion,Local,FAQ,2571,3073,2869,117.21,23 Jan 2025
1741,Vellore,vellore_arakkonam,Onion,Local,FAQ,1765,2178,1970,336.76,23 Jan 2026
1742,Vellore,vellore_gudiyatham,Onion,Local,FAQ,2529,3361,2939,130.86,23 Jan 2026
1743,Vellore,vellore_market,Onion,Local,FAQ,2075,2602,2321,220.8,23 Jan 2026
1744,Vellore,vellore_vaniyambadi,Onion,Local,FAQ,2540,3061,2750,135.79,23 Jan 2026
1745,Vellore,vellore_arakkonam,Onion,Local,FAQ,2177,2697,2347,95.18,23 Jul 2025
1746,Vellore,vellore_gudiyatham,Onion,Local,FAQ,1711,2178,1927,110.41,23 Jul 2025
1747,Vellore,vellore_market,Onion,Local,FAQ,1429,1779,1610,150.91,23 Jul 2025
1748,Vellore,vellore_vaniyambadi,Onion,Local,FAQ,1943,2493,2195,57.6,23 Jul 2025
1749,Vellore,vellore_arakkonam,Onion,Local,FAQ,1879,2450,2131,112.12,23 Jul 2026
1750,Vellore,vellore_gudiyatham,Onion,Local,FAQ,1742,2176,1912,90.27,23 Jul 2026
1751,Vellore,vellore_market,Onion,Local,FAQ,1609,1984,1827,108.59,23 Jul 2026
1752,Vellore,vellore_vaniyambadi,Onion,Local,FAQ,1993,2412,2170,73.73,23 Jul 2026
1753,Vellore,vellore_arakkonam,Onion,Local,FAQ,1852,2401,2124,141.31,23 Jun 2025
1754,Vellore,vellore_gudiyatham,Onion,Local,FAQ,2106,2487,2299,84.39,23 Jun 2025
1755,Vellore,vellore_market,Onion,Local,FAQ,1810,2267,1976,155.38,23 Jun 2025
1756,Vellore,vellore_vaniyambadi,Onion,Local,FAQ,1926,2490,2206,78.44,23 Jun 2025
1757,Vellore,vellore_arakkonam,Onion,Local,FAQ,2150,2742,2389,106.32,23 Jun 2026
1758,Vellore,vellore_gudiyatham,Onion,Local,FAQ,1845,2280,2091,96.64,23 Jun 2026
1759,Vellore,vellore_market,Onion,Local,FAQ,1954,2501,2230,116.62,23 Jun 2026
1760,Vellore,vellore_vaniyambadi,Onion,Local,FAQ,1573,1944,1792,117.48,23 Jun 2026
1761,Vellore,vellore_arakkonam,Onion,Local,FAQ,2505,3201,2808,179.26,23 Mar 2025
1762,Vellore,vellore_gudiyatham,Onion,Local,FAQ,2166,2702,2503,184.4,23 Mar 2025
1763,Vellore,vellore_market,Onion,Local,FAQ,2102,2608,2316,254.39,23 Mar 2025
1764,Vellore,vellore_vaniyambadi,Onion,Local,FAQ,2374,3095,2731,145.09,23 Mar 2025
1765,Vellore,vellore_arakkonam,Onion,Local,FAQ,2387,2845,2658,209.05,23 Mar 2026
1766,Vellore,vellore_gudiyatham,Onion,Local,FAQ,2446,2999,2799,152.14,23 Mar 2026
1767,Vellore,vellore_market,Onion,Local,FAQ,1954,2554,2270,264.23,23 Mar 2026
1768,Vellore,vellore_vaniyambadi,Onion,Local,FAQ,1741,2079,1925,231.11,23 Mar 2026
1769,Vellore,vellore_arakkonam,Onion,Local,FAQ,2442,2888,2684,119.08,23 May 2025
1770,Vellore,vellore_gudiyatham,Onion,Local,FAQ,2095,2526,2292,136.36,23 May 2025
1771,Vellore,vellore_market,Onion,Local,FAQ,2104,2505,2264,152.47,23 May 2025
1772,Vellore,vellore_vaniyambadi,Onion,Local,FAQ,2153,2676,2365,111.67,23 May 2025
1773,Vellore,vellore_arakkonam,Onion,Local,FAQ,2252,2821,2467,160.71,23 May 2026
1774,Vellore,vellore_gudiyatham,Onion,Local,FAQ,1834,2276,2053,154.48,23 May 2026
1775,Vellore,vellore_market,Onion,Local,FAQ,2108,2634,2335,149.08,23 May 2026
1776,Vellore,vellore_vaniyambadi,Onion,Local,FAQ,1863,2292,2024,126.86,23 May 2026
1777,Vellore,vellore_arakkonam,Onion,Local,FAQ,1855,2305,2082,187.93,23 Nov 2025
1778,Vellore,vellore_gudiyatham,Onion,Local,FAQ,2029,2497,2279,152.48,23 Nov 2025
1779,Vellore,vellore_market,Onion,Local,FAQ,1721,2062,1894,200.87,23 Nov 2025
1780,Vellore,vellore_vaniyambadi,Onion,Local,FAQ,2198,2647,2458,99.17,23 Nov 2025
1781,Vellore,vellore_arakkonam,Onion,Local,FAQ,1647,2014,1808,186.44,23 Oct 2025
1782,Vellore,vellore_gudiyatham,Onion,Local,FAQ,2426,3049,2717,68.32,23 Oct 2025
1783,Vellore,vellore_market,Onion,Local,FAQ,1643,2048,1892,174.83,23 Oct 2025
1784,Vellore,vellore_vaniyambadi,Onion,Local,FAQ,1755,2228,2038,100.17,23 Oct 2025
1785,Vellore,vellore_arakkonam,Onion,Local,FAQ,1999,2440,2271,95.65,23 Sep 2025
1786,Vellore,vellore_gudiyatham,Onion,Local,FAQ,1503,1765,1640,129.09,23 Sep 2025
1787,Vellore,vellore_market,Onion,Local,FAQ,1436,1678,1556,166.28,23 Sep 2025
1788,Vellore,vellore_vaniyambadi,Onion,Local,FAQ,1284,1600,1451,161.66,23 Sep 2025
1789,Vellore,vellore_arakkonam,Onion,Local,FAQ,1921,2374,2141,219.98,24 Apr 2025
1790,Vellore,vellore_gudiyatham,Onion,Local,FAQ,2589,3159,2790,108.59,24 Apr 2025
1791,Vellore,vellore_market,Onion,Local,FAQ,1913,2426,2147,262.4,24 Apr 2025
1792,Vellore,vellore_vaniyambadi,Onion,Local,FAQ,2235,2755,2421,132.33,24 Apr 2025
1793,Vellore,vellore_arakkonam,Onion,Local,FAQ,2530,3073,2809,138.96,24 Apr 2026
1794,Vellore,vellore_gudiyatham,Onion,Local,FAQ,2501,3148,2845,109.54,24 Apr 2026
1795,Vellore,vellore_market,Onion,Local,FAQ,2300,2944,2619,143.21,24 Apr 2026
1796,Vellore,vellore_vaniyambadi,Onion,Local,FAQ,2183,2754,2471,127.28,24 Apr 2026
1797,Vellore,vellore_arakkonam,Onion,Local,FAQ,1790,2276,2057,109.51,24 Aug 2025
1798,Vellore,vellore_gudiyatham,Onion,Local,FAQ,1497,1958,1706,105.58,24 Aug 2025
1799,Vellore,vellore_market,Onion,Local,FAQ,1592,1985,1840,101.1,24 Aug 2025
1800,Vellore,vellore_vaniyambadi,Onion,Local,FAQ,1721,2105,1962,71.23,24 Aug 2025
1801,Vellore,vellore_arakkonam,Onion,Local,FAQ,2345,2998,2634,189.45,24 Dec 2025
1802,Vellore,vellore_gudiyatham,Onion,Local,FAQ,2325,2852,2531,142.79,24 Dec 2025
1803,Vellore,vellore_market,Onion,Local,FAQ,2270,2674,2461,225.32,24 Dec 2025
1804,Vellore,vellore_vaniyambadi,Onion,Local,FAQ,2179,2734,2452,118.63,24 Dec 2025
1805,Vellore,vellore_arakkonam,Onion,Local,FAQ,3031,3633,3384,132.84,24 Feb 2025
1806,Vellore,vellore_gudiyatham,Onion,Local,FAQ,2209,2782,2544,197.89,24 Feb 2025
1807,Vellore,vellore_market,Onion,Local,FAQ,2626,3091,2846,200.74,24 Feb 2025
1808,Vellore,vellore_vaniyambadi,Onion,Local,FAQ,1894,2321,2040,300.07,24 Feb 2025
1809,Vellore,vellore_arakkonam,Onion,Local,FAQ,2483,3068,2830,186.37,24 Feb 2026
1810,Vellore,vellore_gudiyatham,Onion,Local,FAQ,2067,2749,2402,221.86,24 Feb 2026
1811,Vellore,vellore_market,Onion,Local,FAQ,2556,3151,2766,158.85,24 Feb 2026
1812,Vellore,vellore_vaniyambadi,Onion,Local,FAQ,2749,3372,3038,127.41,24 Feb 2026
1813,Vellore,vellore_arakkonam,Onion,Local,FAQ,2323,2736,2506,275.02,24 Jan 2025
1814,Vellore,vellore_gudiyatham,Onion,Local,FAQ,2733,3270,3024,108.23,24 Jan 2025
1815,Vellore,vellore_market,Onion,Local,FAQ,2300,2865,2607,210.06,24 Jan 2025
1816,Vellore,vellore_vaniyambadi,Onion,Local,FAQ,2019,2416,2196,210.35,24 Jan 2025
1817,Vellore,vellore_arakkonam,Onion,Local,FAQ,1865,2311,2072,297.42,24 Jan 2026
1818,Vellore,vellore_gudiyatham,Onion,Local,FAQ,2365,2908,2621,184.85,24 Jan 2026
1819,Vellore,vellore_market,Onion,Local,FAQ,2599,3264,2854,138.93,24 Jan 2026
1820,Vellore,vellore_vaniyambadi,Onion,Local,FAQ,2383,3044,2716,150.35,24 Jan 2026
1821,Vellore,vellore_arakkonam,Onion,Local,FAQ,1936,2434,2234,121.21,24 Jul 2025
1822,Vellore,vellore_gudiyatham,Onion,Local,FAQ,1977,2405,2152,90.54,24 Jul 2025
1823,Vellore,vellore_market,Onion,Local,FAQ,1418,1740,1601,138.41,24 Jul 2025
1824,Vellore,vellore_vaniyambadi,Onion,Local,FAQ,1858,2269,2065,70.83,24 Jul 2025
1825,Vellore,vellore_arakkonam,Onion,Local,FAQ,2267,2745,2468,73.26,24 Jul 2026
1826,Vellore,vellore_gudiyatham,Onion,Local,FAQ,2041,2570,2340,54.58,24 Jul 2026
1827,Vellore,vellore_market,Onion,Local,FAQ,1494,1884,1651,131.22,24 Jul 2026
1828,Vellore,vellore_vaniyambadi,Onion,Local,FAQ,1720,2210,1952,100.21,24 Jul 2026
1829,Vellore,vellore_arakkonam,Onion,Local,FAQ,2407,2994,2653,86.75,24 Jun 2025
1830,Vellore,vellore_gudiyatham,Onion,Local,FAQ,1956,2381,2135,89.03,24 Jun 2025
1831,Vellore,vellore_market,Onion,Local,FAQ,1830,2189,2040,130.95,24 Jun 2025
1832,Vellore,vellore_vaniyambadi,Onion,Local,FAQ,1761,2131,1931,98.04,24 Jun 2025
1833,Vellore,vellore_arakkonam,Onion,Local,FAQ,1844,2278,2117,138.59,24 Jun 2026
1834,Vellore,vellore_gudiyatham,Onion,Local,FAQ,1952,2464,2175,88.17,24 Jun 2026
1835,Vellore,vellore_market,Onion,Local,FAQ,2030,2570,2291,110.64,24 Jun 2026
1836,Vellore,vellore_vaniyambadi,Onion,Local,FAQ,2441,3156,2808,39.88,24 Jun 2026
1837,Vellore,vellore_arakkonam,Onion,Local,FAQ,2314,2794,2580,221.83,24 Mar 2025
1838,Vellore,vellore_gudiyatham,Onion,Local,FAQ,2591,3094,2806,136.73,24 Mar 2025
1839,Vellore,vellore_market,Onion,Local,FAQ,2946,3737,3360,117.81,24 Mar 2025
1840,Vellore,vellore_vaniyambadi,Onion,Local,FAQ,2465,2908,2667,149.93,24 Mar 2025
1841,Vellore,vellore_arakkonam,Onion,Local,FAQ,2401,3059,2683,207.59,24 Mar 2026
1842,Vellore,vellore_gudiyatham,Onion,Local,FAQ,2305,2903,2644,161.08,24 Mar 2026
1843,Vellore,vellore_market,Onion,Local,FAQ,2424,2983,2712,182.9,24 Mar 2026
1844,Vellore,vellore_vaniyambadi,Onion,Local,FAQ,2104,2649,2354,159.1,24 Mar 2026
1845,Vellore,vellore_arakkonam,Onion,Local,FAQ,2091,2724,2419,157.84,24 May 2025
1846,Vellore,vellore_gudiyatham,Onion,Local,FAQ,2094,2690,2342,119.74,24 May 2025
1847,Vellore,vellore_market,Onion,Local,FAQ,2223,2829,2538,104.76,24 May 2025
1848,Vellore,vellore_vaniyambadi,Onion,Local,FAQ,2153,2649,2375,104.62,24 May 2025
1849,Vellore,vellore_arakkonam,Onion,Local,FAQ,2343,2945,2607,125.87,24 May 2026
1850,Vellore,vellore_gudiyatham,Onion,Local,FAQ,2065,2547,2268,122.19,24 May 2026
1851,Vellore,vellore_market,Onion,Local,FAQ,1766,2178,1924,216.89,24 May 2026
1852,Vellore,vellore_vaniyambadi,Onion,Local,FAQ,2029,2444,2213,103.25,24 May 2026
1853,Vellore,vellore_arakkonam,Onion,Local,FAQ,1762,2103,1907,225.83,24 Nov 2025
1854,Vellore,vellore_gudiyatham,Onion,Local,FAQ,2045,2470,2243,157.52,24 Nov 2025
1855,Vellore,vellore_market,Onion,Local,FAQ,1951,2334,2163,177.09,24 Nov 2025
1856,Vellore,vellore_vaniyambadi,Onion,Local,FAQ,2014,2466,2216,125.35,24 Nov 2025
1857,Vellore,vellore_arakkonam,Onion,Local,FAQ,1706,2099,1840,158.08,24 Oct 2025
1858,Vellore,vellore_gudiyatham,Onion,Local,FAQ,1706,2183,1960,141.87,24 Oct 2025
1859,Vellore,vellore_market,Onion,Local,FAQ,1554,1923,1730,187.78,24 Oct 2025
1860,Vellore,vellore_vaniyambadi,Onion,Local,FAQ,2002,2401,2211,85.24,24 Oct 2025
1861,Vellore,vellore_arakkonam,Onion,Local,FAQ,1829,2242,2028,118.78,24 Sep 2025
1862,Vellore,vellore_gudiyatham,Onion,Local,FAQ,1685,2074,1817,110.38,24 Sep 2025
1863,Vellore,vellore_market,Onion,Local,FAQ,1448,1766,1633,137.14,24 Sep 2025
1864,Vellore,vellore_vaniyambadi,Onion,Local,FAQ,1464,1877,1700,112.49,24 Sep 2025
1865,Vellore,vellore_arakkonam,Onion,Local,FAQ,2103,2555,2262,193.68,25 Apr 2025
1866,Vellore,vellore_gudiyatham,Onion,Local,FAQ,2064,2520,2338,151.45,25 Apr 2025
1867,Vellore,vellore_market,Onion,Local,FAQ,2655,3090,2860,139.35,25 Apr 2025
1868,Vellore,vellore_vaniyambadi,Onion,Local,FAQ,2280,2810,2561,116.94,25 Apr 2025
1869,Vellore,vellore_arakkonam,Onion,Local,FAQ,2717,3346,2992,139.25,25 Apr 2026
1870,Vellore,vellore_gudiyatham,Onion,Local,FAQ,2184,2745,2476,146.21,25 Apr 2026
1871,Vellore,vellore_market,Onion,Local,FAQ,1991,2502,2259,195.63,25 Apr 2026
1872,Vellore,vellore_vaniyambadi,Onion,Local,FAQ,2157,2742,2428,126.15,25 Apr 2026
1873,Vellore,vellore_arakkonam,Onion,Local,FAQ,1836,2158,2004,124.77,25 Aug 2025
1874,Vellore,vellore_gudiyatham,Onion,Local,FAQ,1557,1915,1761,103.27,25 Aug 2025
1875,Vellore,vellore_market,Onion,Local,FAQ,1404,1762,1603,131.59,25 Aug 2025
1876,Vellore,vellore_vaniyambadi,Onion,Local,FAQ,1797,2206,1966,77.27,25 Aug 2025
1877,Vellore,vellore_arakkonam,Onion,Local,FAQ,2256,2880,2556,207.18,25 Dec 2025
1878,Vellore,vellore_gudiyatham,Onion,Local,FAQ,2111,2678,2376,177.82,25 Dec 2025
1879,Vellore,vellore_market,Onion,Local,FAQ,2582,3256,2837,154.15,25 Dec 2025
1880,Vellore,vellore_vaniyambadi,Onion,Local,FAQ,1877,2370,2084,164.27,25 Dec 2025
1881,Vellore,vellore_arakkonam,Onion,Local,FAQ,3063,3816,3390,133.13,25 Feb 2025
1882,Vellore,vellore_gudiyatham,Onion,Local,FAQ,2477,3131,2750,155.84,25 Feb 2025
1883,Vellore,vellore_market,Onion,Local,FAQ,2666,3303,2952,213.78,25 Feb 2025
1884,Vellore,vellore_vaniyambadi,Onion,Local,FAQ,2428,3032,2710,144.83,25 Feb 2025
1885,Vellore,vellore_arakkonam,Onion,Local,FAQ,2458,3143,2787,202.48,25 Feb 2026
1886,Vellore,vellore_gudiyatham,Onion,Local,FAQ,2460,2970,2663,205.8,25 Feb 2026
1887,Vellore,vellore_market,Onion,Local,FAQ,2206,2711,2432,232.75,25 Feb 2026
1888,Vellore,vellore_vaniyambadi,Onion,Local,FAQ,3093,3794,3487,91.22,25 Feb 2026
1889,Vellore,vellore_arakkonam,Onion,Local,FAQ,2474,2964,2748,216.34,25 Jan 2025
1890,Vellore,vellore_gudiyatham,Onion,Local,FAQ,1999,2509,2184,248.69,25 Jan 2025
1891,Vellore,vellore_market,Onion,Local,FAQ,2485,3089,2817,191.04,25 Jan 2025
1892,Vellore,vellore_vaniyambadi,Onion,Local,FAQ,2331,2818,2611,137.08,25 Jan 2025
1893,Vellore,vellore_arakkonam,Onion,Local,FAQ,2065,2616,2285,250.57,25 Jan 2026
1894,Vellore,vellore_gudiyatham,Onion,Local,FAQ,2543,3169,2788,167.74,25 Jan 2026
1895,Vellore,vellore_market,Onion,Local,FAQ,2652,3176,2907,138.49,25 Jan 2026
1896,Vellore,vellore_vaniyambadi,Onion,Local,FAQ,2660,3432,3003,121.11,25 Jan 2026
1897,Vellore,vellore_arakkonam,Onion,Local,FAQ,1837,2223,1981,164.03,25 Jul 2025
1898,Vellore,vellore_gudiyatham,Onion,Local,FAQ,1873,2340,2058,94.18,25 Jul 2025
1899,Vellore,vellore_market,Onion,Local,FAQ,1549,1858,1725,103.33,25 Jul 2025
1900,Vellore,vellore_vaniyambadi,Onion,Local,FAQ,1636,2088,1830,88.48,25 Jul 2025
1901,Vellore,vellore_arakkonam,Onion,Local,FAQ,1952,2332,2100,103.74,25 Jul 2026
1902,Vellore,vellore_gudiyatham,Onion,Local,FAQ,2145,2735,2418,55.24,25 Jul 2026
1903,Vellore,vellore_market,Onion,Local,FAQ,1595,1866,1742,115.65,25 Jul 2026
1904,Vellore,vellore_vaniyambadi,Onion,Local,FAQ,2077,2595,2299,72.35,25 Jul 2026
1905,Vellore,vellore_arakkonam,Onion,Local,FAQ,2145,2640,2311,120.55,25 Jun 2025
1906,Vellore,vellore_gudiyatham,Onion,Local,FAQ,1906,2353,2072,96.23,25 Jun 2025
1907,Vellore,vellore_market,Onion,Local,FAQ,2034,2448,2252,108.49,25 Jun 2025
1908,Vellore,vellore_vaniyambadi,Onion,Local,FAQ,2139,2607,2430,64.4,25 Jun 2025
1909,Vellore,vellore_arakkonam,Onion,Local,FAQ,2365,2877,2593,83.76,25 Jun 2026
1910,Vellore,vellore_gudiyatham,Onion,Local,FAQ,1913,2352,2088,108.11,25 Jun 2026
1911,Vellore,vellore_market,Onion,Local,FAQ,1825,2387,2086,136.31,25 Jun 2026
1912,Vellore,vellore_vaniyambadi,Onion,Local,FAQ,2138,2715,2446,61.14,25 Jun 2026
1913,Vellore,vellore_arakkonam,Onion,Local,FAQ,2291,2856,2500,245.64,25 Mar 2025
1914,Vellore,vellore_gudiyatham,Onion,Local,FAQ,1862,2348,2132,246.94,25 Mar 2025
1915,Vellore,vellore_market,Onion,Local,FAQ,2697,3312,3006,147.45,25 Mar 2025
1916,Vellore,vellore_vaniyambadi,Onion,Local,FAQ,2414,2918,2640,149.88,25 Mar 2025
1917,Vellore,vellore_arakkonam,Onion,Local,FAQ,2674,3329,2998,154.35,25 Mar 2026
1918,Vellore,vellore_gudiyatham,Onion,Local,FAQ,2569,3291,2967,119.92,25 Mar 2026
1919,Vellore,vellore_market,Onion,Local,FAQ,2637,3210,2960,138.54,25 Mar 2026
1920,Vellore,vellore_vaniyambadi,Onion,Local,FAQ,2282,2680,2474,152.11,25 Mar 2026
1921,Vellore,vellore_arakkonam,Onion,Local,FAQ,1974,2433,2267,163.27,25 May 2025
1922,Vellore,vellore_gudiyatham,Onion,Local,FAQ,2049,2507,2324,129.99,25 May 2025
1923,Vellore,vellore_market,Onion,Local,FAQ,1872,2371,2067,157.56,25 May 2025
1924,Vellore,vellore_vaniyambadi,Onion,Local,FAQ,1932,2269,2078,132.57,25 May 2025
1925,Vellore,vellore_arakkonam,Onion,Local,FAQ,2423,2891,2615,107.97,25 May 2026
1926,Vellore,vellore_gudiyatham,Onion,Local,FAQ,2021,2470,2229,132.0,25 May 2026
1927,Vellore,vellore_market,Onion,Local,FAQ,1921,2328,2167,160.88,25 May 2026
1928,Vellore,vellore_vaniyambadi,Onion,Local,FAQ,1842,2311,2108,130.77,25 May 2026
1929,Vellore,vellore_arakkonam,Onion,Local,FAQ,2187,2700,2386,143.71,25 Nov 2025
1930,Vellore,vellore_gudiyatham,Onion,Local,FAQ,1876,2331,2034,179.09,25 Nov 2025
1931,Vellore,vellore_market,Onion,Local,FAQ,1608,2039,1811,282.37,25 Nov 2025
1932,Vellore,vellore_vaniyambadi,Onion,Local,FAQ,1569,1974,1808,197.72,25 Nov 2025
1933,Vellore,vellore_arakkonam,Onion,Local,FAQ,1552,1808,1683,178.38,25 Oct 2025
1934,Vellore,vellore_gudiyatham,Onion,Local,FAQ,2113,2544,2288,105.83,25 Oct 2025
1935,Vellore,vellore_market,Onion,Local,FAQ,1584,1871,1725,191.72,25 Oct 2025
1936,Vellore,vellore_vaniyambadi,Onion,Local,FAQ,1690,2073,1935,118.06,25 Oct 2025
1937,Vellore,vellore_arakkonam,Onion,Local,FAQ,1613,1869,1746,141.76,25 Sep 2025
1938,Vellore,vellore_gudiyatham,Onion,Local,FAQ,1380,1722,1551,167.44,25 Sep 2025
1939,Vellore,vellore_market,Onion,Local,FAQ,1468,1804,1593,142.98,25 Sep 2025
1940,Vellore,vellore_vaniyambadi,Onion,Local,FAQ,1652,2059,1807,103.03,25 Sep 2025
1941,Vellore,vellore_arakkonam,Onion,Local,FAQ,2286,2821,2512,150.82,26 Apr 2025
1942,Vellore,vellore_gudiyatham,Onion,Local,FAQ,2137,2630,2368,155.39,26 Apr 2025
1943,Vellore,vellore_market,Onion,Local,FAQ,2386,2992,2708,147.39,26 Apr 2025
1944,Vellore,vellore_vaniyambadi,Onion,Local,FAQ,2755,3539,3127,63.91,26 Apr 2025
1945,Vellore,vellore_arakkonam,Onion,Local,FAQ,2174,2596,2422,230.8,26 Apr 2026
1946,Vellore,vellore_gudiyatham,Onion,Local,FAQ,2219,2776,2531,133.49,26 Apr 2026
1947,Vellore,vellore_market,Onion,Local,FAQ,2391,2900,2592,135.12,26 Apr 2026
1948,Vellore,vellore_vaniyambadi,Onion,Local,FAQ,2297,2746,2513,111.21,26 Apr 2026
1949,Vellore,vellore_arakkonam,Onion,Local,FAQ,1561,1998,1776,134.34,26 Aug 2025
1950,Vellore,vellore_gudiyatham,Onion,Local,FAQ,1397,1762,1622,117.67,26 Aug 2025
1951,Vellore,vellore_market,Onion,Local,FAQ,1545,1859,1702,129.38,26 Aug 2025
1952,Vellore,vellore_vaniyambadi,Onion,Local,FAQ,1767,2137,1906,89.26,26 Aug 2025
1953,Vellore,vellore_arakkonam,Onion,Local,FAQ,2512,3157,2817,187.8,26 Dec 2025
1954,Vellore,vellore_gudiyatham,Onion,Local,FAQ,2124,2648,2455,166.24,26 Dec 2025
1955,Vellore,vellore_market,Onion,Local,FAQ,2235,2783,2573,192.8,26 Dec 2025
1956,Vellore,vellore_vaniyambadi,Onion,Local,FAQ,1884,2291,2044,166.63,26 Dec 2025
1957,Vellore,vellore_arakkonam,Onion,Local,FAQ,2789,3584,3147,151.94,26 Feb 2025
1958,Vellore,vellore_gudiyatham,Onion,Local,FAQ,2279,2788,2454,204.51,26 Feb 2025
1959,Vellore,vellore_market,Onion,Local,FAQ,2304,2960,2627,260.8,26 Feb 2025
1960,Vellore,vellore_vaniyambadi,Onion,Local,FAQ,2196,2796,2513,177.17,26 Feb 2025
1961,Vellore,vellore_arakkonam,Onion,Local,FAQ,2708,3507,3060,179.33,26 Feb 2026
1962,Vellore,vellore_gudiyatham,Onion,Local,FAQ,2255,2790,2496,227.04,26 Feb 2026
1963,Vellore,vellore_market,Onion,Local,FAQ,1990,2616,2301,289.68,26 Feb 2026
1964,Vellore,vellore_vaniyambadi,Onion,Local,FAQ,2788,3470,3085,116.91,26 Feb 2026
1965,Vellore,vellore_arakkonam,Onion,Local,FAQ,2457,2934,2733,206.07,26 Jan 2025
1966,Vellore,vellore_gudiyatham,Onion,Local,FAQ,2331,2779,2575,166.04,26 Jan 2025
1967,Vellore,vellore_market,Onion,Local,FAQ,1935,2466,2238,325.3,26 Jan 2025
1968,Vellore,vellore_vaniyambadi,Onion,Local,FAQ,1976,2467,2280,177.23,26 Jan 2025
1969,Vellore,vellore_arakkonam,Onion,Local,FAQ,1859,2279,2005,303.05,26 Jan 2026
1970,Vellore,vellore_gudiyatham,Onion,Local,FAQ,2522,2931,2713,160.01,26 Jan 2026
1971,Vellore,vellore_market,Onion,Local,FAQ,2024,2581,2326,225.0,26 Jan 2026
1972,Vellore,vellore_vaniyambadi,Onion,Local,FAQ,2809,3570,3138,114.08,26 Jan 2026
1973,Vellore,vellore_arakkonam,Onion,Local,FAQ,1743,2182,2011,143.52,26 Jul 2025
1974,Vellore,vellore_gudiyatham,Onion,Local,FAQ,1909,2486,2195,73.64,26 Jul 2025
1975,Vellore,vellore_market,Onion,Local,FAQ,1428,1775,1545,131.13,26 Jul 2025
1976,Vellore,vellore_vaniyambadi,Onion,Local,FAQ,1686,2109,1879,90.85,26 Jul 2025
1977,Vellore,vellore_arakkonam,Onion,Local,FAQ,1757,2324,2029,107.54,26 Jul 2026
1978,Vellore,vellore_gudiyatham,Onion,Local,FAQ,1797,2208,2044,87.6,26 Jul 2026
1979,Vellore,vellore_market,Onion,Local,FAQ,1665,2031,1833,101.17,26 Jul 2026
1980,Vellore,vellore_vaniyambadi,Onion,Local,FAQ,1789,2072,1932,112.03,26 Jul 2026
1981,Vellore,vellore_arakkonam,Onion,Local,FAQ,2251,2654,2441,100.63,26 Jun 2025
1982,Vellore,vellore_gudiyatham,Onion,Local,FAQ,2000,2517,2308,74.34,26 Jun 2025
1983,Vellore,vellore_market,Onion,Local,FAQ,2217,2704,2399,85.96,26 Jun 2025
1984,Vellore,vellore_vaniyambadi,Onion,Local,FAQ,1806,2316,2032,89.15,26 Jun 2025
1985,Vellore,vellore_arakkonam,Onion,Local,FAQ,1653,2176,1905,163.68,26 Jun 2026
1986,Vellore,vellore_gudiyatham,Onion,Local,FAQ,2148,2602,2395,85.02,26 Jun 2026
1987,Vellore,vellore_market,Onion,Local,FAQ,1825,2262,2037,138.62,26 Jun 2026
1988,Vellore,vellore_vaniyambadi,Onion,Local,FAQ,1666,1978,1825,122.99,26 Jun 2026
1989,Vellore,vellore_arakkonam,Onion,Local,FAQ,2391,2973,2744,207.36,26 Mar 2025
1990,Vellore,vellore_gudiyatham,Onion,Local,FAQ,2469,3110,2823,145.83,26 Mar 2025
1991,Vellore,vellore_market,Onion,Local,FAQ,2561,3259,2978,137.16,26 Mar 2025
1992,Vellore,vellore_vaniyambadi,Onion,Local,FAQ,2080,2638,2363,164.66,26 Mar 2025
1993,Vellore,vellore_arakkonam,Onion,Local,FAQ,2586,3176,2920,169.14,26 Mar 2026
1994,Vellore,vellore_gudiyatham,Onion,Local,FAQ,2528,3102,2898,120.32,26 Mar 2026
1995,Vellore,vellore_market,Onion,Local,FAQ,2323,2802,2540,177.01,26 Mar 2026
1996,Vellore,vellore_vaniyambadi,Onion,Local,FAQ,2048,2493,2273,173.18,26 Mar 2026
1997,Vellore,vellore_arakkonam,Onion,Local,FAQ,2398,2800,2614,111.64,26 May 2025
1998,Vellore,vellore_gudiyatham,Onion,Local,FAQ,2489,3055,2705,89.77,26 May 2025
1999,Vellore,vellore_market,Onion,Local,FAQ,1824,2147,1986,164.1,26 May 2025
2000,Vellore,vellore_vaniyambadi,Onion,Local,FAQ,2015,2567,2320,107.94,26 May 2025
2001,Vellore,vellore_arakkonam,Onion,Local,FAQ,1926,2434,2180,181.22,26 May 2026
2002,Vellore,vellore_gudiyatham,Onion,Local,FAQ,2090,2572,2288,128.96,26 May 2026
2003,Vellore,vellore_market,Onion,Local,FAQ,1826,2163,2010,191.02,26 May 2026
2004,Vellore,vellore_vaniyambadi,Onion,Local,FAQ,2222,2721,2538,95.62,26 May 2026
2005,Vellore,vellore_arakkonam,Onion,Local,FAQ,1933,2280,2085,199.17,26 Nov 2025
2006,Vellore,vellore_gudiyatham,Onion,Local,FAQ,1974,2533,2286,134.04,26 Nov 2025
2007,Vellore,vellore_market,Onion,Local,FAQ,1585,1964,1810,269.55,26 Nov 2025
2008,Vellore,vellore_vaniyambadi,Onion,Local,FAQ,1913,2485,2214,128.87,26 Nov 2025
2009,Vellore,vellore_arakkonam,Onion,Local,FAQ,1583,1974,1753,185.13,26 Oct 2025
2010,Vellore,vellore_gudiyatham,Onion,Local,FAQ,1883,2233,2056,146.73,26 Oct 2025
2011,Vellore,vellore_market,Onion,Local,FAQ,1766,2225,1984,147.95,26 Oct 2025
2012,Vellore,vellore_vaniyambadi,Onion,Local,FAQ,1823,2231,1983,101.54,26 Oct 2025
2013,Vellore,vellore_arakkonam,Onion,Local,FAQ,1534,1932,1774,134.19,26 Sep 2025
2014,Vellore,vellore_gudiyatham,Onion,Local,FAQ,1677,2031,1855,95.3,26 Sep 2025
2015,Vellore,vellore_market,Onion,Local,FAQ,1294,1567,1440,167.85,26 Sep 2025
2016,Vellore,vellore_vaniyambadi,Onion,Local,FAQ,1627,1907,1759,102.05,26 Sep 2025
2017,Vellore,vellore_arakkonam,Onion,Local,FAQ,2229,2860,2591,127.15,27 Apr 2025
2018,Vellore,vellore_gudiyatham,Onion,Local,FAQ,2231,2714,2516,134.34,27 Apr 2025
2019,Vellore,vellore_market,Onion,Local,FAQ,2235,2759,2422,182.53,27 Apr 2025
2020,Vellore,vellore_vaniyambadi,Onion,Local,FAQ,2426,2866,2642,102.64,27 Apr 2025
2021,Vellore,vellore_arakkonam,Onion,Local,FAQ,2967,3607,3192,111.88,27 Apr 2026
2022,Vellore,vellore_gudiyatham,Onion,Local,FAQ,2443,3082,2818,114.17,27 Apr 2026
2023,Vellore,vellore_market,Onion,Local,FAQ,2364,2823,2572,144.17,27 Apr 2026
2024,Vellore,vellore_vaniyambadi,Onion,Local,FAQ,2654,3246,2861,74.77,27 Apr 2026
2025,Vellore,vellore_arakkonam,Onion,Local,FAQ,1431,1874,1652,147.91,27 Aug 2025
2026,Vellore,vellore_gudiyatham,Onion,Local,FAQ,1882,2420,2179,59.95,27 Aug 2025
2027,Vellore,vellore_market,Onion,Local,FAQ,1454,1712,1575,152.62,27 Aug 2025
2028,Vellore,vellore_vaniyambadi,Onion,Local,FAQ,1785,2259,1991,75.24,27 Aug 2025
2029,Vellore,vellore_arakkonam,Onion,Local,FAQ,2588,3212,2816,196.98,27 Dec 2025
2030,Vellore,vellore_gudiyatham,Onion,Local,FAQ,2068,2679,2386,171.54,27 Dec 2025
2031,Vellore,vellore_market,Onion,Local,FAQ,2258,2730,2480,207.73,27 Dec 2025
2032,Vellore,vellore_vaniyambadi,Onion,Local,FAQ,2342,2881,2663,101.8,27 Dec 2025
2033,Vellore,vellore_arakkonam,Onion,Local,FAQ,2745,3378,3018,159.09,27 Feb 2025
2034,Vellore,vellore_gudiyatham,Onion,Local,FAQ,2595,3202,2879,138.38,27 Feb 2025
2035,Vellore,vellore_market,Onion,Local,FAQ,2305,2824,2634,234.21,27 Feb 2025
2036,Vellore,vellore_vaniyambadi,Onion,Local,FAQ,2807,3504,3058,118.22,27 Feb 2025
2037,Vellore,vellore_arakkonam,Onion,Local,FAQ,2162,2771,2437,300.08,27 Feb 2026
2038,Vellore,vellore_gudiyatham,Onion,Local,FAQ,2646,3314,3050,140.22,27 Feb 2026
2039,Vellore,vellore_market,Onion,Local,FAQ,2032,2551,2285,272.43,27 Feb 2026
2040,Vellore,vellore_vaniyambadi,Onion,Local,FAQ,2413,3110,2774,151.48,27 Feb 2026
2041,Vellore,vellore_arakkonam,Onion,Local,FAQ,2294,2843,2484,244.77,27 Jan 2025
2042,Vellore,vellore_gudiyatham,Onion,Local,FAQ,2318,3078,2686,156.63,27 Jan 2025
2043,Vellore,vellore_market,Onion,Local,FAQ,2746,3475,3114,152.59,27 Jan 2025
2044,Vellore,vellore_vaniyambadi,Onion,Local,FAQ,2377,2997,2737,121.86,27 Jan 2025
2045,Vellore,vellore_arakkonam,Onion,Local,FAQ,2014,2450,2181,257.27,27 Jan 2026
2046,Vellore,vellore_gudiyatham,Onion,Local,FAQ,2467,3067,2736,158.86,27 Jan 2026
2047,Vellore,vellore_market,Onion,Local,FAQ,2122,2762,2460,197.79,27 Jan 2026
2048,Vellore,vellore_vaniyambadi,Onion,Local,FAQ,2820,3525,3116,117.22,27 Jan 2026
2049,Vellore,vellore_arakkonam,Onion,Local,FAQ,2064,2509,2239,107.76,27 Jul 2025
2050,Vellore,vellore_gudiyatham,Onion,Local,FAQ,1918,2417,2122,78.85,27 Jul 2025
2051,Vellore,vellore_market,Onion,Local,FAQ,1680,2158,1901,91.58,27 Jul 2025
2052,Vellore,vellore_vaniyambadi,Onion,Local,FAQ,1681,1994,1816,79.13,27 Jul 2025
2053,Vellore,vellore_arakkonam,Onion,Local,FAQ,1766,2140,1979,119.5,27 Jul 2026
2054,Vellore,vellore_gudiyatham,Onion,Local,FAQ,2145,2566,2312,59.86,27 Jul 2026
2055,Vellore,vellore_market,Onion,Local,FAQ,1620,2076,1852,117.91,27 Jul 2026
2056,Vellore,vellore_vaniyambadi,Onion,Local,FAQ,1687,2223,1943,101.03,27 Jul 2026
2057,Vellore,vellore_arakkonam,Onion,Local,FAQ,2089,2697,2418,109.41,27 Jun 2025
2058,Vellore,vellore_gudiyatham,Onion,Local,FAQ,1899,2428,2148,89.08,27 Jun 2025
2059,Vellore,vellore_market,Onion,Local,FAQ,1909,2383,2100,131.43,27 Jun 2025
2060,Vellore,vellore_vaniyambadi,Onion,Local,FAQ,1640,2124,1900,97.67,27 Jun 2025
2061,Vellore,vellore_arakkonam,Onion,Local,FAQ,2029,2540,2212,109.29,27 Jun 2026
2062,Vellore,vellore_gudiyatham,Onion,Local,FAQ,2063,2449,2276,96.41,27 Jun 2026
2063,Vellore,vellore_market,Onion,Local,FAQ,2235,2724,2404,96.1,27 Jun 2026
2064,Vellore,vellore_vaniyambadi,Onion,Local,FAQ,1729,2181,1933,109.37,27 Jun 2026
2065,Vellore,vellore_arakkonam,Onion,Local,FAQ,2661,3361,2978,155.23,27 Mar 2025
2066,Vellore,vellore_gudiyatham,Onion,Local,FAQ,2495,3102,2788,148.49,27 Mar 2025
2067,Vellore,vellore_market,Onion,Local,FAQ,2134,2612,2399,239.76,27 Mar 2025
2068,Vellore,vellore_vaniyambadi,Onion,Local,FAQ,1935,2508,2217,183.64,27 Mar 2025
2069,Vellore,vellore_arakkonam,Onion,Local,FAQ,2237,2739,2411,272.89,27 Mar 2026
2070,Vellore,vellore_gudiyatham,Onion,Local,FAQ,2260,2804,2510,172.19,27 Mar 2026
2071,Vellore,vellore_market,Onion,Local,FAQ,2458,3013,2678,150.01,27 Mar 2026
2072,Vellore,vellore_vaniyambadi,Onion,Local,FAQ,2233,2737,2437,141.34,27 Mar 2026
2073,Vellore,vellore_arakkonam,Onion,Local,FAQ,2244,2817,2503,132.78,27 May 2025
2074,Vellore,vellore_gudiyatham,Onion,Local,FAQ,2118,2522,2300,117.08,27 May 2025
2075,Vellore,vellore_market,Onion,Local,FAQ,2009,2522,2296,121.32,27 May 2025
2076,Vellore,vellore_vaniyambadi,Onion,Local,FAQ,1851,2330,2052,148.47,27 May 2025
2077,Vellore,vellore_arakkonam,Onion,Local,FAQ,2034,2461,2277,153.88,27 May 2026
2078,Vellore,vellore_gudiyatham,Onion,Local,FAQ,2465,3031,2697,78.3,27 May 2026
2079,Vellore,vellore_market,Onion,Local,FAQ,1876,2410,2152,141.77,27 May 2026
2080,Vellore,vellore_vaniyambadi,Onion,Local,FAQ,1997,2495,2227,113.62,27 May 2026
2081,Vellore,vellore_arakkonam,Onion,Local,FAQ,1937,2486,2195,196.94,27 Nov 2025
2082,Vellore,vellore_gudiyatham,Onion,Local,FAQ,2152,2535,2315,122.22,27 Nov 2025
2083,Vellore,vellore_market,Onion,Local,FAQ,1754,2290,2024,178.02,27 Nov 2025
2084,Vellore,vellore_vaniyambadi,Onion,Local,FAQ,2292,2714,2484,98.17,27 Nov 2025
2085,Vellore,vellore_arakkonam,Onion,Local,FAQ,1768,2163,2003,156.89,27 Oct 2025
2086,Vellore,vellore_gudiyatham,Onion,Local,FAQ,1749,2232,2003,164.02,27 Oct 2025
2087,Vellore,vellore_market,Onion,Local,FAQ,1798,2199,2010,142.75,27 Oct 2025
2088,Vellore,vellore_vaniyambadi,Onion,Local,FAQ,1910,2322,2120,96.73,27 Oct 2025
2089,Vellore,vellore_arakkonam,Onion,Local,FAQ,1448,1785,1583,179.91,27 Sep 2025
2090,Vellore,vellore_gudiyatham,Onion,Local,FAQ,1469,1912,1700,128.09,27 Sep 2025
2091,Vellore,vellore_market,Onion,Local,FAQ,1518,1834,1669,115.91,27 Sep 2025
2092,Vellore,vellore_vaniyambadi,Onion,Local,FAQ,1484,1898,1672,111.79,27 Sep 2025
2093,Vellore,vellore_arakkonam,Onion,Local,FAQ,2039,2571,2319,180.59,28 Apr 2025
2094,Vellore,vellore_gudiyatham,Onion,Local,FAQ,2244,2975,2604,132.43,28 Apr 2025
2095,Vellore,vellore_market,Onion,Local,FAQ,1928,2265,2084,235.81,28 Apr 2025
2096,Vellore,vellore_vaniyambadi,Onion,Local,FAQ,1969,2467,2238,149.71,28 Apr 2025
2097,Vellore,vellore_arakkonam,Onion,Local,FAQ,2999,3542,3289,102.23,28 Apr 2026
2098,Vellore,vellore_gudiyatham,Onion,Local,FAQ,2343,3006,2656,120.53,28 Apr 2026
2099,Vellore,vellore_market,Onion,Local,FAQ,2450,3105,2776,133.21,28 Apr 2026
2100,Vellore,vellore_vaniyambadi,Onion,Local,FAQ,2175,2679,2502,97.22,28 Apr 2026
2101,Vellore,vellore_arakkonam,Onion,Local,FAQ,1681,2096,1834,129.19,28 Aug 2025
2102,Vellore,vellore_gudiyatham,Onion,Local,FAQ,1582,1839,1716,116.63,28 Aug 2025
2103,Vellore,vellore_market,Onion,Local,FAQ,1440,1795,1567,153.18,28 Aug 2025
2104,Vellore,vellore_vaniyambadi,Onion,Local,FAQ,1838,2226,2017,67.67,28 Aug 2025
2105,Vellore,vellore_arakkonam,Onion,Local,FAQ,2543,3229,2859,190.33,28 Dec 2025
2106,Vellore,vellore_gudiyatham,Onion,Local,FAQ,2086,2570,2260,200.24,28 Dec 2025
2107,Vellore,vellore_market,Onion,Local,FAQ,2556,3155,2837,163.2,28 Dec 2025
2108,Vellore,vellore_vaniyambadi,Onion,Local,FAQ,2131,2637,2379,152.59,28 Dec 2025
2109,Vellore,vellore_arakkonam,Onion,Local,FAQ,2181,2579,2356,255.66,28 Feb 2025
2110,Vellore,vellore_gudiyatham,Onion,Local,FAQ,2541,3047,2734,162.3,28 Feb 2025
2111,Vellore,vellore_market,Onion,Local,FAQ,2061,2611,2338,285.39,28 Feb 2025
2112,Vellore,vellore_vaniyambadi,Onion,Local,FAQ,2486,3085,2795,131.18,28 Feb 2025
2113,Vellore,vellore_arakkonam,Onion,Local,FAQ,2631,3171,2865,188.86,28 Feb 2026
2114,Vellore,vellore_gudiyatham,Onion,Local,FAQ,2938,3477,3178,112.98,28 Feb 2026
2115,Vellore,vellore_market,Onion,Local,FAQ,2449,3078,2709,182.29,28 Feb 2026
2116,Vellore,vellore_vaniyambadi,Onion,Local,FAQ,2467,2948,2660,160.08,28 Feb 2026
2117,Vellore,vellore_arakkonam,Onion,Local,FAQ,2116,2666,2418,270.51,28 Jan 2025
2118,Vellore,vellore_gudiyatham,Onion,Local,FAQ,2483,2908,2687,169.23,28 Jan 2025
2119,Vellore,vellore_market,Onion,Local,FAQ,2163,2637,2419,243.25,28 Jan 2025
2120,Vellore,vellore_vaniyambadi,Onion,Local,FAQ,2316,2951,2588,136.07,28 Jan 2025
2121,Vellore,vellore_arakkonam,Onion,Local,FAQ,1902,2346,2188,247.18,28 Jan 2026
2122,Vellore,vellore_gudiyatham,Onion,Local,FAQ,2452,3028,2690,174.68,28 Jan 2026
2123,Vellore,vellore_market,Onion,Local,FAQ,1987,2476,2225,261.38,28 Jan 2026
2124,Vellore,vellore_vaniyambadi,Onion,Local,FAQ,2329,2837,2549,178.47,28 Jan 2026
2125,Vellore,vellore_arakkonam,Onion,Local,FAQ,1682,2035,1895,163.44,28 Jul 2025
2126,Vellore,vellore_gudiyatham,Onion,Local,FAQ,1605,1892,1767,116.5,28 Jul 2025
2127,Vellore,vellore_market,Onion,Local,FAQ,1483,1791,1620,134.18,28 Jul 2025
2128,Vellore,vellore_vaniyambadi,Onion,Local,FAQ,1534,1854,1685,93.14,28 Jul 2025
2129,Vellore,vellore_arakkonam,Onion,Local,FAQ,1680,2084,1901,128.56,28 Jul 2026
2130,Vellore,vellore_gudiyatham,Onion,Local,FAQ,1587,2046,1793,108.84,28 Jul 2026
2131,Vellore,vellore_market,Onion,Local,FAQ,1776,2142,1950,116.94,28 Jul 2026
2132,Vellore,vellore_vaniyambadi,Onion,Local,FAQ,1765,2210,2018,90.4,28 Jul 2026
2133,Vellore,vellore_arakkonam,Onion,Local,FAQ,1923,2248,2094,139.17,28 Jun 2025
2134,Vellore,vellore_gudiyatham,Onion,Local,FAQ,1598,1946,1779,132.74,28 Jun 2025
2135,Vellore,vellore_market,Onion,Local,FAQ,1710,2186,1971,154.71,28 Jun 2025
2136,Vellore,vellore_vaniyambadi,Onion,Local,FAQ,2117,2540,2355,60.22,28 Jun 2025
2137,Vellore,vellore_arakkonam,Onion,Local,FAQ,1625,1975,1816,176.67,28 Jun 2026
2138,Vellore,vellore_gudiyatham,Onion,Local,FAQ,1769,2317,2050,127.06,28 Jun 2026
2139,Vellore,vellore_market,Onion,Local,FAQ,1868,2332,2132,110.72,28 Jun 2026
2140,Vellore,vellore_vaniyambadi,Onion,Local,FAQ,2073,2704,2388,61.62,28 Jun 2026
2141,Vellore,vellore_arakkonam,Onion,Local,FAQ,2122,2513,2311,292.11,28 Mar 2025
2142,Vellore,vellore_gudiyatham,Onion,Local,FAQ,2442,3085,2818,141.22,28 Mar 2025
2143,Vellore,vellore_market,Onion,Local,FAQ,2743,3407,3070,141.74,28 Mar 2025
2144,Vellore,vellore_vaniyambadi,Onion,Local,FAQ,2431,3007,2746,112.65,28 Mar 2025
2145,Vellore,vellore_arakkonam,Onion,Local,FAQ,2119,2596,2417,264.25,28 Mar 2026
2146,Vellore,vellore_gudiyatham,Onion,Local,FAQ,2374,2981,2724,138.22,28 Mar 2026
2147,Vellore,vellore_market,Onion,Local,FAQ,2049,2557,2242,218.67,28 Mar 2026
2148,Vellore,vellore_vaniyambadi,Onion,Local,FAQ,1923,2442,2197,172.15,28 Mar 2026
2149,Vellore,vellore_arakkonam,Onion,Local,FAQ,2522,3323,2905,93.2,28 May 2025
2150,Vellore,vellore_gudiyatham,Onion,Local,FAQ,2103,2549,2285,119.67,28 May 2025
2151,Vellore,vellore_market,Onion,Local,FAQ,1978,2328,2169,141.36,28 May 2025
2152,Vellore,vellore_vaniyambadi,Onion,Local,FAQ,2080,2534,2287,110.93,28 May 2025
2153,Vellore,vellore_arakkonam,Onion,Local,FAQ,1980,2451,2152,183.27,28 May 2026
2154,Vellore,vellore_gudiyatham,Onion,Local,FAQ,1835,2371,2079,147.47,28 May 2026
2155,Vellore,vellore_market,Onion,Local,FAQ,2308,2759,2546,91.15,28 May 2026
2156,Vellore,vellore_vaniyambadi,Onion,Local,FAQ,2074,2698,2347,94.36,28 May 2026
2157,Vellore,vellore_arakkonam,Onion,Local,FAQ,1880,2311,2156,192.21,28 Nov 2025
2158,Vellore,vellore_gudiyatham,Onion,Local,FAQ,1697,2134,1933,176.67,28 Nov 2025
2159,Vellore,vellore_market,Onion,Local,FAQ,1754,2120,1893,212.97,28 Nov 2025
2160,Vellore,vellore_vaniyambadi,Onion,Local,FAQ,1866,2202,2031,159.34,28 Nov 2025
2161,Vellore,vellore_arakkonam,Onion,Local,FAQ,1797,2221,2026,134.6,28 Oct 2025
2162,Vellore,vellore_gudiyatham,Onion,Local,FAQ,1960,2486,2177,130.32,28 Oct 2025
2163,Vellore,vellore_market,Onion,Local,FAQ,1923,2427,2147,127.87,28 Oct 2025
2164,Vellore,vellore_vaniyambadi,Onion,Local,FAQ,1778,2108,1921,119.82,28 Oct 2025
2165,Vellore,vellore_arakkonam,Onion,Local,FAQ,1730,2121,1903,126.06,28 Sep 2025
2166,Vellore,vellore_gudiyatham,Onion,Local,FAQ,1637,2004,1762,128.09,28 Sep 2025
2167,Vellore,vellore_market,Onion,Local,FAQ,1284,1559,1443,174.05,28 Sep 2025
2168,Vellore,vellore_vaniyambadi,Onion,Local,FAQ,1673,2101,1874,84.51,28 Sep 2025
2169,Vellore,vellore_arakkonam,Onion,Local,FAQ,1867,2318,2097,202.81,29 Apr 2025
2170,Vellore,vellore_gudiyatham,Onion,Local,FAQ,1918,2422,2168,191.52,29 Apr 2025
2171,Vellore,vellore_market,Onion,Local,FAQ,2159,2582,2380,171.14,29 Apr 2025
2172,Vellore,vellore_vaniyambadi,Onion,Local,FAQ,2453,3078,2758,78.72,29 Apr 2025
2173,Vellore,vellore_arakkonam,Onion,Local,FAQ,2315,2727,2499,205.04,29 Apr 2026
2174,Vellore,vellore_gudiyatham,Onion,Local,FAQ,2377,3007,2751,109.14,29 Apr 2026
2175,Vellore,vellore_market,Onion,Local,FAQ,1908,2461,2187,241.3,29 Apr 2026
2176,Vellore,vellore_vaniyambadi,Onion,Local,FAQ,2121,2765,2466,102.42,29 Apr 2026
2177,Vellore,vellore_arakkonam,Onion,Local,FAQ,1489,1829,1609,164.54,29 Aug 2025
2178,Vellore,vellore_gudiyatham,Onion,Local,FAQ,1480,1905,1718,113.45,29 Aug 2025
2179,Vellore,vellore_market,Onion,Local,FAQ,1714,2124,1866,92.02,29 Aug 2025
2180,Vellore,vellore_vaniyambadi,Onion,Local,FAQ,1852,2165,2011,70.54,29 Aug 2025
2181,Vellore,vellore_arakkonam,Onion,Local,FAQ,2182,2601,2413,257.48,29 Dec 2025
2182,Vellore,vellore_gudiyatham,Onion,Local,FAQ,2096,2704,2416,169.29,29 Dec 2025
2183,Vellore,vellore_market,Onion,Local,FAQ,2279,2821,2586,186.13,29 Dec 2025
2184,Vellore,vellore_vaniyambadi,Onion,Local,FAQ,2436,2908,2690,128.36,29 Dec 2025
2185,Vellore,vellore_arakkonam,Onion,Local,FAQ,2628,3334,2967,183.61,29 Jan 2025
2186,Vellore,vellore_gudiyatham,Onion,Local,FAQ,2921,3553,3169,111.56,29 Jan 2025
2187,Vellore,vellore_market,Onion,Local,FAQ,2316,2739,2540,217.43,29 Jan 2025
2188,Vellore,vellore_vaniyambadi,Onion,Local,FAQ,2305,2958,2656,131.55,29 Jan 2025
2189,Vellore,vellore_arakkonam,Onion,Local,FAQ,2026,2545,2335,227.08,29 Jan 2026
2190,Vellore,vellore_gudiyatham,Onion,Local,FAQ,2147,2770,2471,208.52,29 Jan 2026
2191,Vellore,vellore_market,Onion,Local,FAQ,2371,2847,2632,192.25,29 Jan 2026
2192,Vellore,vellore_vaniyambadi,Onion,Local,FAQ,2319,3021,2653,162.52,29 Jan 2026
2193,Vellore,vellore_arakkonam,Onion,Local,FAQ,1703,2098,1850,139.04,29 Jul 2025
2194,Vellore,vellore_gudiyatham,Onion,Local,FAQ,1996,2442,2229,62.05,29 Jul 2025
2195,Vellore,vellore_market,Onion,Local,FAQ,1551,1952,1701,125.51,29 Jul 2025
2196,Vellore,vellore_vaniyambadi,Onion,Local,FAQ,1823,2127,1976,65.09,29 Jul 2025
2197,Vellore,vellore_arakkonam,Onion,Local,FAQ,1854,2336,2088,109.67,29 Jul 2026
2198,Vellore,vellore_gudiyatham,Onion,Local,FAQ,1696,2019,1875,92.71,29 Jul 2026
2199,Vellore,vellore_market,Onion,Local,FAQ,1927,2430,2114,91.96,29 Jul 2026
2200,Vellore,vellore_vaniyambadi,Onion,Local,FAQ,1745,2116,1973,74.45,29 Jul 2026
2201,Vellore,vellore_arakkonam,Onion,Local,FAQ,1755,2100,1915,153.61,29 Jun 2025
2202,Vellore,vellore_gudiyatham,Onion,Local,FAQ,2057,2583,2313,74.52,29 Jun 2025
2203,Vellore,vellore_market,Onion,Local,FAQ,1793,2325,2070,141.89,29 Jun 2025
2204,Vellore,vellore_vaniyambadi,Onion,Local,FAQ,1733,2254,2010,85.45,29 Jun 2025
2205,Vellore,vellore_arakkonam,Onion,Local,FAQ,1823,2432,2117,122.01,29 Jun 2026
2206,Vellore,vellore_gudiyatham,Onion,Local,FAQ,2287,2773,2564,77.42,29 Jun 2026
2207,Vellore,vellore_market,Onion,Local,FAQ,1777,2132,1949,130.47,29 Jun 2026
2208,Vellore,vellore_vaniyambadi,Onion,Local,FAQ,1616,1975,1758,118.67,29 Jun 2026
2209,Vellore,vellore_arakkonam,Onion,Local,FAQ,3083,3854,3385,119.49,29 Mar 2025
2210,Vellore,vellore_gudiyatham,Onion,Local,FAQ,2035,2529,2264,213.57,29 Mar 2025
2211,Vellore,vellore_market,Onion,Local,FAQ,2455,3037,2818,164.38,29 Mar 2025
2212,Vellore,vellore_vaniyambadi,Onion,Local,FAQ,2218,2701,2511,148.11,29 Mar 2025
2213,Vellore,vellore_arakkonam,Onion,Local,FAQ,2391,3024,2664,181.08,29 Mar 2026
2214,Vellore,vellore_gudiyatham,Onion,Local,FAQ,2213,2746,2442,176.43,29 Mar 2026
2215,Vellore,vellore_market,Onion,Local,FAQ,2151,2637,2361,188.91,29 Mar 2026
2216,Vellore,vellore_vaniyambadi,Onion,Local,FAQ,2401,2984,2678,116.98,29 Mar 2026
2217,Vellore,vellore_arakkonam,Onion,Local,FAQ,2219,2790,2446,134.76,29 May 2025
2218,Vellore,vellore_gudiyatham,Onion,Local,FAQ,2004,2516,2218,132.44,29 May 2025
2219,Vellore,vellore_market,Onion,Local,FAQ,1799,2219,1995,164.15,29 May 2025
2220,Vellore,vellore_vaniyambadi,Onion,Local,FAQ,2318,2983,2641,85.45,29 May 2025
2221,Vellore,vellore_arakkonam,Onion,Local,FAQ,1877,2297,2058,184.14,29 May 2026
2222,Vellore,vellore_gudiyatham,Onion,Local,FAQ,2863,3572,3185,60.4,29 May 2026
2223,Vellore,vellore_market,Onion,Local,FAQ,2301,2774,2501,97.37,29 May 2026
2224,Vellore,vellore_vaniyambadi,Onion,Local,FAQ,2062,2584,2276,115.38,29 May 2026
2225,Vellore,vellore_arakkonam,Onion,Local,FAQ,2006,2563,2277,186.13,29 Nov 2025
2226,Vellore,vellore_gudiyatham,Onion,Local,FAQ,2053,2649,2375,109.5,29 Nov 2025
2227,Vellore,vellore_market,Onion,Local,FAQ,1673,2086,1864,216.88,29 Nov 2025
2228,Vellore,vellore_vaniyambadi,Onion,Local,FAQ,1907,2435,2181,123.09,29 Nov 2025
2229,Vellore,vellore_arakkonam,Onion,Local,FAQ,1897,2242,2069,132.37,29 Oct 2025
2230,Vellore,vellore_gudiyatham,Onion,Local,FAQ,2020,2460,2289,116.4,29 Oct 2025
2231,Vellore,vellore_market,Onion,Local,FAQ,1792,2147,1965,188.06,29 Oct 2025
2232,Vellore,vellore_vaniyambadi,Onion,Local,FAQ,2156,2625,2319,84.54,29 Oct 2025
2233,Vellore,vellore_arakkonam,Onion,Local,FAQ,1804,2184,2011,115.89,29 Sep 2025
2234,Vellore,vellore_gudiyatham,Onion,Local,FAQ,1598,1986,1843,114.99,29 Sep 2025
2235,Vellore,vellore_market,Onion,Local,FAQ,1439,1880,1673,128.15,29 Sep 2025
2236,Vellore,vellore_vaniyambadi,Onion,Local,FAQ,1778,2150,2001,79.22,29 Sep 2025
2237,Vellore,vellore_arakkonam,Onion,Local,FAQ,2421,2957,2696,112.5,30 Apr 2025
2238,Vellore,vellore_gudiyatham,Onion,Local,FAQ,2374,2904,2678,120.01,30 Apr 2025
2239,Vellore,vellore_market,Onion,Local,FAQ,2269,2829,2631,138.31,30 Apr 2025
2240,Vellore,vellore_vaniyambadi,Onion,Local,FAQ,2049,2410,2225,132.87,30 Apr 2025
2241,Vellore,vellore_arakkonam,Onion,Local,FAQ,2408,3102,2701,176.97,30 Apr 2026
2242,Vellore,vellore_gudiyatham,Onion,Local,FAQ,2401,2871,2593,110.62,30 Apr 2026
2243,Vellore,vellore_market,Onion,Local,FAQ,2139,2644,2405,188.68,30 Apr 2026
2244,Vellore,vellore_vaniyambadi,Onion,Local,FAQ,1749,2168,1902,214.67,30 Apr 2026
2245,Vellore,vellore_arakkonam,Onion,Local,FAQ,1682,1995,1832,122.13,30 Aug 2025
2246,Vellore,vellore_gudiyatham,Onion,Local,FAQ,1929,2432,2122,71.81,30 Aug 2025
2247,Vellore,vellore_market,Onion,Local,FAQ,1436,1902,1667,132.77,30 Aug 2025
2248,Vellore,vellore_vaniyambadi,Onion,Local,FAQ,1406,1857,1622,119.5,30 Aug 2025
2249,Vellore,vellore_arakkonam,Onion,Local,FAQ,2443,2977,2634,207.95,30 Dec 2025
2250,Vellore,vellore_gudiyatham,Onion,Local,FAQ,2254,2649,2466,163.69,30 Dec 2025
2251,Vellore,vellore_market,Onion,Local,FAQ,1760,2240,1976,342.95,30 Dec 2025
2252,Vellore,vellore_vaniyambadi,Onion,Local,FAQ,2162,2708,2461,150.51,30 Dec 2025
2253,Vellore,vellore_arakkonam,Onion,Local,FAQ,2923,3833,3363,145.64,30 Jan 2025
2254,Vellore,vellore_gudiyatham,Onion,Local,FAQ,2436,3092,2822,150.95,30 Jan 2025
2255,Vellore,vellore_market,Onion,Local,FAQ,2296,2935,2556,210.8,30 Jan 2025
2256,Vellore,vellore_vaniyambadi,Onion,Local,FAQ,2738,3500,3151,83.9,30 Jan 2025
2257,Vellore,vellore_arakkonam,Onion,Local,FAQ,2413,2973,2696,186.96,30 Jan 2026
2258,Vellore,vellore_gudiyatham,Onion,Local,FAQ,2422,3060,2717,162.31,30 Jan 2026
2259,Vellore,vellore_market,Onion,Local,FAQ,2369,2996,2625,181.65,30 Jan 2026
2260,Vellore,vellore_vaniyambadi,Onion,Local,FAQ,2430,3113,2814,136.87,30 Jan 2026
2261,Vellore,vellore_arakkonam,Onion,Local,FAQ,1782,2216,2011,101.1,30 Jul 2025
2262,Vellore,vellore_gudiyatham,Onion,Local,FAQ,1677,1995,1857,101.42,30 Jul 2025
2263,Vellore,vellore_market,Onion,Local,FAQ,1507,1928,1742,123.3,30 Jul 2025
2264,Vellore,vellore_vaniyambadi,Onion,Local,FAQ,1510,1822,1689,101.07,30 Jul 2025
2265,Vellore,vellore_arakkonam,Onion,Local,FAQ,1816,2329,2044,126.59,30 Jul 2026
2266,Vellore,vellore_gudiyatham,Onion,Local,FAQ,1514,1968,1721,112.22,30 Jul 2026
2267,Vellore,vellore_market,Onion,Local,FAQ,1640,1914,1779,128.52,30 Jul 2026
2268,Vellore,vellore_vaniyambadi,Onion,Local,FAQ,1850,2154,2004,74.33,30 Jul 2026
2269,Vellore,vellore_arakkonam,Onion,Local,FAQ,1593,1988,1803,176.85,30 Jun 2025
2270,Vellore,vellore_gudiyatham,Onion,Local,FAQ,2194,2648,2403,78.35,30 Jun 2025
2271,Vellore,vellore_market,Onion,Local,FAQ,2026,2543,2222,124.76,30 Jun 2025
2272,Vellore,vellore_vaniyambadi,Onion,Local,FAQ,1684,2195,1912,93.62,30 Jun 2025
2273,Vellore,vellore_arakkonam,Onion,Local,FAQ,1938,2413,2147,111.83,30 Jun 2026
2274,Vellore,vellore_gudiyatham,Onion,Local,FAQ,2077,2574,2367,88.11,30 Jun 2026
2275,Vellore,vellore_market,Onion,Local,FAQ,2019,2407,2220,109.58,30 Jun 2026
2276,Vellore,vellore_vaniyambadi,Onion,Local,FAQ,1642,2038,1876,105.08,30 Jun 2026
2277,Vellore,vellore_arakkonam,Onion,Local,FAQ,2452,3011,2746,213.69,30 Mar 2025
2278,Vellore,vellore_gudiyatham,Onion,Local,FAQ,2615,3275,2863,123.35,30 Mar 2025
2279,Vellore,vellore_market,Onion,Local,FAQ,2071,2640,2337,248.16,30 Mar 2025
2280,Vellore,vellore_vaniyambadi,Onion,Local,FAQ,2460,3244,2832,102.4,30 Mar 2025
2281,Vellore,vellore_arakkonam,Onion,Local,FAQ,2929,3448,3156,130.91,30 Mar 2026
2282,Vellore,vellore_gudiyatham,Onion,Local,FAQ,2189,2651,2469,150.07,30 Mar 2026
2283,Vellore,vellore_market,Onion,Local,FAQ,2107,2636,2310,200.7,30 Mar 2026
2284,Vellore,vellore_vaniyambadi,Onion,Local,FAQ,2514,3095,2738,119.76,30 Mar 2026
2285,Vellore,vellore_arakkonam,Onion,Local,FAQ,2483,3144,2749,109.34,30 May 2025
2286,Vellore,vellore_gudiyatham,Onion,Local,FAQ,1646,2030,1828,194.48,30 May 2025
2287,Vellore,vellore_market,Onion,Local,FAQ,1833,2290,2042,144.91,30 May 2025
2288,Vellore,vellore_vaniyambadi,Onion,Local,FAQ,2796,3505,3050,60.2,30 May 2025
2289,Vellore,vellore_arakkonam,Onion,Local,FAQ,1830,2254,2005,213.41,30 May 2026
2290,Vellore,vellore_gudiyatham,Onion,Local,FAQ,2400,2860,2650,99.7,30 May 2026
2291,Vellore,vellore_market,Onion,Local,FAQ,2020,2466,2206,138.34,30 May 2026
2292,Vellore,vellore_vaniyambadi,Onion,Local,FAQ,2028,2487,2312,108.35,30 May 2026
2293,Vellore,vellore_arakkonam,Onion,Local,FAQ,2421,3038,2721,126.8,30 Nov 2025
2294,Vellore,vellore_gudiyatham,Onion,Local,FAQ,1954,2449,2240,135.48,30 Nov 2025
2295,Vellore,vellore_market,Onion,Local,FAQ,1947,2466,2230,154.75,30 Nov 2025
2296,Vellore,vellore_vaniyambadi,Onion,Local,FAQ,1892,2332,2101,135.04,30 Nov 2025
2297,Vellore,vellore_arakkonam,Onion,Local,FAQ,1905,2279,2070,141.75,30 Oct 2025
2298,Vellore,vellore_gudiyatham,Onion,Local,FAQ,1694,2058,1905,176.15,30 Oct 2025
2299,Vellore,vellore_market,Onion,Local,FAQ,1960,2395,2155,136.67,30 Oct 2025
2300,Vellore,vellore_vaniyambadi,Onion,Local,FAQ,2162,2685,2373,86.14,30 Oct 2025
2301,Vellore,vellore_arakkonam,Onion,Local,FAQ,1552,1860,1713,171.43,30 Sep 2025
2302,Vellore,vellore_gudiyatham,Onion,Local,FAQ,1698,2081,1893,116.54,30 Sep 2025
2303,Vellore,vellore_market,Onion,Local,FAQ,1202,1448,1321,234.79,30 Sep 2025
2304,Vellore,vellore_vaniyambadi,Onion,Local,FAQ,1778,2108,1929,84.15,30 Sep 2025
2305,Vellore,vellore_arakkonam,Onion,Local,FAQ,1534,1891,1714,130.99,31 Aug 2025
2306,Vellore,vellore_gudiyatham,Onion,Local,FAQ,1907,2300,2136,62.27,31 Aug 2025
2307,Vellore,vellore_market,Onion,Local,FAQ,1622,2001,1773,106.79,31 Aug 2025
2308,Vellore,vellore_vaniyambadi,Onion,Local,FAQ,1623,2013,1810,91.63,31 Aug 2025
2309,Vellore,vellore_arakkonam,Onion,Local,FAQ,2324,2933,2689,201.61,31 Dec 2025
2310,Vellore,vellore_gudiyatham,Onion,Local,FAQ,2294,2823,2621,146.35,31 Dec 2025
2311,Vellore,vellore_market,Onion,Local,FAQ,2248,2826,2486,183.97,31 Dec 2025
2312,Vellore,vellore_vaniyambadi,Onion,Local,FAQ,2384,2881,2629,134.52,31 Dec 2025
2313,Vellore,vellore_arakkonam,Onion,Local,FAQ,2490,3176,2886,222.49,31 Jan 2025
2314,Vellore,vellore_gudiyatham,Onion,Local,FAQ,2405,2962,2632,166.22,31 Jan 2025
2315,Vellore,vellore_market,Onion,Local,FAQ,2280,2879,2509,205.13,31 Jan 2025
2316,Vellore,vellore_vaniyambadi,Onion,Local,FAQ,1930,2270,2118,222.25,31 Jan 2025
2317,Vellore,vellore_arakkonam,Onion,Local,FAQ,2568,3199,2904,164.85,31 Jan 2026
2318,Vellore,vellore_gudiyatham,Onion,Local,FAQ,2416,2997,2630,168.43,31 Jan 2026
2319,Vellore,vellore_market,Onion,Local,FAQ,2068,2600,2272,256.32,31 Jan 2026
2320,Vellore,vellore_vaniyambadi,Onion,Local,FAQ,2414,2943,2606,149.89,31 Jan 2026
2321,Vellore,vellore_arakkonam,Onion,Local,FAQ,1524,1860,1644,163.06,31 Jul 2025
2322,Vellore,vellore_gudiyatham,Onion,Local,FAQ,1490,1964,1722,109.73,31 Jul 2025
2323,Vellore,vellore_market,Onion,Local,FAQ,1536,1904,1735,113.21,31 Jul 2025
2324,Vellore,vellore_vaniyambadi,Onion,Local,FAQ,1645,2075,1821,79.88,31 Jul 2025
2325,Vellore,vellore_arakkonam,Onion,Local,FAQ,2057,2503,2242,92.16,31 Jul 2026
2326,Vellore,vellore_gudiyatham,Onion,Local,FAQ,1570,1890,1734,102.24,31 Jul 2026
2327,Vellore,vellore_market,Onion,Local,FAQ,1497,1753,1612,162.7,31 Jul 2026
2328,Vellore,vellore_vaniyambadi,Onion,Local,FAQ,1831,2200,2024,73.09,31 Jul 2026
2329,Vellore,vellore_arakkonam,Onion,Local,FAQ,2762,3434,3178,133.57,31 Mar 2025
2330,Vellore,vellore_gudiyatham,Onion,Local,FAQ,2295,2739,2469,184.03,31 Mar 2025
2331,Vellore,vellore_market,Onion,Local,FAQ,2607,3130,2843,137.18,31 Mar 2025
2332,Vellore,vellore_vaniyambadi,Onion,Local,FAQ,2221,2666,2404,153.88,31 Mar 2025
2333,Vellore,vellore_arakkonam,Onion,Local,FAQ,2680,3289,2888,157.23,31 Mar 2026
2334,Vellore,vellore_gudiyatham,Onion,Local,FAQ,2000,2575,2268,179.07,31 Mar 2026
2335,Vellore,vellore_market,Onion,Local,FAQ,2355,2761,2559,174.93,31 Mar 2026
2336,Vellore,vellore_vaniyambadi,Onion,Local,FAQ,2344,2969,2618,124.64,31 Mar 2026
2337,Vellore,vellore_arakkonam,Onion,Local,FAQ,2178,2728,2472,130.85,31 May 2025
2338,Vellore,vellore_gudiyatham,Onion,Local,FAQ,2115,2539,2293,103.66,31 May 2025
2339,Vellore,vellore_market,Onion,Local,FAQ,2176,2675,2384,101.04,31 May 2025
2340,Vellore,vellore_vaniyambadi,Onion,Local,FAQ,2859,3322,3083,54.25,31 May 2025
2341,Vellore,vellore_arakkonam,Onion,Local,FAQ,1907,2389,2096,194.99,31 May 2026
2342,Vellore,vellore_gudiyatham,Onion,Local,FAQ,2486,3112,2717,86.23,31 May 2026
2343,Vellore,vellore_market,Onion,Local,FAQ,2034,2366,2194,126.71,31 May 2026
2344,Vellore,vellore_vaniyambadi,Onion,Local,FAQ,1971,2532,2232,114.09,31 May 2026
2345,Vellore,vellore_arakkonam,Onion,Local,FAQ,1535,1994,1761,194.19,31 Oct 2025
2346,Vellore,vellore_gudiyatham,Onion,Local,FAQ,1870,2332,2031,160.29,31 Oct 2025
2347,Vellore,vellore_market,Onion,Local,FAQ,1714,2217,1940,163.83,31 Oct 2025
2348,Vellore,vellore_vaniyambadi,Onion,Local,FAQ,2116,2637,2332,84.98,31 Oct 2025
